ticker,cik,accession_number,filing_date,report_date,form_type,source,collected_at
AAPL,320193,0000320193-94-000002,1994-01-26,1993-12-31,10-Q,sec_edgar,2026-08-06 23:15:34.711786+00:00
AAPL,320193,0000320193-94-000013,1994-08-12,1994-07-01,10-Q,sec_edgar,2026-08-06 23:15:34.711786+00:00
AAPL,320193,0000320193-94-000016,1994-12-13,1994-09-30,10-K,sec_edgar,2026-08-06 23:15:34.711786+00:00
AAPL,320193,0000320193-95-000003,1995-02-09,1994-12-30,10-Q,sec_edgar,2026-08-06 23:15:34.711786+00:00
AAPL,320193,0000320193-95-000008,1995-05-15,1995-03-31,10-Q,sec_edgar,2026-08-06 23:15:34.711786+00:00
AAPL,320193,0000320193-95-000011,1995-08-11,1995-06-30,10-Q,sec_edgar,2026-08-06 23:15:34.711786+00:00
AAPL,320193,0000320193-95-000016,1995-12-19,1995-09-29,10-K,sec_edgar,2026-08-06 23:15:34.711786+00:00
AAPL,320193,0000320193-96-000002,1996-02-12,1995-12-29,10-Q,sec_edgar,2026-08-06 23:15:34.711786+00:00
AAPL,320193,0000320193-96-000006,1996-04-12,1996-04-10,8-K,sec_edgar,2026-08-06 23:15:34.711786+00:00
AAPL,320193,0000320193-96-000011,1996-05-13,1996-03-29,10-Q,sec_edgar,2026-08-06 23:15:34.711786+00:00
AAPL,320193,0000320193-96-000014,1996-06-17,1996-06-14,8-K,sec_edgar,2026-08-06 23:15:34.711786+00:00
AAPL,320193,0000320193-96-000018,1996-08-12,1996-06-28,10-Q,sec_edgar,2026-08-06 23:15:34.711786+00:00
AAPL,320193,0000912057-96-023874,1996-10-28,1996-10-28,8-K,sec_edgar,2026-08-06 23:15:34.711786+00:00
AAPL,320193,0000320193-96-000021,1996-12-13,1996-12-04,8-K,sec_edgar,2026-08-06 23:15:34.711786+00:00
AAPL,320193,0000320193-96-000023,1996-12-19,1996-09-27,10-K,sec_edgar,2026-08-06 23:15:34.711786+00:00
AAPL,320193,0000320193-96-000027,1996-12-24,1996-12-24,8-K,sec_edgar,2026-08-06 23:15:34.711786+00:00
AAPL,320193,0000320193-97-000002,1997-02-10,1996-12-27,10-Q,sec_edgar,2026-08-06 23:15:34.711786+00:00
AAPL,320193,0000320193-97-000007,1997-04-10,1997-04-10,8-K,sec_edgar,2026-08-06 23:15:34.711786+00:00
AAPL,320193,0000320193-97-000009,1997-04-25,1997-04-25,8-K,sec_edgar,2026-08-06 23:15:34.711786+00:00
AAPL,320193,0000320193-97-000011,1997-05-12,1997-03-28,10-Q,sec_edgar,2026-08-06 23:15:34.711786+00:00
AAPL,320193,0000320193-97-000012,1997-07-28,1997-07-28,8-K,sec_edgar,2026-08-06 23:15:34.711786+00:00
AAPL,320193,0000320193-97-000014,1997-08-11,1997-06-27,10-Q,sec_edgar,2026-08-06 23:15:34.711786+00:00
AAPL,320193,0000320193-97-000016,1997-09-05,1997-09-02,8-K,sec_edgar,2026-08-06 23:15:34.711786+00:00
AAPL,320193,0000320193-97-000019,1997-09-25,1997-09-24,8-K,sec_edgar,2026-08-06 23:15:34.711786+00:00
AAPL,320193,0000320193-97-000018,1997-09-25,1997-09-24,8-K,sec_edgar,2026-08-06 23:15:34.711786+00:00
AAPL,320193,0001047469-97-006960,1997-12-05,1997-09-26,10-K,sec_edgar,2026-08-06 23:15:34.711786+00:00
AAPL,320193,0000320193-98-000001,1998-01-08,1998-01-08,8-K,sec_edgar,2026-08-06 23:15:34.711786+00:00
AAPL,320193,0000320193-98-000003,1998-02-09,1997-12-26,10-Q,sec_edgar,2026-08-06 23:15:34.711786+00:00
AAPL,320193,0000320193-98-000006,1998-05-11,1998-03-27,10-Q,sec_edgar,2026-08-06 23:15:34.711786+00:00
AAPL,320193,0000320193-98-000008,1998-08-10,1998-06-26,10-Q,sec_edgar,2026-08-06 23:15:34.711786+00:00
AAPL,320193,0000320193-98-000010,1998-12-23,1998-12-23,8-K,sec_edgar,2026-08-06 23:15:34.711786+00:00
AAPL,320193,0000320193-99-000002,1999-02-08,1998-12-26,10-Q,sec_edgar,2026-08-06 23:15:34.711786+00:00
AAPL,320193,0000320193-99-000004,1999-05-11,1999-03-27,10-Q,sec_edgar,2026-08-06 23:15:34.711786+00:00
AAPL,320193,0000320193-99-000007,1999-07-16,1999-07-16,8-K,sec_edgar,2026-08-06 23:15:34.711786+00:00
AAPL,320193,0000320193-99-000009,1999-08-06,1999-06-26,10-Q,sec_edgar,2026-08-06 23:15:34.711786+00:00
AAPL,320193,0000320193-99-000010,1999-09-07,1999-09-03,8-K,sec_edgar,2026-08-06 23:15:34.711786+00:00
AAPL,320193,0000912057-99-010244,1999-12-22,1999-09-25,10-K,sec_edgar,2026-08-06 23:15:34.711786+00:00
AAPL,320193,0000912057-00-002128,2000-01-24,2000-01-19,8-K,sec_edgar,2026-08-06 23:15:34.711786+00:00
AAPL,320193,0000912057-00-003201,2000-02-01,2000-01-01,10-Q,sec_edgar,2026-08-06 23:15:34.711786+00:00
AAPL,320193,0000912057-00-023442,2000-05-11,2000-04-01,10-Q,sec_edgar,2026-08-06 23:15:34.711786+00:00
AAPL,320193,0000912057-00-033901,2000-07-31,2000-07-01,10-Q,sec_edgar,2026-08-06 23:15:34.711786+00:00
AAPL,320193,0000912057-00-053623,2000-12-14,2000-09-30,10-K,sec_edgar,2026-08-06 23:15:34.711786+00:00
AAPL,320193,0000912057-01-004642,2001-02-12,2000-12-30,10-Q,sec_edgar,2026-08-06 23:15:34.711786+00:00
AAPL,320193,0000912057-01-515409,2001-05-14,2001-03-31,10-Q,sec_edgar,2026-08-06 23:15:34.711786+00:00
AAPL,320193,0000912057-01-528148,2001-08-13,2001-06-30,10-Q,sec_edgar,2026-08-06 23:15:34.711786+00:00
AAPL,320193,0000912057-02-004945,2002-02-11,2001-12-29,10-Q,sec_edgar,2026-08-06 23:15:34.711786+00:00
AAPL,320193,0000912057-02-020280,2002-05-14,2002-03-30,10-Q,sec_edgar,2026-08-06 23:15:34.711786+00:00
AAPL,320193,0000912057-02-029692,2002-08-05,2002-08-01,8-K,sec_edgar,2026-08-06 23:15:34.711786+00:00
AAPL,320193,0000912057-02-030796,2002-08-09,2002-06-29,10-Q,sec_edgar,2026-08-06 23:15:34.711786+00:00
AAPL,320193,0000912057-02-031595,2002-08-13,2002-08-08,8-K,sec_edgar,2026-08-06 23:15:34.711786+00:00
AAPL,320193,0001047469-02-007674,2002-12-19,2002-09-28,10-K,sec_edgar,2026-08-06 23:15:34.711786+00:00
AAPL,320193,0001047469-03-004566,2003-02-10,2002-12-28,10-Q,sec_edgar,2026-08-06 23:15:34.711786+00:00
AAPL,320193,0001104659-03-004649,2003-03-21,2003-03-19,8-K,sec_edgar,2026-08-06 23:15:34.711786+00:00
AAPL,320193,0001047469-03-013617,2003-04-16,2003-04-16,8-K,sec_edgar,2026-08-06 23:15:34.711786+00:00
AAPL,320193,0001104659-03-009489,2003-05-13,2003-03-29,10-Q,sec_edgar,2026-08-06 23:15:34.711786+00:00
AAPL,320193,0001104659-03-014913,2003-07-16,2003-07-16,8-K,sec_edgar,2026-08-06 23:15:34.711786+00:00
AAPL,320193,0001104659-03-017766,2003-08-12,2003-06-28,10-Q,sec_edgar,2026-08-06 23:15:34.711786+00:00
AAPL,320193,0001104659-03-022879,2003-10-15,2003-10-15,8-K,sec_edgar,2026-08-06 23:15:34.711786+00:00
AAPL,320193,0001047469-03-041604,2003-12-19,2003-09-27,10-K,sec_edgar,2026-08-06 23:15:34.711786+00:00
AAPL,320193,0001104659-04-000896,2004-01-14,2004-01-14,8-K,sec_edgar,2026-08-06 23:15:34.711786+00:00
AAPL,320193,0001104659-04-003080,2004-02-10,2003-12-27,10-Q,sec_edgar,2026-08-06 23:15:34.711786+00:00
AAPL,320193,0001104659-04-010122,2004-04-14,2004-04-14,8-K,sec_edgar,2026-08-06 23:15:34.711786+00:00
AAPL,320193,0001104659-04-013021,2004-05-06,2004-03-27,10-Q,sec_edgar,2026-08-06 23:15:34.711786+00:00
AAPL,320193,0001104659-04-019574,2004-07-14,2004-07-14,8-K,sec_edgar,2026-08-06 23:15:34.711786+00:00
AAPL,320193,0001104659-04-022384,2004-08-05,2004-06-26,10-Q,sec_edgar,2026-08-06 23:15:34.711786+00:00
AAPL,320193,0001104659-04-030400,2004-10-13,2004-10-13,8-K,sec_edgar,2026-08-06 23:15:34.711786+00:00
AAPL,320193,0001047469-04-035975,2004-12-03,2004-09-25,10-K,sec_edgar,2026-08-06 23:15:34.711786+00:00
AAPL,320193,0001104659-05-001049,2005-01-11,2005-01-11,8-K,sec_edgar,2026-08-06 23:15:34.711786+00:00
AAPL,320193,0001104659-05-001183,2005-01-12,2005-01-12,8-K,sec_edgar,2026-08-06 23:15:34.711786+00:00
AAPL,320193,0001104659-05-003520,2005-02-01,2004-12-25,10-Q,sec_edgar,2026-08-06 23:15:34.711786+00:00
AAPL,320193,0001104659-05-005507,2005-02-11,2005-02-11,8-K,sec_edgar,2026-08-06 23:15:34.711786+00:00
AAPL,320193,0001181431-05-013840,2005-03-02,2005-02-25,8-K,sec_edgar,2026-08-06 23:15:34.711786+00:00
AAPL,320193,0001104659-05-016307,2005-04-13,2005-04-13,8-K,sec_edgar,2026-08-06 23:15:34.711786+00:00
AAPL,320193,0001181431-05-023450,2005-04-26,2005-04-21,8-K,sec_edgar,2026-08-06 23:15:34.711786+00:00
AAPL,320193,0001104659-05-020421,2005-05-04,2005-03-26,10-Q,sec_edgar,2026-08-06 23:15:34.711786+00:00
AAPL,320193,0001181431-05-033177,2005-06-06,2005-06-06,8-K,sec_edgar,2026-08-06 23:15:34.711786+00:00
AAPL,320193,0001104659-05-032297,2005-07-13,2005-07-13,8-K,sec_edgar,2026-08-06 23:15:34.711786+00:00
AAPL,320193,0001104659-05-035792,2005-08-03,2005-06-25,10-Q,sec_edgar,2026-08-06 23:15:34.711786+00:00
AAPL,320193,0001181431-05-046871,2005-08-15,2005-08-09,8-K,sec_edgar,2026-08-06 23:15:34.711786+00:00
AAPL,320193,0001181431-05-049163,2005-08-26,2005-08-22,8-K,sec_edgar,2026-08-06 23:15:34.711786+00:00
AAPL,320193,0001104659-05-048094,2005-10-11,2005-10-11,8-K,sec_edgar,2026-08-06 23:15:34.711786+00:00
AAPL,320193,0001181431-05-056604,2005-10-14,2005-10-14,8-K,sec_edgar,2026-08-06 23:15:34.711786+00:00
AAPL,320193,0001104659-05-058421,2005-12-01,2005-09-24,10-K,sec_edgar,2026-08-06 23:15:34.711786+00:00
AAPL,320193,0001181431-05-067468,2005-12-19,2005-12-14,8-K,sec_edgar,2026-08-06 23:15:34.711786+00:00
AAPL,320193,0001104659-06-001428,2006-01-10,2006-01-10,8-K,sec_edgar,2026-08-06 23:15:34.711786+00:00
AAPL,320193,0001104659-06-002690,2006-01-18,2006-01-18,8-K,sec_edgar,2026-08-06 23:15:34.711786+00:00
AAPL,320193,0001104659-06-005910,2006-02-03,2005-12-31,10-Q,sec_edgar,2026-08-06 23:15:34.711786+00:00
AAPL,320193,0001104659-06-025992,2006-04-19,2006-04-19,8-K,sec_edgar,2026-08-06 23:15:34.711786+00:00
AAPL,320193,0001181431-06-024759,2006-04-21,2006-04-17,8-K,sec_edgar,2026-08-06 23:15:34.711786+00:00
AAPL,320193,0001104659-06-031303,2006-05-05,2006-04-01,10-Q,sec_edgar,2026-08-06 23:15:34.711786+00:00
AAPL,320193,0001104659-06-047739,2006-07-19,2006-07-19,8-K,sec_edgar,2026-08-06 23:15:34.711786+00:00
AAPL,320193,0001104659-06-051302,2006-08-04,2006-08-03,8-K,sec_edgar,2026-08-06 23:15:34.711786+00:00
AAPL,320193,0001104659-06-054118,2006-08-11,2006-08-11,8-K,sec_edgar,2026-08-06 23:15:34.711786+00:00
AAPL,320193,0001104659-06-058808,2006-09-01,2006-08-29,8-K,sec_edgar,2026-08-06 23:15:34.711786+00:00
AAPL,320193,0001104659-06-064935,2006-10-04,2006-09-30,8-K,sec_edgar,2026-08-06 23:15:34.711786+00:00
AAPL,320193,0001104659-06-067275,2006-10-18,2006-10-18,8-K,sec_edgar,2026-08-06 23:15:34.711786+00:00
AAPL,320193,0001104659-06-069015,2006-10-27,2006-10-24,8-K,sec_edgar,2026-08-06 23:15:34.711786+00:00
AAPL,320193,0001104659-06-084288,2006-12-29,2006-09-30,10-K,sec_edgar,2026-08-06 23:15:34.711786+00:00
AAPL,320193,0001104659-06-084286,2006-12-29,2006-07-01,10-Q,sec_edgar,2026-08-06 23:15:34.711786+00:00
AAPL,320193,0001104659-07-001648,2007-01-10,2007-01-09,8-K,sec_edgar,2026-08-06 23:15:34.711786+00:00
AAPL,320193,0001104659-07-002905,2007-01-17,2007-01-17,8-K,sec_edgar,2026-08-06 23:15:34.711786+00:00
AAPL,320193,0001104659-07-006648,2007-02-02,2006-12-30,10-Q,sec_edgar,2026-08-06 23:15:34.711786+00:00
AAPL,320193,0001104659-07-012760,2007-02-21,2007-02-14,8-K,sec_edgar,2026-08-06 23:15:34.711786+00:00
AAPL,320193,0001104659-07-030938,2007-04-24,2007-04-24,8-K,sec_edgar,2026-08-06 23:15:34.711786+00:00
AAPL,320193,0001104659-07-031354,2007-04-25,2007-04-25,8-K,sec_edgar,2026-08-06 23:15:34.711786+00:00
AAPL,320193,0001104659-07-037745,2007-05-10,2007-03-31,10-Q,sec_edgar,2026-08-06 23:15:34.711786+00:00
AAPL,320193,0001104659-07-040672,2007-05-16,2007-05-10,8-K,sec_edgar,2026-08-06 23:15:34.711786+00:00
AAPL,320193,0001104659-07-056111,2007-07-25,2007-07-25,8-K,sec_edgar,2026-08-06 23:15:34.711786+00:00
AAPL,320193,0001104659-07-059873,2007-08-08,2007-06-30,10-Q,sec_edgar,2026-08-06 23:15:34.711786+00:00
AAPL,320193,0001104659-07-076142,2007-10-22,2007-10-22,8-K,sec_edgar,2026-08-06 23:15:34.711786+00:00
AAPL,320193,0001047469-07-009340,2007-11-15,2007-09-29,10-K,sec_edgar,2026-08-06 23:15:34.711786+00:00
AAPL,320193,0001181431-08-002372,2008-01-08,2008-01-04,8-K,sec_edgar,2026-08-06 23:15:34.711786+00:00
AAPL,320193,0001181431-08-003342,2008-01-15,2008-01-15,8-K,sec_edgar,2026-08-06 23:15:34.711786+00:00
AAPL,320193,0001193125-08-009715,2008-01-22,2008-01-22,8-K,sec_edgar,2026-08-06 23:15:34.711786+00:00
AAPL,320193,0001193125-08-017426,2008-02-01,2007-12-29,10-Q,sec_edgar,2026-08-06 23:15:34.711786+00:00
AAPL,320193,0001193125-08-088001,2008-04-23,2008-04-23,8-K,sec_edgar,2026-08-06 23:15:34.711786+00:00
AAPL,320193,0001193125-08-097759,2008-05-01,2008-03-29,10-Q,sec_edgar,2026-08-06 23:15:34.711786+00:00
AAPL,320193,0001181431-08-037620,2008-06-09,2008-06-09,8-K,sec_edgar,2026-08-06 23:15:34.711786+00:00
AAPL,320193,0001193125-08-154381,2008-07-21,2008-07-21,8-K,sec_edgar,2026-08-06 23:15:34.711786+00:00
AAPL,320193,0001193125-08-156421,2008-07-23,2008-06-28,10-Q,sec_edgar,2026-08-06 23:15:34.711786+00:00
AAPL,320193,0001181431-08-050059,2008-08-26,2008-08-20,8-K,sec_edgar,2026-08-06 23:15:34.711786+00:00
AAPL,320193,0001193125-08-213642,2008-10-21,2008-10-21,8-K,sec_edgar,2026-08-06 23:15:34.711786+00:00
AAPL,320193,0001193125-08-224958,2008-11-05,2008-09-27,10-K,sec_edgar,2026-08-06 23:15:34.711786+00:00
AAPL,320193,0001181431-09-003017,2009-01-16,2009-01-14,8-K,sec_edgar,2026-08-06 23:15:34.711786+00:00
AAPL,320193,0001193125-09-009009,2009-01-21,2009-01-21,8-K,sec_edgar,2026-08-06 23:15:34.711786+00:00
AAPL,320193,0001193125-09-009937,2009-01-23,2008-12-27,10-Q,sec_edgar,2026-08-06 23:15:34.711786+00:00
AAPL,320193,0001181431-09-012161,2009-02-27,2009-02-26,8-K,sec_edgar,2026-08-06 23:15:34.711786+00:00
AAPL,320193,0001193125-09-084599,2009-04-22,2009-04-22,8-K,sec_edgar,2026-08-06 23:15:34.711786+00:00
AAPL,320193,0001193125-09-085781,2009-04-23,2009-03-28,10-Q,sec_edgar,2026-08-06 23:15:34.711786+00:00
AAPL,320193,0001181431-09-028400,2009-06-02,2009-05-27,8-K,sec_edgar,2026-08-06 23:15:34.711786+00:00
AAPL,320193,0001193125-09-152290,2009-07-21,2009-07-21,8-K,sec_edgar,2026-08-06 23:15:34.711786+00:00
AAPL,320193,0001193125-09-153165,2009-07-22,2009-06-27,10-Q,sec_edgar,2026-08-06 23:15:34.711786+00:00
AAPL,320193,0001181431-09-037492,2009-08-04,2009-07-31,8-K,sec_edgar,2026-08-06 23:15:34.711786+00:00
AAPL,320193,0001193125-09-209633,2009-10-19,2009-10-19,8-K,sec_edgar,2026-08-06 23:15:34.711786+00:00
AAPL,320193,0001193125-09-214859,2009-10-27,2009-09-26,10-K,sec_edgar,2026-08-06 23:15:34.711786+00:00
AAPL,320193,0001193125-10-012096,2010-01-25,2010-01-25,8-K,sec_edgar,2026-08-06 23:15:34.711786+00:00
AAPL,320193,0001193125-10-012085,2010-01-25,2009-12-26,10-Q,sec_edgar,2026-08-06 23:15:34.711786+00:00
AAPL,320193,0001193125-10-044765,2010-03-01,2010-02-25,8-K,sec_edgar,2026-08-06 23:15:34.711786+00:00
AAPL,320193,0001181431-10-016054,2010-03-12,2010-03-10,8-K,sec_edgar,2026-08-06 23:15:34.711786+00:00
AAPL,320193,0001193125-10-087786,2010-04-20,2010-04-20,8-K,sec_edgar,2026-08-06 23:15:34.711786+00:00
AAPL,320193,0001193125-10-088957,2010-04-21,2010-03-27,10-Q,sec_edgar,2026-08-06 23:15:34.711786+00:00
AAPL,320193,0001193125-10-161807,2010-07-20,2010-07-20,8-K,sec_edgar,2026-08-06 23:15:34.711786+00:00
AAPL,320193,0001193125-10-162840,2010-07-21,2010-06-26,10-Q,sec_edgar,2026-08-06 23:15:34.711786+00:00
AAPL,320193,0001193125-10-230992,2010-10-18,2010-10-18,8-K,sec_edgar,2026-08-06 23:15:34.711786+00:00
AAPL,320193,0001193125-10-238044,2010-10-27,2010-09-25,10-K,sec_edgar,2026-08-06 23:15:34.711786+00:00
AAPL,320193,0001181431-10-056327,2010-11-17,2010-11-16,8-K,sec_edgar,2026-08-06 23:15:34.711786+00:00
AAPL,320193,0001193125-11-009392,2011-01-18,2011-01-18,8-K,sec_edgar,2026-08-06 23:15:34.711786+00:00
AAPL,320193,0001181431-11-003847,2011-01-18,2011-01-17,8-K,sec_edgar,2026-08-06 23:15:34.711786+00:00
AAPL,320193,0001193125-11-010144,2011-01-19,2010-12-25,10-Q,sec_edgar,2026-08-06 23:15:34.711786+00:00
AAPL,320193,0001193125-11-045411,2011-02-24,2011-02-23,8-K,sec_edgar,2026-08-06 23:15:34.711786+00:00
AAPL,320193,0001193125-11-103732,2011-04-20,2011-04-20,8-K,sec_edgar,2026-08-06 23:15:34.711786+00:00
AAPL,320193,0001193125-11-104388,2011-04-21,2011-03-26,10-Q,sec_edgar,2026-08-06 23:15:34.711786+00:00
AAPL,320193,0001181431-11-036782,2011-06-15,2011-06-12,8-K,sec_edgar,2026-08-06 23:15:34.711786+00:00
AAPL,320193,0001193125-11-191368,2011-07-19,2011-07-19,8-K,sec_edgar,2026-08-06 23:15:34.711786+00:00
AAPL,320193,0001193125-11-192493,2011-07-20,2011-06-25,10-Q,sec_edgar,2026-08-06 23:15:34.711786+00:00
AAPL,320193,0001181431-11-047179,2011-08-26,2011-08-24,8-K,sec_edgar,2026-08-06 23:15:34.711786+00:00
AAPL,320193,0001181431-11-051976,2011-10-06,2011-10-05,8-K,sec_edgar,2026-08-06 23:15:34.711786+00:00
AAPL,320193,0001193125-11-273826,2011-10-18,2011-10-18,8-K,sec_edgar,2026-08-06 23:15:34.711786+00:00
AAPL,320193,0001193125-11-282113,2011-10-26,2011-09-24,10-K,sec_edgar,2026-08-06 23:15:34.711786+00:00
AAPL,320193,0001181431-11-056354,2011-11-16,2011-11-15,8-K,sec_edgar,2026-08-06 23:15:34.711786+00:00
AAPL,320193,0001193125-12-021833,2012-01-24,2012-01-24,8-K,sec_edgar,2026-08-06 23:15:34.711786+00:00
AAPL,320193,0001193125-12-023398,2012-01-25,2011-12-31,10-Q,sec_edgar,2026-08-06 23:15:34.711786+00:00
AAPL,320193,0001193125-12-081892,2012-02-27,2012-02-23,8-K,sec_edgar,2026-08-06 23:15:34.711786+00:00
AAPL,320193,0001193125-12-178928,2012-04-24,2012-04-24,8-K,sec_edgar,2026-08-06 23:15:34.711786+00:00
AAPL,320193,0001193125-12-182321,2012-04-25,2012-03-31,10-Q,sec_edgar,2026-08-06 23:15:34.711786+00:00
AAPL,320193,0001181431-12-032458,2012-05-24,2012-05-24,8-K,sec_edgar,2026-08-06 23:15:34.711786+00:00
AAPL,320193,0001181431-12-038301,2012-06-28,2012-06-28,8-K,sec_edgar,2026-08-06 23:15:34.711786+00:00
AAPL,320193,0001193125-12-312355,2012-07-24,2012-07-24,8-K,sec_edgar,2026-08-06 23:15:34.711786+00:00
AAPL,320193,0001193125-12-314552,2012-07-25,2012-06-30,10-Q,sec_edgar,2026-08-06 23:15:34.711786+00:00
AAPL,320193,0001193125-12-435506,2012-10-25,2012-10-25,8-K,sec_edgar,2026-08-06 23:15:34.711786+00:00
AAPL,320193,0001193125-12-444068,2012-10-31,2012-09-29,10-K,sec_edgar,2026-08-06 23:15:34.711786+00:00
AAPL,320193,0001193125-13-020783,2013-01-23,2013-01-23,8-K,sec_edgar,2026-08-06 23:15:34.711786+00:00
AAPL,320193,0001193125-13-022339,2013-01-24,2012-12-29,10-Q,sec_edgar,2026-08-06 23:15:34.711786+00:00
AAPL,320193,0001193125-13-085842,2013-03-01,2013-02-27,8-K,sec_edgar,2026-08-06 23:15:34.711786+00:00
AAPL,320193,0001193125-13-167469,2013-04-23,2013-04-23,8-K,sec_edgar,2026-08-06 23:15:34.711786+00:00
AAPL,320193,0001193125-13-167458,2013-04-23,2013-04-23,8-K,sec_edgar,2026-08-06 23:15:34.711786+00:00
AAPL,320193,0001193125-13-170623,2013-04-24,2013-04-24,8-K,sec_edgar,2026-08-06 23:15:34.711786+00:00
AAPL,320193,0001193125-13-168288,2013-04-24,2013-03-30,10-Q,sec_edgar,2026-08-06 23:15:34.711786+00:00
AAPL,320193,0001193125-13-199324,2013-05-03,2013-04-30,8-K,sec_edgar,2026-08-06 23:15:34.711786+00:00
AAPL,320193,0001193125-13-267629,2013-06-21,2013-06-21,8-K,sec_edgar,2026-08-06 23:15:34.711786+00:00
AAPL,320193,0001193125-13-298914,2013-07-23,2013-07-23,8-K,sec_edgar,2026-08-06 23:15:34.711786+00:00
AAPL,320193,0001193125-13-300670,2013-07-24,2013-06-29,10-Q,sec_edgar,2026-08-06 23:15:34.711786+00:00
AAPL,320193,0001181431-13-041847,2013-07-30,2013-07-25,8-K,sec_edgar,2026-08-06 23:15:34.711786+00:00
AAPL,320193,0001181431-13-050140,2013-09-23,2013-09-23,8-K,sec_edgar,2026-08-06 23:15:34.711786+00:00
AAPL,320193,0001193125-13-413498,2013-10-28,2013-10-28,8-K,sec_edgar,2026-08-06 23:15:34.711786+00:00
AAPL,320193,0001193125-13-416534,2013-10-30,2013-09-28,10-K,sec_edgar,2026-08-06 23:15:34.711786+00:00
AAPL,320193,0001193125-14-022238,2014-01-27,2014-01-27,8-K,sec_edgar,2026-08-06 23:15:34.711786+00:00
AAPL,320193,0001193125-14-024487,2014-01-28,2013-12-28,10-Q,sec_edgar,2026-08-06 23:15:34.711786+00:00
AAPL,320193,0001193125-14-084697,2014-03-05,2014-02-28,8-K,sec_edgar,2026-08-06 23:15:34.711786+00:00
AAPL,320193,0001193125-14-154883,2014-04-23,2014-04-23,8-K,sec_edgar,2026-08-06 23:15:34.711786+00:00
AAPL,320193,0001193125-14-154871,2014-04-23,2014-04-23,8-K,sec_edgar,2026-08-06 23:15:34.711786+00:00
AAPL,320193,0001193125-14-157311,2014-04-24,2014-03-29,10-Q,sec_edgar,2026-08-06 23:15:34.711786+00:00
AAPL,320193,0001193125-14-184969,2014-05-06,2014-04-29,8-K,sec_edgar,2026-08-06 23:15:34.711786+00:00
AAPL,320193,0001181431-14-021923,2014-05-30,2014-05-29,8-K,sec_edgar,2026-08-06 23:15:34.711786+00:00
AAPL,320193,0001193125-14-228798,2014-06-06,2014-06-06,8-K,sec_edgar,2026-08-06 23:15:34.711786+00:00
AAPL,320193,0001193125-14-271698,2014-07-17,2014-07-15,8-K,sec_edgar,2026-08-06 23:15:34.711786+00:00
AAPL,320193,0001193125-14-275598,2014-07-22,2014-07-22,8-K,sec_edgar,2026-08-06 23:15:34.711786+00:00
AAPL,320193,0001193125-14-277193,2014-07-23,2014-07-23,8-K,sec_edgar,2026-08-06 23:15:34.711786+00:00
AAPL,320193,0001193125-14-277160,2014-07-23,2014-06-28,10-Q,sec_edgar,2026-08-06 23:15:34.711786+00:00
AAPL,320193,0001193125-14-376361,2014-10-20,2014-10-20,8-K,sec_edgar,2026-08-06 23:15:34.711786+00:00
AAPL,320193,0001193125-14-383437,2014-10-27,2014-09-27,10-K,sec_edgar,2026-08-06 23:15:34.711786+00:00
AAPL,320193,0001193125-14-406296,2014-11-10,2014-11-04,8-K,sec_edgar,2026-08-06 23:15:34.711786+00:00
AAPL,320193,0001193125-15-021857,2015-01-27,2015-01-27,8-K,sec_edgar,2026-08-06 23:15:34.711786+00:00
AAPL,320193,0001193125-15-023732,2015-01-28,2015-01-28,8-K,sec_edgar,2026-08-06 23:15:34.711786+00:00
AAPL,320193,0001193125-15-023697,2015-01-28,2014-12-27,10-Q,sec_edgar,2026-08-06 23:15:34.711786+00:00
AAPL,320193,0001193125-15-039270,2015-02-09,2015-02-02,8-K,sec_edgar,2026-08-06 23:15:34.711786+00:00
AAPL,320193,0001104659-15-019336,2015-03-13,2015-03-10,8-K,sec_edgar,2026-08-06 23:15:34.711786+00:00
AAPL,320193,0001193125-15-149607,2015-04-27,2015-04-27,8-K,sec_edgar,2026-08-06 23:15:34.711786+00:00
AAPL,320193,0001193125-15-149590,2015-04-27,2015-04-27,8-K,sec_edgar,2026-08-06 23:15:34.711786+00:00
AAPL,320193,0001193125-15-153166,2015-04-28,2015-03-28,10-Q,sec_edgar,2026-08-06 23:15:34.711786+00:00
AAPL,320193,0001193125-15-186064,2015-05-13,2015-05-06,8-K,sec_edgar,2026-08-06 23:15:34.711786+00:00
AAPL,320193,0001193125-15-219298,2015-06-10,2015-06-03,8-K,sec_edgar,2026-08-06 23:15:34.711786+00:00
AAPL,320193,0001193125-15-258464,2015-07-21,2015-07-21,8-K,sec_edgar,2026-08-06 23:15:34.711786+00:00
AAPL,320193,0001193125-15-259935,2015-07-22,2015-06-27,10-Q,sec_edgar,2026-08-06 23:15:34.711786+00:00
AAPL,320193,0001193125-15-273023,2015-07-31,2015-07-24,8-K,sec_edgar,2026-08-06 23:15:34.711786+00:00
AAPL,320193,0001193125-15-322466,2015-09-17,2015-09-10,8-K,sec_edgar,2026-08-06 23:15:34.711786+00:00
AAPL,320193,0001193125-15-336615,2015-10-02,2015-10-01,8-K,sec_edgar,2026-08-06 23:15:34.711786+00:00
AAPL,320193,0001193125-15-354756,2015-10-27,2015-10-27,8-K,sec_edgar,2026-08-06 23:15:34.711786+00:00
AAPL,320193,0001193125-15-356351,2015-10-28,2015-09-26,10-K,sec_edgar,2026-08-06 23:15:34.711786+00:00
AAPL,320193,0001193125-15-406279,2015-12-17,2015-12-16,8-K,sec_edgar,2026-08-06 23:15:34.711786+00:00
AAPL,320193,0001193125-15-410853,2015-12-22,2015-12-21,8-K,sec_edgar,2026-08-06 23:15:34.711786+00:00
AAPL,320193,0001193125-16-438421,2016-01-26,2016-01-26,8-K,sec_edgar,2026-08-06 23:15:34.711786+00:00
AAPL,320193,0001193125-16-439878,2016-01-27,2015-12-26,10-Q,sec_edgar,2026-08-06 23:15:34.711786+00:00
AAPL,320193,0001193125-16-473562,2016-02-23,2016-02-16,8-K,sec_edgar,2026-08-06 23:15:34.711786+00:00
AAPL,320193,0001193125-16-488223,2016-03-01,2016-02-26,8-K,sec_edgar,2026-08-06 23:15:34.711786+00:00
AAPL,320193,0001193125-16-516891,2016-03-24,2016-03-17,8-K,sec_edgar,2026-08-06 23:15:34.711786+00:00
AAPL,320193,0001193125-16-556520,2016-04-26,2016-04-26,8-K,sec_edgar,2026-08-06 23:15:34.711786+00:00
AAPL,320193,0001193125-16-559625,2016-04-27,2016-03-26,10-Q,sec_edgar,2026-08-06 23:15:34.711786+00:00
AAPL,320193,0001193125-16-628957,2016-06-22,2016-06-07,8-K,sec_edgar,2026-08-06 23:15:34.711786+00:00
AAPL,320193,0001628280-16-017762,2016-07-26,2016-07-26,8-K,sec_edgar,2026-08-06 23:15:34.711786+00:00
AAPL,320193,0001628280-16-017809,2016-07-27,2016-06-25,10-Q,sec_edgar,2026-08-06 23:15:34.711786+00:00
AAPL,320193,0001193125-16-672044,2016-08-04,2016-07-28,8-K,sec_edgar,2026-08-06 23:15:34.711786+00:00
AAPL,320193,0001628280-16-020258,2016-10-25,2016-10-25,8-K,sec_edgar,2026-08-06 23:15:34.711786+00:00
AAPL,320193,0001628280-16-020309,2016-10-26,2016-09-24,10-K,sec_edgar,2026-08-06 23:15:34.711786+00:00
AAPL,320193,0001628280-16-022047,2016-12-15,2016-12-13,8-K,sec_edgar,2026-08-06 23:15:34.711786+00:00
AAPL,320193,0001628280-17-000663,2017-01-31,2017-01-31,8-K,sec_edgar,2026-08-06 23:15:34.711786+00:00
AAPL,320193,0001628280-17-000717,2017-02-01,2016-12-31,10-Q,sec_edgar,2026-08-06 23:15:34.711786+00:00
AAPL,320193,0001193125-17-036283,2017-02-09,2017-02-02,8-K,sec_edgar,2026-08-06 23:15:34.711786+00:00
AAPL,320193,0001193125-17-064019,2017-03-01,2017-02-28,8-K,sec_edgar,2026-08-06 23:15:34.711786+00:00
AAPL,320193,0001193125-17-069853,2017-03-03,2017-02-14,8-K,sec_edgar,2026-08-06 23:15:34.711786+00:00
AAPL,320193,0001628280-17-004663,2017-05-02,2017-05-02,8-K,sec_edgar,2026-08-06 23:15:34.711786+00:00
AAPL,320193,0001628280-17-004790,2017-05-03,2017-04-01,10-Q,sec_edgar,2026-08-06 23:15:34.711786+00:00
AAPL,320193,0001193125-17-167400,2017-05-11,2017-05-04,8-K,sec_edgar,2026-08-06 23:15:34.711786+00:00
AAPL,320193,0001193125-17-181867,2017-05-24,2017-05-17,8-K,sec_edgar,2026-08-06 23:15:34.711786+00:00
AAPL,320193,0001193125-17-208226,2017-06-20,2017-06-13,8-K,sec_edgar,2026-08-06 23:15:34.711786+00:00
AAPL,320193,0000320193-17-000006,2017-08-01,2017-08-01,8-K,sec_edgar,2026-08-06 23:15:34.711786+00:00
AAPL,320193,0000320193-17-000009,2017-08-02,2017-07-01,10-Q,sec_edgar,2026-08-06 23:15:34.711786+00:00
AAPL,320193,0001193125-17-262261,2017-08-18,2017-08-15,8-K,sec_edgar,2026-08-06 23:15:34.711786+00:00
AAPL,320193,0001193125-17-282809,2017-09-12,2017-09-05,8-K,sec_edgar,2026-08-06 23:15:34.711786+00:00
AAPL,320193,0001193125-17-308859,2017-10-12,2017-10-06,8-K,sec_edgar,2026-08-06 23:15:34.711786+00:00
AAPL,320193,0000320193-17-000067,2017-11-02,2017-11-02,8-K,sec_edgar,2026-08-06 23:15:34.711786+00:00
AAPL,320193,0000320193-17-000070,2017-11-03,2017-09-30,10-K,sec_edgar,2026-08-06 23:15:34.711786+00:00
AAPL,320193,0001193125-17-341015,2017-11-13,2017-11-06,8-K,sec_edgar,2026-08-06 23:15:34.711786+00:00
AAPL,320193,0000320193-18-000005,2018-02-01,2018-02-01,8-K,sec_edgar,2026-08-06 23:15:34.711786+00:00
AAPL,320193,0000320193-18-000007,2018-02-02,2017-12-30,10-Q,sec_edgar,2026-08-06 23:15:34.711786+00:00
AAPL,320193,0001193125-18-045761,2018-02-14,2018-02-13,8-K,sec_edgar,2026-08-06 23:15:34.711786+00:00
AAPL,320193,0000320193-18-000067,2018-05-01,2018-05-01,8-K,sec_edgar,2026-08-06 23:15:34.711786+00:00
AAPL,320193,0000320193-18-000070,2018-05-02,2018-03-31,10-Q,sec_edgar,2026-08-06 23:15:34.711786+00:00
AAPL,320193,0001193125-18-154515,2018-05-07,2018-04-30,8-K,sec_edgar,2026-08-06 23:15:34.711786+00:00
AAPL,320193,0000320193-18-000098,2018-07-31,2018-07-31,8-K,sec_edgar,2026-08-06 23:15:34.711786+00:00
AAPL,320193,0000320193-18-000100,2018-08-01,2018-06-30,10-Q,sec_edgar,2026-08-06 23:15:34.711786+00:00
AAPL,320193,0000320193-18-000142,2018-11-01,2018-11-01,8-K,sec_edgar,2026-08-06 23:15:34.711786+00:00
AAPL,320193,0000320193-18-000145,2018-11-05,2018-09-29,10-K,sec_edgar,2026-08-06 23:15:34.711786+00:00
AAPL,320193,0000320193-19-000002,2019-01-02,2019-01-02,8-K,sec_edgar,2026-08-06 23:15:34.711786+00:00
AAPL,320193,0000320193-19-000007,2019-01-29,2019-01-29,8-K,sec_edgar,2026-08-06 23:15:34.711786+00:00
AAPL,320193,0000320193-19-000010,2019-01-30,2018-12-29,10-Q,sec_edgar,2026-08-06 23:15:34.711786+00:00
AAPL,320193,0000320193-19-000026,2019-02-06,2019-02-05,8-K,sec_edgar,2026-08-06 23:15:34.711786+00:00
AAPL,320193,0000320193-19-000032,2019-03-04,2019-03-01,8-K,sec_edgar,2026-08-06 23:15:34.711786+00:00
AAPL,320193,0000320193-19-000063,2019-04-30,2019-04-30,8-K,sec_edgar,2026-08-06 23:15:34.711786+00:00
AAPL,320193,0000320193-19-000066,2019-05-01,2019-03-30,10-Q,sec_edgar,2026-08-06 23:15:34.711786+00:00
AAPL,320193,0000320193-19-000073,2019-07-30,2019-07-30,8-K,sec_edgar,2026-08-06 23:15:34.711786+00:00
AAPL,320193,0000320193-19-000076,2019-07-31,2019-06-29,10-Q,sec_edgar,2026-08-06 23:15:34.711786+00:00
AAPL,320193,0001193125-19-242975,2019-09-11,2019-09-04,8-K,sec_edgar,2026-08-06 23:15:34.711786+00:00
AAPL,320193,0000320193-19-000093,2019-09-13,2019-09-10,8-K,sec_edgar,2026-08-06 23:15:34.711786+00:00
AAPL,320193,0000320193-19-000117,2019-10-30,2019-10-30,8-K,sec_edgar,2026-08-06 23:15:34.711786+00:00
AAPL,320193,0000320193-19-000119,2019-10-31,2019-09-28,10-K,sec_edgar,2026-08-06 23:15:34.711786+00:00
AAPL,320193,0001193125-19-292676,2019-11-15,2019-11-07,8-K,sec_edgar,2026-08-06 23:15:34.711786+00:00
AAPL,320193,0000320193-20-000008,2020-01-28,2020-01-28,8-K,sec_edgar,2026-08-06 23:15:34.711786+00:00
AAPL,320193,0000320193-20-000010,2020-01-29,2019-12-28,10-Q,sec_edgar,2026-08-06 23:15:34.711786+00:00
AAPL,320193,0001193125-20-039203,2020-02-18,2020-02-17,8-K,sec_edgar,2026-08-06 23:15:34.711786+00:00
AAPL,320193,0001193125-20-050884,2020-02-27,2020-02-26,8-K,sec_edgar,2026-08-06 23:15:34.711786+00:00
AAPL,320193,0000320193-20-000050,2020-04-30,2020-04-30,8-K,sec_edgar,2026-08-06 23:15:34.711786+00:00
AAPL,320193,0000320193-20-000052,2020-05-01,2020-03-28,10-Q,sec_edgar,2026-08-06 23:15:34.711786+00:00
AAPL,320193,0001193125-20-139112,2020-05-11,2020-05-04,8-K,sec_edgar,2026-08-06 23:15:34.711786+00:00
AAPL,320193,0000320193-20-000060,2020-07-30,2020-07-30,8-K,sec_edgar,2026-08-06 23:15:34.711786+00:00
AAPL,320193,0000320193-20-000062,2020-07-31,2020-06-27,10-Q,sec_edgar,2026-08-06 23:15:34.711786+00:00
AAPL,320193,0001193125-20-213158,2020-08-07,2020-08-03,8-K,sec_edgar,2026-08-06 23:15:34.711786+00:00
AAPL,320193,0001193125-20-225672,2020-08-20,2020-08-13,8-K,sec_edgar,2026-08-06 23:15:34.711786+00:00
AAPL,320193,0000320193-20-000094,2020-10-29,2020-10-29,8-K,sec_edgar,2026-08-06 23:15:34.711786+00:00
AAPL,320193,0000320193-20-000096,2020-10-30,2020-09-26,10-K,sec_edgar,2026-08-06 23:15:34.711786+00:00
AAPL,320193,0001193125-21-001982,2021-01-05,2020-12-29,8-K,sec_edgar,2026-08-06 23:15:34.711786+00:00
AAPL,320193,0000320193-21-000009,2021-01-27,2021-01-27,8-K,sec_edgar,2026-08-06 23:15:34.711786+00:00
AAPL,320193,0000320193-21-000010,2021-01-28,2020-12-26,10-Q,sec_edgar,2026-08-06 23:15:34.711786+00:00
AAPL,320193,0001193125-21-032394,2021-02-08,2021-02-01,8-K,sec_edgar,2026-08-06 23:15:34.711786+00:00
AAPL,320193,0001193125-21-054710,2021-02-24,2021-02-23,8-K,sec_edgar,2026-08-06 23:15:34.711786+00:00
AAPL,320193,0000320193-21-000055,2021-04-28,2021-04-28,8-K,sec_edgar,2026-08-06 23:15:34.711786+00:00
AAPL,320193,0000320193-21-000056,2021-04-29,2021-03-27,10-Q,sec_edgar,2026-08-06 23:15:34.711786+00:00
AAPL,320193,0000320193-21-000063,2021-07-27,2021-07-27,8-K,sec_edgar,2026-08-06 23:15:34.711786+00:00
AAPL,320193,0000320193-21-000065,2021-07-28,2021-06-26,10-Q,sec_edgar,2026-08-06 23:15:34.711786+00:00
AAPL,320193,0001193125-21-237787,2021-08-05,2021-07-29,8-K,sec_edgar,2026-08-06 23:15:34.711786+00:00
AAPL,320193,0000320193-21-000104,2021-10-28,2021-10-28,8-K,sec_edgar,2026-08-06 23:15:34.711786+00:00
AAPL,320193,0000320193-21-000105,2021-10-29,2021-09-25,10-K,sec_edgar,2026-08-06 23:15:34.711786+00:00
AAPL,320193,0001193125-21-328151,2021-11-12,2021-11-09,8-K,sec_edgar,2026-08-06 23:15:34.711786+00:00
AAPL,320193,0000320193-22-000006,2022-01-27,2022-01-27,8-K,sec_edgar,2026-08-06 23:15:34.711786+00:00
AAPL,320193,0000320193-22-000007,2022-01-28,2021-12-25,10-Q,sec_edgar,2026-08-06 23:15:34.711786+00:00
AAPL,320193,0001193125-22-066169,2022-03-04,2022-03-04,8-K,sec_edgar,2026-08-06 23:15:34.711786+00:00
AAPL,320193,0000320193-22-000058,2022-04-28,2022-04-28,8-K,sec_edgar,2026-08-06 23:15:34.711786+00:00
AAPL,320193,0000320193-22-000059,2022-04-29,2022-03-26,10-Q,sec_edgar,2026-08-06 23:15:34.711786+00:00
AAPL,320193,0000320193-22-000069,2022-07-28,2022-07-28,8-K,sec_edgar,2026-08-06 23:15:34.711786+00:00
AAPL,320193,0000320193-22-000070,2022-07-29,2022-06-25,10-Q,sec_edgar,2026-08-06 23:15:34.711786+00:00
AAPL,320193,0001193125-22-214914,2022-08-08,2022-08-01,8-K,sec_edgar,2026-08-06 23:15:34.711786+00:00
AAPL,320193,0001193125-22-225365,2022-08-19,2022-08-17,8-K,sec_edgar,2026-08-06 23:15:34.711786+00:00
AAPL,320193,0000320193-22-000107,2022-10-27,2022-10-27,8-K,sec_edgar,2026-08-06 23:15:34.711786+00:00
AAPL,320193,0000320193-22-000108,2022-10-28,2022-09-24,10-K,sec_edgar,2026-08-06 23:15:34.711786+00:00
AAPL,320193,0001193125-22-278435,2022-11-07,2022-11-06,8-K,sec_edgar,2026-08-06 23:15:34.711786+00:00
AAPL,320193,0000320193-23-000005,2023-02-02,2023-02-02,8-K,sec_edgar,2026-08-06 23:15:34.711786+00:00
AAPL,320193,0000320193-23-000006,2023-02-03,2022-12-31,10-Q,sec_edgar,2026-08-06 23:15:34.711786+00:00
AAPL,320193,0001140361-23-011192,2023-03-10,2023-03-10,8-K,sec_edgar,2026-08-06 23:15:34.711786+00:00
AAPL,320193,0000320193-23-000063,2023-05-04,2023-05-04,8-K,sec_edgar,2026-08-06 23:15:34.711786+00:00
AAPL,320193,0000320193-23-000064,2023-05-05,2023-04-01,10-Q,sec_edgar,2026-08-06 23:15:34.711786+00:00
AAPL,320193,0001140361-23-023909,2023-05-10,2023-05-08,8-K,sec_edgar,2026-08-06 23:15:34.711786+00:00
AAPL,320193,0000320193-23-000075,2023-08-03,2023-08-03,8-K,sec_edgar,2026-08-06 23:15:34.711786+00:00
AAPL,320193,0000320193-23-000077,2023-08-04,2023-07-01,10-Q,sec_edgar,2026-08-06 23:15:34.711786+00:00
AAPL,320193,0000320193-23-000104,2023-11-02,2023-11-02,8-K,sec_edgar,2026-08-06 23:15:34.711786+00:00
AAPL,320193,0000320193-23-000106,2023-11-03,2023-09-30,10-K,sec_edgar,2026-08-06 23:15:34.711786+00:00
AAPL,320193,0000320193-24-000005,2024-02-01,2024-02-01,8-K,sec_edgar,2026-08-06 23:15:34.711786+00:00
AAPL,320193,0000320193-24-000006,2024-02-02,2023-12-30,10-Q,sec_edgar,2026-08-06 23:15:34.711786+00:00
AAPL,320193,0001140361-24-010155,2024-02-28,2024-02-28,8-K,sec_edgar,2026-08-06 23:15:34.711786+00:00
AAPL,320193,0000320193-24-000067,2024-05-02,2024-05-02,8-K,sec_edgar,2026-08-06 23:15:34.711786+00:00
AAPL,320193,0001140361-24-024352,2024-05-03,2024-05-03,8-K,sec_edgar,2026-08-06 23:15:34.711786+00:00
AAPL,320193,0000320193-24-000069,2024-05-03,2024-03-30,10-Q,sec_edgar,2026-08-06 23:15:34.711786+00:00
AAPL,320193,0000320193-24-000080,2024-08-01,2024-08-01,8-K,sec_edgar,2026-08-06 23:15:34.711786+00:00
AAPL,320193,0000320193-24-000081,2024-08-02,2024-06-29,10-Q,sec_edgar,2026-08-06 23:15:34.711786+00:00
AAPL,320193,0001140361-24-038403,2024-08-23,2024-08-20,8-K,sec_edgar,2026-08-06 23:15:34.711786+00:00
AAPL,320193,0001140361-24-038601,2024-08-26,2024-08-26,8-K,sec_edgar,2026-08-06 23:15:34.711786+00:00
AAPL,320193,0001140361-24-040659,2024-09-10,2024-09-10,8-K,sec_edgar,2026-08-06 23:15:34.711786+00:00
AAPL,320193,0000320193-24-000120,2024-10-31,2024-10-31,8-K,sec_edgar,2026-08-06 23:15:34.711786+00:00
AAPL,320193,0000320193-24-000123,2024-11-01,2024-09-28,10-K,sec_edgar,2026-08-06 23:15:34.711786+00:00
AAPL,320193,0001140361-25-000228,2025-01-03,2024-12-30,8-K,sec_edgar,2026-08-06 23:15:34.711786+00:00
AAPL,320193,0000320193-25-000007,2025-01-30,2025-01-30,8-K,sec_edgar,2026-08-06 23:15:34.711786+00:00
AAPL,320193,0000320193-25-000008,2025-01-31,2024-12-28,10-Q,sec_edgar,2026-08-06 23:15:34.711786+00:00
AAPL,320193,0001140361-25-005876,2025-02-25,2025-02-25,8-K,sec_edgar,2026-08-06 23:15:34.711786+00:00
AAPL,320193,0000320193-25-000055,2025-05-01,2025-05-01,8-K,sec_edgar,2026-08-06 23:15:34.711786+00:00
AAPL,320193,0000320193-25-000057,2025-05-02,2025-03-29,10-Q,sec_edgar,2026-08-06 23:15:34.711786+00:00
AAPL,320193,0001140361-25-018400,2025-05-12,2025-05-05,8-K,sec_edgar,2026-08-06 23:15:34.711786+00:00
AAPL,320193,0001140361-25-025275,2025-07-09,2025-07-08,8-K,sec_edgar,2026-08-06 23:15:34.711786+00:00
AAPL,320193,0001140361-25-027340,2025-07-25,2025-07-21,8-K,sec_edgar,2026-08-06 23:15:34.711786+00:00
AAPL,320193,0000320193-25-000071,2025-07-31,2025-07-31,8-K,sec_edgar,2026-08-06 23:15:34.711786+00:00
AAPL,320193,0000320193-25-000073,2025-08-01,2025-06-28,10-Q,sec_edgar,2026-08-06 23:15:34.711786+00:00
AAPL,320193,0000320193-25-000077,2025-10-30,2025-10-30,8-K,sec_edgar,2026-08-06 23:15:34.711786+00:00
AAPL,320193,0000320193-25-000079,2025-10-31,2025-09-27,10-K,sec_edgar,2026-08-06 23:15:34.711786+00:00
AAPL,320193,0001140361-25-044561,2025-12-05,2025-12-04,8-K,sec_edgar,2026-08-06 23:15:34.711786+00:00
AAPL,320193,0001140361-26-000199,2026-01-02,2025-12-30,8-K,sec_edgar,2026-08-06 23:15:34.711786+00:00
AAPL,320193,0000320193-26-000005,2026-01-29,2026-01-29,8-K,sec_edgar,2026-08-06 23:15:34.711786+00:00
AAPL,320193,0000320193-26-000006,2026-01-30,2025-12-27,10-Q,sec_edgar,2026-08-06 23:15:34.711786+00:00
AAPL,320193,0001140361-26-006577,2026-02-24,2026-02-24,8-K,sec_edgar,2026-08-06 23:15:34.711786+00:00
AAPL,320193,0001140361-26-015711,2026-04-20,2026-04-17,8-K,sec_edgar,2026-08-06 23:15:34.711786+00:00
AAPL,320193,0000320193-26-000011,2026-04-30,2026-04-30,8-K,sec_edgar,2026-08-06 23:15:34.711786+00:00
AAPL,320193,0000320193-26-000013,2026-05-01,2026-03-28,10-Q,sec_edgar,2026-08-06 23:15:34.711786+00:00
AAPL,320193,0000320193-26-000018,2026-07-30,2026-07-30,8-K,sec_edgar,2026-08-06 23:15:34.711786+00:00
AAPL,320193,0000320193-26-000020,2026-07-31,2026-06-27,10-Q,sec_edgar,2026-08-06 23:15:34.711786+00:00
AMD,2488,0000002488-94-000001,1994-01-27,1994-01-27,8-K,sec_edgar,2026-08-06 23:15:34.711786+00:00
AMD,2488,0000002488-94-000002,1994-02-11,1994-02-10,8-K,sec_edgar,2026-08-06 23:15:34.711786+00:00
AMD,2488,0000891618-94-000068,1994-03-07,1993-12-26,10-K,sec_edgar,2026-08-06 23:15:34.711786+00:00
AMD,2488,0000950130-94-000448,1994-03-23,1994-03-10,8-K,sec_edgar,2026-08-06 23:15:34.711786+00:00
AMD,2488,0000950131-94-000498,1994-04-08,1994-03-27,10-Q,sec_edgar,2026-08-06 23:15:34.711786+00:00
AMD,2488,0000912057-94-002284,1994-07-12,1994-07-11,8-K,sec_edgar,2026-08-06 23:15:34.711786+00:00
AMD,2488,0000912057-94-002437,1994-08-01,1994-06-26,10-Q,sec_edgar,2026-08-06 23:15:34.711786+00:00
AMD,2488,0000898430-94-000804,1994-11-04,1994-09-25,10-Q,sec_edgar,2026-08-06 23:15:34.711786+00:00
AMD,2488,0000898430-95-000048,1995-01-19,1994-12-30,8-K,sec_edgar,2026-08-06 23:15:34.711786+00:00
AMD,2488,0000898430-95-000246,1995-02-28,1995-02-10,8-K,sec_edgar,2026-08-06 23:15:34.711786+00:00
AMD,2488,0000950131-95-000530,1995-03-07,1994-12-25,10-K,sec_edgar,2026-08-06 23:15:34.711786+00:00
AMD,2488,0000950131-95-000624,1995-03-17,1995-03-13,8-K,sec_edgar,2026-08-06 23:15:34.711786+00:00
AMD,2488,0000898430-95-000586,1995-04-19,1995-04-17,8-K,sec_edgar,2026-08-06 23:15:34.711786+00:00
AMD,2488,0000898430-95-000616,1995-04-25,1995-04-02,10-Q,sec_edgar,2026-08-06 23:15:34.711786+00:00
AMD,2488,0000898430-95-001323,1995-07-24,1995-07-02,10-Q,sec_edgar,2026-08-06 23:15:34.711786+00:00
AMD,2488,0000898430-95-001937,1995-09-29,1995-09-25,8-K,sec_edgar,2026-08-06 23:15:34.711786+00:00
AMD,2488,0000898430-95-002116,1995-11-02,1995-10-01,10-Q,sec_edgar,2026-08-06 23:15:34.711786+00:00
AMD,2488,0000898430-95-002285,1995-11-13,1995-11-06,8-K,sec_edgar,2026-08-06 23:15:34.711786+00:00
AMD,2488,0000898430-95-002697,1995-12-21,1995-12-18,8-K,sec_edgar,2026-08-06 23:15:34.711786+00:00
AMD,2488,0000898430-96-000096,1996-01-12,1996-01-12,8-K,sec_edgar,2026-08-06 23:15:34.711786+00:00
AMD,2488,0000898430-96-000095,1996-01-12,1996-01-10,8-K,sec_edgar,2026-08-06 23:15:34.711786+00:00
AMD,2488,0000898430-96-000094,1996-01-12,1996-01-05,8-K,sec_edgar,2026-08-06 23:15:34.711786+00:00
AMD,2488,0000898430-96-000281,1996-02-01,1996-01-17,8-K,sec_edgar,2026-08-06 23:15:34.711786+00:00
AMD,2488,0000898430-96-001234,1996-04-08,1996-04-01,8-K,sec_edgar,2026-08-06 23:15:34.711786+00:00
AMD,2488,0000898430-96-001335,1996-04-16,1996-04-09,8-K,sec_edgar,2026-08-06 23:15:34.711786+00:00
AMD,2488,0000898430-96-002040,1996-05-15,1996-03-31,10-Q,sec_edgar,2026-08-06 23:15:34.711786+00:00
AMD,2488,0001012870-96-000064,1996-06-20,1996-06-19,8-K,sec_edgar,2026-08-06 23:15:34.711786+00:00
AMD,2488,0000898430-96-002842,1996-06-24,1996-06-20,8-K,sec_edgar,2026-08-06 23:15:34.711786+00:00
AMD,2488,0001012870-96-000140,1996-07-23,1996-07-10,8-K,sec_edgar,2026-08-06 23:15:34.711786+00:00
AMD,2488,0000898430-96-003346,1996-07-26,1996-07-22,8-K,sec_edgar,2026-08-06 23:15:34.711786+00:00
AMD,2488,0000898430-96-003527,1996-08-08,1996-06-30,10-Q,sec_edgar,2026-08-06 23:15:34.711786+00:00
AMD,2488,0000929624-96-000166,1996-08-21,1996-08-13,8-K,sec_edgar,2026-08-06 23:15:34.711786+00:00
AMD,2488,0001012870-96-000442,1996-10-11,1996-10-07,8-K,sec_edgar,2026-08-06 23:15:34.711786+00:00
AMD,2488,0001012870-96-000583,1996-11-08,1996-09-29,10-Q,sec_edgar,2026-08-06 23:15:34.711786+00:00
AMD,2488,0001012870-97-000079,1997-01-21,1997-01-13,8-K,sec_edgar,2026-08-06 23:15:34.711786+00:00
AMD,2488,0001012870-97-000533,1997-03-20,1996-12-29,10-K,sec_edgar,2026-08-06 23:15:34.711786+00:00
AMD,2488,0001012870-97-000687,1997-04-04,1997-03-13,8-K,sec_edgar,2026-08-06 23:15:34.711786+00:00
AMD,2488,0001012870-97-000724,1997-04-11,1997-04-07,8-K,sec_edgar,2026-08-06 23:15:34.711786+00:00
AMD,2488,0000950109-97-004074,1997-05-14,1997-03-30,10-Q,sec_edgar,2026-08-06 23:15:34.711786+00:00
AMD,2488,0000929624-97-000885,1997-07-17,1997-07-08,8-K,sec_edgar,2026-08-06 23:15:34.711786+00:00
AMD,2488,0001012870-97-001536,1997-08-13,1997-06-29,10-Q,sec_edgar,2026-08-06 23:15:34.711786+00:00
AMD,2488,0001012870-97-001742,1997-09-10,1997-09-03,8-K,sec_edgar,2026-08-06 23:15:34.711786+00:00
AMD,2488,0001012870-97-001938,1997-10-10,1997-09-30,8-K,sec_edgar,2026-08-06 23:15:34.711786+00:00
AMD,2488,0001012870-97-002052,1997-10-24,1997-10-07,8-K,sec_edgar,2026-08-06 23:15:34.711786+00:00
AMD,2488,0001012870-97-002210,1997-11-12,1997-09-28,10-Q,sec_edgar,2026-08-06 23:15:34.711786+00:00
AMD,2488,0001012870-98-000117,1998-01-27,1998-01-13,8-K,sec_edgar,2026-08-06 23:15:34.711786+00:00
AMD,2488,0001012870-98-000954,1998-04-14,1998-04-07,8-K,sec_edgar,2026-08-06 23:15:34.711786+00:00
AMD,2488,0001012870-98-001068,1998-04-23,1998-03-29,10-Q,sec_edgar,2026-08-06 23:15:34.711786+00:00
AMD,2488,0000929624-98-000887,1998-05-08,1998-05-08,8-K,sec_edgar,2026-08-06 23:15:34.711786+00:00
AMD,2488,0001012870-98-001778,1998-07-09,1998-07-08,8-K,sec_edgar,2026-08-06 23:15:34.711786+00:00
AMD,2488,0001012870-98-001871,1998-07-22,1998-07-20,8-K,sec_edgar,2026-08-06 23:15:34.711786+00:00
AMD,2488,0001012870-98-002066,1998-08-12,1998-06-28,10-Q,sec_edgar,2026-08-06 23:15:34.711786+00:00
AMD,2488,0001012870-98-002698,1998-10-23,1998-10-06,8-K,sec_edgar,2026-08-06 23:15:34.711786+00:00
AMD,2488,0001012870-98-002829,1998-11-12,1998-09-27,10-Q,sec_edgar,2026-08-06 23:15:34.711786+00:00
AMD,2488,0001012870-99-000143,1999-01-19,1999-01-13,8-K,sec_edgar,2026-08-06 23:15:34.711786+00:00
AMD,2488,0001012870-99-000892,1999-03-29,1998-12-27,10-K,sec_edgar,2026-08-06 23:15:34.711786+00:00
AMD,2488,0001012870-99-001135,1999-04-14,1998-04-07,8-K,sec_edgar,2026-08-06 23:15:34.711786+00:00
AMD,2488,0001012870-99-001236,1999-04-22,1999-04-14,8-K,sec_edgar,2026-08-06 23:15:34.711786+00:00
AMD,2488,0000929624-99-000743,1999-04-27,1999-04-21,8-K,sec_edgar,2026-08-06 23:15:34.711786+00:00
AMD,2488,0001012870-99-001511,1999-05-12,1999-03-28,10-Q,sec_edgar,2026-08-06 23:15:34.711786+00:00
AMD,2488,0001012870-99-002150,1999-06-30,1999-06-15,8-K,sec_edgar,2026-08-06 23:15:34.711786+00:00
AMD,2488,0001012870-99-002175,1999-07-02,1999-06-23,8-K,sec_edgar,2026-08-06 23:15:34.711786+00:00
AMD,2488,0001012870-99-002514,1999-07-26,1999-07-14,8-K,sec_edgar,2026-08-06 23:15:34.711786+00:00
AMD,2488,0001012870-99-002652,1999-08-06,1999-06-27,10-Q,sec_edgar,2026-08-06 23:15:34.711786+00:00
AMD,2488,0001012870-99-003595,1999-10-12,1999-10-06,8-K,sec_edgar,2026-08-06 23:15:34.711786+00:00
AMD,2488,0001012870-99-003592,1999-10-12,1999-10-06,8-K,sec_edgar,2026-08-06 23:15:34.711786+00:00
AMD,2488,0001012870-99-003915,1999-11-01,1999-09-26,10-Q,sec_edgar,2026-08-06 23:15:34.711786+00:00
AMD,2488,0001012870-99-004400,1999-11-24,1999-11-11,8-K,sec_edgar,2026-08-06 23:15:34.711786+00:00
AMD,2488,0001012870-00-000241,2000-01-27,2000-01-19,8-K,sec_edgar,2026-08-06 23:15:34.711786+00:00
AMD,2488,0001012870-00-000845,2000-02-17,2000-02-11,8-K,sec_edgar,2026-08-06 23:15:34.711786+00:00
AMD,2488,0001012870-00-001917,2000-04-05,2000-03-30,8-K,sec_edgar,2026-08-06 23:15:34.711786+00:00
AMD,2488,0001012870-00-002176,2000-04-18,2000-04-05,8-K,sec_edgar,2026-08-06 23:15:34.711786+00:00
AMD,2488,0001012870-00-002268,2000-04-21,2000-04-12,8-K,sec_edgar,2026-08-06 23:15:34.711786+00:00
AMD,2488,0001012870-00-002943,2000-05-17,2000-04-02,10-Q,sec_edgar,2026-08-06 23:15:34.711786+00:00
AMD,2488,0000929624-00-000768,2000-05-24,2000-05-21,8-K,sec_edgar,2026-08-06 23:15:34.711786+00:00
AMD,2488,0001012870-00-004055,2000-07-31,2000-07-19,8-K,sec_edgar,2026-08-06 23:15:34.711786+00:00
AMD,2488,0001012870-00-004459,2000-08-16,2000-07-02,10-Q,sec_edgar,2026-08-06 23:15:34.711786+00:00
AMD,2488,0001012870-00-004520,2000-08-21,2000-08-04,8-K,sec_edgar,2026-08-06 23:15:34.711786+00:00
AMD,2488,0001012870-00-005323,2000-10-20,2000-10-11,8-K,sec_edgar,2026-08-06 23:15:34.711786+00:00
AMD,2488,0001012870-00-005706,2000-11-13,2000-10-01,10-Q,sec_edgar,2026-08-06 23:15:34.711786+00:00
AMD,2488,0001012870-00-006192,2000-12-15,2000-12-11,8-K,sec_edgar,2026-08-06 23:15:34.711786+00:00
AMD,2488,0001012870-01-000218,2001-01-24,2001-01-17,8-K,sec_edgar,2026-08-06 23:15:34.711786+00:00
AMD,2488,0001012870-01-000424,2001-02-08,2001-01-29,8-K,sec_edgar,2026-08-06 23:15:34.711786+00:00
AMD,2488,0001012870-01-500411,2001-04-24,2001-04-18,8-K,sec_edgar,2026-08-06 23:15:34.711786+00:00
AMD,2488,0000944209-01-500280,2001-05-09,2001-05-07,8-K,sec_edgar,2026-08-06 23:15:34.711786+00:00
AMD,2488,0001012870-01-500838,2001-05-15,2001-04-01,10-Q,sec_edgar,2026-08-06 23:15:34.711786+00:00
AMD,2488,0001021408-01-503226,2001-07-10,2001-07-05,8-K,sec_edgar,2026-08-06 23:15:34.711786+00:00
AMD,2488,0001021408-01-503537,2001-07-18,2001-07-12,8-K,sec_edgar,2026-08-06 23:15:34.711786+00:00
AMD,2488,0001012870-01-501532,2001-08-10,2001-07-01,10-Q,sec_edgar,2026-08-06 23:15:34.711786+00:00
AMD,2488,0001021408-01-507639,2001-10-03,2001-09-25,8-K,sec_edgar,2026-08-06 23:15:34.711786+00:00
AMD,2488,0001012870-01-502254,2001-10-11,2001-10-05,8-K,sec_edgar,2026-08-06 23:15:34.711786+00:00
AMD,2488,0001012870-01-502417,2001-10-23,2001-10-17,8-K,sec_edgar,2026-08-06 23:15:34.711786+00:00
AMD,2488,0001012870-01-502805,2001-11-14,2001-09-30,10-Q,sec_edgar,2026-08-06 23:15:34.711786+00:00
AMD,2488,0001012870-01-502853,2001-11-15,2001-11-08,8-K,sec_edgar,2026-08-06 23:15:34.711786+00:00
AMD,2488,0001012870-01-503155,2001-12-13,2001-12-06,8-K,sec_edgar,2026-08-06 23:15:34.711786+00:00
AMD,2488,0001012870-02-000222,2002-01-23,2002-01-23,8-K,sec_edgar,2026-08-06 23:15:34.711786+00:00
AMD,2488,0001012870-02-000220,2002-01-23,2002-01-16,8-K,sec_edgar,2026-08-06 23:15:34.711786+00:00
AMD,2488,0001012870-02-000238,2002-01-24,2002-01-24,8-K,sec_edgar,2026-08-06 23:15:34.711786+00:00
AMD,2488,0001012870-02-000319,2002-01-30,2002-01-29,8-K,sec_edgar,2026-08-06 23:15:34.711786+00:00
AMD,2488,0001012870-02-001071,2002-03-07,2001-12-30,10-K,sec_edgar,2026-08-06 23:15:34.711786+00:00
AMD,2488,0001012870-02-001939,2002-04-24,2002-04-17,8-K,sec_edgar,2026-08-06 23:15:34.711786+00:00
AMD,2488,0001012870-02-002217,2002-05-13,2002-03-31,10-Q,sec_edgar,2026-08-06 23:15:34.711786+00:00
AMD,2488,0001012870-02-003049,2002-07-19,2002-07-17,8-K,sec_edgar,2026-08-06 23:15:34.711786+00:00
AMD,2488,0001012870-02-003407,2002-08-13,2002-08-13,8-K,sec_edgar,2026-08-06 23:15:34.711786+00:00
AMD,2488,0001012870-02-003406,2002-08-13,2002-06-30,10-Q,sec_edgar,2026-08-06 23:15:34.711786+00:00
AMD,2488,0000898430-02-003291,2002-08-28,2002-08-28,8-K,sec_edgar,2026-08-06 23:15:34.711786+00:00
AMD,2488,0001012870-02-004076,2002-10-18,2002-10-16,8-K,sec_edgar,2026-08-06 23:15:34.711786+00:00
AMD,2488,0001012870-02-004351,2002-11-13,2002-09-29,10-Q,sec_edgar,2026-08-06 23:15:34.711786+00:00
AMD,2488,0001012870-02-004446,2002-11-18,2002-11-18,8-K,sec_edgar,2026-08-06 23:15:34.711786+00:00
AMD,2488,0001012870-02-004523,2002-11-26,2002-11-25,8-K,sec_edgar,2026-08-06 23:15:34.711786+00:00
AMD,2488,0000898430-03-000149,2003-01-21,2003-01-16,8-K,sec_edgar,2026-08-06 23:15:34.711786+00:00
AMD,2488,0001012870-03-001181,2003-03-14,2002-12-29,10-K,sec_edgar,2026-08-06 23:15:34.711786+00:00
AMD,2488,0001012870-03-001576,2003-04-04,2003-03-31,8-K,sec_edgar,2026-08-06 23:15:34.711786+00:00
AMD,2488,0001012870-03-001936,2003-04-23,2003-04-16,8-K,sec_edgar,2026-08-06 23:15:34.711786+00:00
AMD,2488,0001012870-03-002509,2003-05-13,2003-03-30,10-Q,sec_edgar,2026-08-06 23:15:34.711786+00:00
AMD,2488,0001193125-03-019245,2003-07-14,2003-07-14,8-K,sec_edgar,2026-08-06 23:15:34.711786+00:00
AMD,2488,0001193125-03-020249,2003-07-16,2003-07-16,8-K,sec_edgar,2026-08-06 23:15:34.711786+00:00
AMD,2488,0001193125-03-033907,2003-08-12,2003-06-29,10-Q,sec_edgar,2026-08-06 23:15:34.711786+00:00
AMD,2488,0001193125-03-063145,2003-10-17,2003-10-16,8-K,sec_edgar,2026-08-06 23:15:34.711786+00:00
AMD,2488,0001193125-03-078414,2003-11-12,2003-09-28,10-Q,sec_edgar,2026-08-06 23:15:34.711786+00:00
AMD,2488,0001193125-03-085746,2003-11-24,2003-11-20,8-K,sec_edgar,2026-08-06 23:15:34.711786+00:00
AMD,2488,0001193125-04-006178,2004-01-20,2004-01-20,8-K,sec_edgar,2026-08-06 23:15:34.711786+00:00
AMD,2488,0001193125-04-037179,2004-03-09,2003-12-28,10-K,sec_edgar,2026-08-06 23:15:34.711786+00:00
AMD,2488,0001193125-04-062410,2004-04-14,2004-04-14,8-K,sec_edgar,2026-08-06 23:15:34.711786+00:00
AMD,2488,0001193125-04-069741,2004-04-26,2004-04-21,8-K,sec_edgar,2026-08-06 23:15:34.711786+00:00
AMD,2488,0001193125-04-080712,2004-05-06,2004-03-28,10-Q,sec_edgar,2026-08-06 23:15:34.711786+00:00
AMD,2488,0001193125-04-118201,2004-07-14,2004-07-14,8-K,sec_edgar,2026-08-06 23:15:34.711786+00:00
AMD,2488,0001193125-04-132797,2004-08-05,2004-06-27,10-Q,sec_edgar,2026-08-06 23:15:34.711786+00:00
AMD,2488,0001193125-04-159521,2004-09-21,2004-09-15,8-K,sec_edgar,2026-08-06 23:15:34.711786+00:00
AMD,2488,0001193125-04-168381,2004-10-07,2004-10-07,8-K,sec_edgar,2026-08-06 23:15:34.711786+00:00
AMD,2488,0001193125-04-170897,2004-10-13,2004-10-13,8-K,sec_edgar,2026-08-06 23:15:34.711786+00:00
AMD,2488,0001193125-04-172256,2004-10-15,2004-10-15,8-K,sec_edgar,2026-08-06 23:15:34.711786+00:00
AMD,2488,0001193125-04-175594,2004-10-21,2004-10-19,8-K,sec_edgar,2026-08-06 23:15:34.711786+00:00
AMD,2488,0001193125-04-176362,2004-10-22,2004-10-22,8-K,sec_edgar,2026-08-06 23:15:34.711786+00:00
AMD,2488,0001193125-04-183871,2004-11-02,2004-10-27,8-K,sec_edgar,2026-08-06 23:15:34.711786+00:00
AMD,2488,0001193125-04-186500,2004-11-04,2004-09-26,10-Q,sec_edgar,2026-08-06 23:15:34.711786+00:00
AMD,2488,0001193125-04-189660,2004-11-08,2004-11-03,8-K,sec_edgar,2026-08-06 23:15:34.711786+00:00
AMD,2488,0001193125-04-199053,2004-11-17,2004-11-15,8-K,sec_edgar,2026-08-06 23:15:34.711786+00:00
AMD,2488,0001193125-05-004693,2005-01-11,2005-01-05,8-K,sec_edgar,2026-08-06 23:15:34.711786+00:00
AMD,2488,0001193125-05-007687,2005-01-18,2005-01-18,8-K,sec_edgar,2026-08-06 23:15:34.711786+00:00
AMD,2488,0001193125-05-025081,2005-02-10,2005-02-04,8-K,sec_edgar,2026-08-06 23:15:34.711786+00:00
AMD,2488,0001193125-05-039876,2005-03-01,2004-12-26,10-K,sec_edgar,2026-08-06 23:15:34.711786+00:00
AMD,2488,0001193125-05-040241,2005-03-02,2005-03-01,8-K,sec_edgar,2026-08-06 23:15:34.711786+00:00
AMD,2488,0001193125-05-066983,2005-03-31,2005-03-25,8-K,sec_edgar,2026-08-06 23:15:34.711786+00:00
AMD,2488,0001193125-05-075683,2005-04-13,2005-04-13,8-K,sec_edgar,2026-08-06 23:15:34.711786+00:00
AMD,2488,0001193125-05-075646,2005-04-13,2005-04-13,8-K,sec_edgar,2026-08-06 23:15:34.711786+00:00
AMD,2488,0001193125-05-095827,2005-05-04,2005-04-28,8-K,sec_edgar,2026-08-06 23:15:34.711786+00:00
AMD,2488,0001193125-05-099350,2005-05-06,2005-03-27,10-Q,sec_edgar,2026-08-06 23:15:34.711786+00:00
AMD,2488,0001193125-05-126527,2005-06-16,2005-06-10,8-K,sec_edgar,2026-08-06 23:15:34.711786+00:00
AMD,2488,0001193125-05-133207,2005-06-28,2005-06-27,8-K,sec_edgar,2026-08-06 23:15:34.711786+00:00
AMD,2488,0001193125-05-141621,2005-07-13,2005-07-13,8-K,sec_edgar,2026-08-06 23:15:34.711786+00:00
AMD,2488,0001193125-05-154965,2005-08-02,2005-07-27,8-K,sec_edgar,2026-08-06 23:15:34.711786+00:00
AMD,2488,0001193125-05-157905,2005-08-04,2005-06-26,10-Q,sec_edgar,2026-08-06 23:15:34.711786+00:00
AMD,2488,0001193125-05-190657,2005-09-23,2005-09-19,8-K,sec_edgar,2026-08-06 23:15:34.711786+00:00
AMD,2488,0001193125-05-199587,2005-10-11,2005-10-11,8-K,sec_edgar,2026-08-06 23:15:34.711786+00:00
AMD,2488,0001193125-05-201830,2005-10-14,2005-10-12,8-K,sec_edgar,2026-08-06 23:15:34.711786+00:00
AMD,2488,0001193125-05-205879,2005-10-21,2005-10-21,8-K,sec_edgar,2026-08-06 23:15:34.711786+00:00
AMD,2488,0001193125-05-209954,2005-10-27,2005-10-27,8-K,sec_edgar,2026-08-06 23:15:34.711786+00:00
AMD,2488,0001193125-05-212861,2005-11-01,2005-10-27,8-K,sec_edgar,2026-08-06 23:15:34.711786+00:00
AMD,2488,0001193125-05-215504,2005-11-03,2005-09-25,10-Q,sec_edgar,2026-08-06 23:15:34.711786+00:00
AMD,2488,0001193125-05-246713,2005-12-21,2005-12-15,8-K,sec_edgar,2026-08-06 23:15:34.711786+00:00
AMD,2488,0001193125-06-005587,2006-01-12,2006-01-12,8-K,sec_edgar,2026-08-06 23:15:34.711786+00:00
AMD,2488,0001193125-06-008025,2006-01-18,2006-01-18,8-K,sec_edgar,2026-08-06 23:15:34.711786+00:00
AMD,2488,0001193125-06-009989,2006-01-23,2006-01-23,8-K,sec_edgar,2026-08-06 23:15:34.711786+00:00
AMD,2488,0001193125-06-009727,2006-01-23,2006-01-23,8-K,sec_edgar,2026-08-06 23:15:34.711786+00:00
AMD,2488,0001193125-06-013986,2006-01-27,2006-01-27,8-K,sec_edgar,2026-08-06 23:15:34.711786+00:00
AMD,2488,0001193125-06-032729,2006-02-15,2006-02-09,8-K,sec_edgar,2026-08-06 23:15:34.711786+00:00
AMD,2488,0001193125-06-040130,2006-02-27,2005-12-25,10-K,sec_edgar,2026-08-06 23:15:34.711786+00:00
AMD,2488,0001193125-06-043959,2006-03-02,2006-02-24,8-K,sec_edgar,2026-08-06 23:15:34.711786+00:00
AMD,2488,0001193125-06-060776,2006-03-22,2006-03-16,8-K,sec_edgar,2026-08-06 23:15:34.711786+00:00
AMD,2488,0001193125-06-078788,2006-04-12,2006-04-12,8-K,sec_edgar,2026-08-06 23:15:34.711786+00:00
AMD,2488,0001193125-06-100731,2006-05-05,2006-03-26,10-Q,sec_edgar,2026-08-06 23:15:34.711786+00:00
AMD,2488,0001193125-06-105987,2006-05-10,2006-05-04,8-K,sec_edgar,2026-08-06 23:15:34.711786+00:00
AMD,2488,0001193125-06-150201,2006-07-20,2006-07-20,8-K,sec_edgar,2026-08-06 23:15:34.711786+00:00
AMD,2488,0001193125-06-151361,2006-07-24,2006-07-23,8-K,sec_edgar,2026-08-06 23:15:34.711786+00:00
AMD,2488,0001193125-06-156973,2006-07-31,2006-07-25,8-K,sec_edgar,2026-08-06 23:15:34.711786+00:00
AMD,2488,0001193125-06-169620,2006-08-11,2006-07-02,10-Q,sec_edgar,2026-08-06 23:15:34.711786+00:00
AMD,2488,0001193125-06-191828,2006-09-15,2006-09-15,8-K,sec_edgar,2026-08-06 23:15:34.711786+00:00
AMD,2488,0001193125-06-202578,2006-10-04,2006-09-28,8-K,sec_edgar,2026-08-06 23:15:34.711786+00:00
AMD,2488,0001193125-06-210168,2006-10-18,2006-10-18,8-K,sec_edgar,2026-08-06 23:15:34.711786+00:00
AMD,2488,0001193125-06-211032,2006-10-19,2006-10-13,8-K,sec_edgar,2026-08-06 23:15:34.711786+00:00
AMD,2488,0001193125-06-217735,2006-10-30,2006-10-24,8-K,sec_edgar,2026-08-06 23:15:34.711786+00:00
AMD,2488,0001193125-06-230604,2006-11-09,2006-10-01,10-Q,sec_edgar,2026-08-06 23:15:34.711786+00:00
AMD,2488,0001193125-06-239966,2006-11-21,2006-11-15,8-K,sec_edgar,2026-08-06 23:15:34.711786+00:00
AMD,2488,0001193125-06-245126,2006-12-01,2006-11-29,8-K,sec_edgar,2026-08-06 23:15:34.711786+00:00
AMD,2488,0001193125-06-253199,2006-12-14,2006-12-14,8-K,sec_edgar,2026-08-06 23:15:34.711786+00:00
AMD,2488,0001193125-06-257028,2006-12-20,2006-12-16,8-K,sec_edgar,2026-08-06 23:15:34.711786+00:00
AMD,2488,0001193125-06-260492,2006-12-27,2006-12-22,8-K,sec_edgar,2026-08-06 23:15:34.711786+00:00
AMD,2488,0001193125-06-261004,2006-12-28,2006-12-27,8-K,sec_edgar,2026-08-06 23:15:34.711786+00:00
AMD,2488,0001193125-07-010956,2007-01-23,2007-01-23,8-K,sec_edgar,2026-08-06 23:15:34.711786+00:00
AMD,2488,0001193125-07-031520,2007-02-14,2007-02-08,8-K,sec_edgar,2026-08-06 23:15:34.711786+00:00
AMD,2488,0001193125-07-044191,2007-03-01,2006-12-31,10-K,sec_edgar,2026-08-06 23:15:34.711786+00:00
AMD,2488,0001193125-07-077064,2007-04-09,2007-04-09,8-K,sec_edgar,2026-08-06 23:15:34.711786+00:00
AMD,2488,0001193125-07-085240,2007-04-19,2007-04-19,8-K,sec_edgar,2026-08-06 23:15:34.711786+00:00
AMD,2488,0001193125-07-087794,2007-04-23,2007-04-23,8-K,sec_edgar,2026-08-06 23:15:34.711786+00:00
AMD,2488,0001193125-07-088325,2007-04-24,2007-04-24,8-K,sec_edgar,2026-08-06 23:15:34.711786+00:00
AMD,2488,0001193125-07-095893,2007-04-30,2007-04-24,8-K,sec_edgar,2026-08-06 23:15:34.711786+00:00
AMD,2488,0001193125-07-108224,2007-05-09,2007-03-31,10-Q,sec_edgar,2026-08-06 23:15:34.711786+00:00
AMD,2488,0001193125-07-106389,2007-05-09,2007-05-03,8-K,sec_edgar,2026-08-06 23:15:34.711786+00:00
AMD,2488,0001193125-07-126082,2007-05-31,2007-05-24,8-K,sec_edgar,2026-08-06 23:15:34.711786+00:00
AMD,2488,0001193125-07-139257,2007-06-20,2007-06-14,8-K,sec_edgar,2026-08-06 23:15:34.711786+00:00
AMD,2488,0001193125-07-158181,2007-07-19,2007-07-19,8-K,sec_edgar,2026-08-06 23:15:34.711786+00:00
AMD,2488,0001193125-07-172819,2007-08-07,2007-06-30,10-Q,sec_edgar,2026-08-06 23:15:34.711786+00:00
AMD,2488,0001193125-07-177296,2007-08-09,2007-08-08,8-K,sec_edgar,2026-08-06 23:15:34.711786+00:00
AMD,2488,0001193125-07-182838,2007-08-14,2007-08-14,8-K,sec_edgar,2026-08-06 23:15:34.711786+00:00
AMD,2488,0001193125-07-187707,2007-08-23,2007-08-22,8-K,sec_edgar,2026-08-06 23:15:34.711786+00:00
AMD,2488,0001193125-07-221279,2007-10-18,2007-10-18,8-K,sec_edgar,2026-08-06 23:15:34.711786+00:00
AMD,2488,0001193125-07-235830,2007-11-06,2007-11-01,8-K,sec_edgar,2026-08-06 23:15:34.711786+00:00
AMD,2488,0001193125-07-238299,2007-11-07,2007-09-29,10-Q,sec_edgar,2026-08-06 23:15:34.711786+00:00
AMD,2488,0001193125-07-249362,2007-11-16,2007-11-15,8-K,sec_edgar,2026-08-06 23:15:34.711786+00:00
AMD,2488,0001193125-07-263283,2007-12-12,2007-12-06,8-K,sec_edgar,2026-08-06 23:15:34.711786+00:00
AMD,2488,0001193125-07-264822,2007-12-13,2007-12-12,8-K,sec_edgar,2026-08-06 23:15:34.711786+00:00
AMD,2488,0001193125-08-008082,2008-01-17,2008-01-17,8-K,sec_edgar,2026-08-06 23:15:34.711786+00:00
AMD,2488,0001193125-08-038588,2008-02-26,2007-12-29,10-K,sec_edgar,2026-08-06 23:15:34.711786+00:00
AMD,2488,0001193125-08-072480,2008-04-01,2008-04-01,8-K,sec_edgar,2026-08-06 23:15:34.711786+00:00
AMD,2488,0001193125-08-076332,2008-04-07,2008-04-07,8-K,sec_edgar,2026-08-06 23:15:34.711786+00:00
AMD,2488,0001193125-08-083680,2008-04-17,2008-04-17,8-K,sec_edgar,2026-08-06 23:15:34.711786+00:00
AMD,2488,0001193125-08-105559,2008-05-07,2008-03-29,10-Q,sec_edgar,2026-08-06 23:15:34.711786+00:00
AMD,2488,0001193125-08-111568,2008-05-12,2008-05-09,8-K,sec_edgar,2026-08-06 23:15:34.711786+00:00
AMD,2488,0001193125-08-149499,2008-07-11,2008-07-09,8-K,sec_edgar,2026-08-06 23:15:34.711786+00:00
AMD,2488,0001193125-08-152848,2008-07-17,2008-07-17,8-K,sec_edgar,2026-08-06 23:15:34.711786+00:00
AMD,2488,0001193125-08-153147,2008-07-18,2008-07-17,8-K,sec_edgar,2026-08-06 23:15:34.711786+00:00
AMD,2488,0001193125-08-168449,2008-08-06,2008-06-28,10-Q,sec_edgar,2026-08-06 23:15:34.711786+00:00
AMD,2488,0001193125-08-182330,2008-08-21,2008-08-15,8-K,sec_edgar,2026-08-06 23:15:34.711786+00:00
AMD,2488,0001193125-08-187160,2008-08-29,2008-08-25,8-K,sec_edgar,2026-08-06 23:15:34.711786+00:00
AMD,2488,0001193125-08-201403,2008-09-25,2008-09-16,8-K,sec_edgar,2026-08-06 23:15:34.711786+00:00
AMD,2488,0001193125-08-207049,2008-10-07,2008-10-07,8-K,sec_edgar,2026-08-06 23:15:34.711786+00:00
AMD,2488,0001193125-08-209112,2008-10-10,2008-10-06,8-K,sec_edgar,2026-08-06 23:15:34.711786+00:00
AMD,2488,0001193125-08-211653,2008-10-16,2008-10-16,8-K,sec_edgar,2026-08-06 23:15:34.711786+00:00
AMD,2488,0001193125-08-215269,2008-10-23,2008-10-23,8-K,sec_edgar,2026-08-06 23:15:34.711786+00:00
AMD,2488,0001193125-08-218819,2008-10-29,2008-10-27,8-K,sec_edgar,2026-08-06 23:15:34.711786+00:00
AMD,2488,0001193125-08-228082,2008-11-06,2008-09-27,10-Q,sec_edgar,2026-08-06 23:15:34.711786+00:00
AMD,2488,0001193125-08-232788,2008-11-12,2008-11-06,8-K,sec_edgar,2026-08-06 23:15:34.711786+00:00
AMD,2488,0001193125-08-247635,2008-12-04,2008-12-03,8-K,sec_edgar,2026-08-06 23:15:34.711786+00:00
AMD,2488,0001193125-08-249520,2008-12-08,2008-12-05,8-K,sec_edgar,2026-08-06 23:15:34.711786+00:00
AMD,2488,0001193125-08-257239,2008-12-19,2008-12-15,8-K,sec_edgar,2026-08-06 23:15:34.711786+00:00
AMD,2488,0001193125-08-261099,2008-12-29,2008-12-19,8-K,sec_edgar,2026-08-06 23:15:34.711786+00:00
AMD,2488,0001193125-09-003760,2009-01-09,2009-01-09,8-K,sec_edgar,2026-08-06 23:15:34.711786+00:00
AMD,2488,0001193125-09-008914,2009-01-21,2009-01-16,8-K,sec_edgar,2026-08-06 23:15:34.711786+00:00
AMD,2488,0001193125-09-009751,2009-01-22,2009-01-20,8-K,sec_edgar,2026-08-06 23:15:34.711786+00:00
AMD,2488,0001193125-09-036235,2009-02-24,2008-12-27,10-K,sec_edgar,2026-08-06 23:15:34.711786+00:00
AMD,2488,0001193125-09-046101,2009-03-05,2009-03-02,8-K,sec_edgar,2026-08-06 23:15:34.711786+00:00
AMD,2488,0001193125-09-054552,2009-03-16,2009-03-11,8-K,sec_edgar,2026-08-06 23:15:34.711786+00:00
AMD,2488,0001193125-09-083507,2009-04-21,2009-04-21,8-K,sec_edgar,2026-08-06 23:15:34.711786+00:00
AMD,2488,0001193125-09-101683,2009-05-06,2009-03-28,10-Q,sec_edgar,2026-08-06 23:15:34.711786+00:00
AMD,2488,0001193125-09-145026,2009-07-07,2009-07-03,8-K,sec_edgar,2026-08-06 23:15:34.711786+00:00
AMD,2488,0001193125-09-152273,2009-07-21,2009-07-21,8-K,sec_edgar,2026-08-06 23:15:34.711786+00:00
AMD,2488,0001193125-09-162237,2009-08-03,2009-07-30,8-K,sec_edgar,2026-08-06 23:15:34.711786+00:00
AMD,2488,0001193125-09-165410,2009-08-05,2009-06-27,10-Q,sec_edgar,2026-08-06 23:15:34.711786+00:00
AMD,2488,0001193125-09-200901,2009-09-30,2009-09-27,8-K,sec_edgar,2026-08-06 23:15:34.711786+00:00
AMD,2488,0001193125-09-205522,2009-10-08,2009-10-08,8-K,sec_edgar,2026-08-06 23:15:34.711786+00:00
AMD,2488,0001193125-09-208500,2009-10-15,2009-10-15,8-K,sec_edgar,2026-08-06 23:15:34.711786+00:00
AMD,2488,0001193125-09-223772,2009-11-04,2009-09-26,10-Q,sec_edgar,2026-08-06 23:15:34.711786+00:00
AMD,2488,0001193125-09-236705,2009-11-17,2009-11-11,8-K,sec_edgar,2026-08-06 23:15:34.711786+00:00
AMD,2488,0001193125-09-237112,2009-11-18,2009-11-16,8-K,sec_edgar,2026-08-06 23:15:34.711786+00:00
AMD,2488,0001193125-09-239227,2009-11-20,2009-11-16,8-K,sec_edgar,2026-08-06 23:15:34.711786+00:00
AMD,2488,0001193125-09-240302,2009-11-23,2009-11-23,8-K,sec_edgar,2026-08-06 23:15:34.711786+00:00
AMD,2488,0001193125-09-245120,2009-12-01,2009-11-30,8-K,sec_edgar,2026-08-06 23:15:34.711786+00:00
AMD,2488,0001193125-10-009806,2010-01-21,2010-01-21,8-K,sec_edgar,2026-08-06 23:15:34.711786+00:00
AMD,2488,0001193125-10-016711,2010-01-29,2010-01-27,8-K,sec_edgar,2026-08-06 23:15:34.711786+00:00
AMD,2488,0001193125-10-035218,2010-02-19,2009-12-26,10-K,sec_edgar,2026-08-06 23:15:34.711786+00:00
AMD,2488,0001193125-10-079621,2010-04-08,2010-04-07,8-K,sec_edgar,2026-08-06 23:15:34.711786+00:00
AMD,2488,0001193125-10-084392,2010-04-15,2010-04-15,8-K,sec_edgar,2026-08-06 23:15:34.711786+00:00
AMD,2488,0001193125-10-106750,2010-05-04,2010-03-27,10-Q,sec_edgar,2026-08-06 23:15:34.711786+00:00
AMD,2488,0001193125-10-106098,2010-05-04,2010-04-29,8-K,sec_edgar,2026-08-06 23:15:34.711786+00:00
AMD,2488,0001193125-10-125068,2010-05-20,2010-05-14,8-K,sec_edgar,2026-08-06 23:15:34.711786+00:00
AMD,2488,0001193125-10-151040,2010-06-30,2010-06-29,8-K,sec_edgar,2026-08-06 23:15:34.711786+00:00
AMD,2488,0001193125-10-159512,2010-07-15,2010-07-15,8-K,sec_edgar,2026-08-06 23:15:34.711786+00:00
AMD,2488,0001193125-10-166111,2010-07-26,2010-07-26,8-K,sec_edgar,2026-08-06 23:15:34.711786+00:00
AMD,2488,0001193125-10-165487,2010-07-26,2010-07-26,8-K,sec_edgar,2026-08-06 23:15:34.711786+00:00
AMD,2488,0001193125-10-177386,2010-08-04,2010-06-26,10-Q,sec_edgar,2026-08-06 23:15:34.711786+00:00
AMD,2488,0001193125-10-176954,2010-08-04,2010-08-04,8-K,sec_edgar,2026-08-06 23:15:34.711786+00:00
AMD,2488,0001193125-10-229536,2010-10-14,2010-10-14,8-K,sec_edgar,2026-08-06 23:15:34.711786+00:00
AMD,2488,0001193125-10-246357,2010-11-03,2010-09-25,10-Q,sec_edgar,2026-08-06 23:15:34.711786+00:00
AMD,2488,0001193125-10-288151,2010-12-27,2010-12-27,8-K,sec_edgar,2026-08-06 23:15:34.711786+00:00
AMD,2488,0001193125-11-005156,2011-01-10,2011-01-10,8-K,sec_edgar,2026-08-06 23:15:34.711786+00:00
AMD,2488,0001193125-11-011350,2011-01-21,2011-01-20,8-K,sec_edgar,2026-08-06 23:15:34.711786+00:00
AMD,2488,0001193125-11-027405,2011-02-08,2011-02-02,8-K,sec_edgar,2026-08-06 23:15:34.711786+00:00
AMD,2488,0001193125-11-028302,2011-02-09,2011-02-08,8-K,sec_edgar,2026-08-06 23:15:34.711786+00:00
AMD,2488,0001193125-11-035286,2011-02-14,2011-02-11,8-K,sec_edgar,2026-08-06 23:15:34.711786+00:00
AMD,2488,0001193125-11-040392,2011-02-18,2010-12-25,10-K,sec_edgar,2026-08-06 23:15:34.711786+00:00
AMD,2488,0001193125-11-047575,2011-02-25,2011-02-18,8-K,sec_edgar,2026-08-06 23:15:34.711786+00:00
AMD,2488,0001193125-11-052321,2011-03-01,2011-02-24,8-K,sec_edgar,2026-08-06 23:15:34.711786+00:00
AMD,2488,0001193125-11-087659,2011-04-04,2011-04-02,8-K,sec_edgar,2026-08-06 23:15:34.711786+00:00
AMD,2488,0001193125-11-093556,2011-04-11,2011-04-11,8-K,sec_edgar,2026-08-06 23:15:34.711786+00:00
AMD,2488,0001193125-11-105247,2011-04-21,2011-04-21,8-K,sec_edgar,2026-08-06 23:15:34.711786+00:00
AMD,2488,0001193125-11-131958,2011-05-09,2011-05-03,8-K,sec_edgar,2026-08-06 23:15:34.711786+00:00
AMD,2488,0001193125-11-134452,2011-05-10,2011-04-02,10-Q,sec_edgar,2026-08-06 23:15:34.711786+00:00
AMD,2488,0001193125-11-193677,2011-07-21,2011-07-21,8-K,sec_edgar,2026-08-06 23:15:34.711786+00:00
AMD,2488,0001193125-11-218202,2011-08-10,2011-07-02,10-Q,sec_edgar,2026-08-06 23:15:34.711786+00:00
AMD,2488,0001193125-11-231889,2011-08-25,2011-08-25,8-K,sec_edgar,2026-08-06 23:15:34.711786+00:00
AMD,2488,0001193125-11-254438,2011-09-22,2011-09-17,8-K,sec_edgar,2026-08-06 23:15:34.711786+00:00
AMD,2488,0001193125-11-284179,2011-10-27,2011-10-27,8-K,sec_edgar,2026-08-06 23:15:34.711786+00:00
AMD,2488,0001193125-11-295247,2011-11-03,2011-11-03,8-K,sec_edgar,2026-08-06 23:15:34.711786+00:00
AMD,2488,0001193125-11-304833,2011-11-09,2011-10-01,10-Q,sec_edgar,2026-08-06 23:15:34.711786+00:00
AMD,2488,0001193125-12-021861,2012-01-24,2012-01-24,8-K,sec_edgar,2026-08-06 23:15:34.711786+00:00
AMD,2488,0001193125-12-043935,2012-02-07,2012-02-07,8-K,sec_edgar,2026-08-06 23:15:34.711786+00:00
AMD,2488,0001193125-12-065409,2012-02-16,2012-02-10,8-K,sec_edgar,2026-08-06 23:15:34.711786+00:00
AMD,2488,0001193125-12-075837,2012-02-24,2011-12-31,10-K,sec_edgar,2026-08-06 23:15:34.711786+00:00
AMD,2488,0001193125-12-095406,2012-03-05,2012-03-04,8-K,sec_edgar,2026-08-06 23:15:34.711786+00:00
AMD,2488,0001193125-12-170747,2012-04-19,2012-04-19,8-K,sec_edgar,2026-08-06 23:15:34.711786+00:00
AMD,2488,0001193125-12-222047,2012-05-09,2012-03-31,10-Q,sec_edgar,2026-08-06 23:15:34.711786+00:00
AMD,2488,0001193125-12-228521,2012-05-11,2012-05-10,8-K,sec_edgar,2026-08-06 23:15:34.711786+00:00
AMD,2488,0001193125-12-234786,2012-05-15,2012-05-09,8-K,sec_edgar,2026-08-06 23:15:34.711786+00:00
AMD,2488,0001193125-12-307538,2012-07-19,2012-07-19,8-K,sec_edgar,2026-08-06 23:15:34.711786+00:00
AMD,2488,0001193125-12-332074,2012-08-02,2012-06-30,10-Q,sec_edgar,2026-08-06 23:15:34.711786+00:00
AMD,2488,0001193125-12-336367,2012-08-06,2012-08-06,8-K,sec_edgar,2026-08-06 23:15:34.711786+00:00
AMD,2488,0001193125-12-338269,2012-08-07,2012-08-06,8-K,sec_edgar,2026-08-06 23:15:34.711786+00:00
AMD,2488,0001193125-12-357533,2012-08-15,2012-08-15,8-K,sec_edgar,2026-08-06 23:15:34.711786+00:00
AMD,2488,0001193125-12-373058,2012-08-29,2012-08-28,8-K,sec_edgar,2026-08-06 23:15:34.711786+00:00
AMD,2488,0001193125-12-394038,2012-09-17,2012-09-17,8-K,sec_edgar,2026-08-06 23:15:34.711786+00:00
AMD,2488,0001193125-12-421061,2012-10-11,2012-10-11,8-K,sec_edgar,2026-08-06 23:15:34.711786+00:00
AMD,2488,0001193125-12-427251,2012-10-18,2012-10-18,8-K,sec_edgar,2026-08-06 23:15:34.711786+00:00
AMD,2488,0001193125-12-446647,2012-11-01,2012-09-29,10-Q,sec_edgar,2026-08-06 23:15:34.711786+00:00
AMD,2488,0001193125-12-459230,2012-11-08,2012-11-07,8-K,sec_edgar,2026-08-06 23:15:34.711786+00:00
AMD,2488,0001193125-12-493884,2012-12-06,2012-12-06,8-K,sec_edgar,2026-08-06 23:15:34.711786+00:00
AMD,2488,0001193125-12-517952,2012-12-28,2012-12-22,8-K,sec_edgar,2026-08-06 23:15:34.711786+00:00
AMD,2488,0001193125-13-001042,2013-01-02,2013-01-02,8-K,sec_edgar,2026-08-06 23:15:34.711786+00:00
AMD,2488,0001193125-13-019330,2013-01-22,2013-01-22,8-K,sec_edgar,2026-08-06 23:15:34.711786+00:00
AMD,2488,0001193125-13-052006,2013-02-12,2013-02-06,8-K,sec_edgar,2026-08-06 23:15:34.711786+00:00
AMD,2488,0001193125-13-069422,2013-02-21,2012-12-29,10-K,sec_edgar,2026-08-06 23:15:34.711786+00:00
AMD,2488,0001193125-13-077035,2013-02-26,2013-02-22,8-K,sec_edgar,2026-08-06 23:15:34.711786+00:00
AMD,2488,0001193125-13-102285,2013-03-12,2013-03-11,8-K,sec_edgar,2026-08-06 23:15:34.711786+00:00
AMD,2488,0001193125-13-126831,2013-03-26,2013-03-26,8-K,sec_edgar,2026-08-06 23:15:34.711786+00:00
AMD,2488,0001193125-13-160817,2013-04-18,2013-04-18,8-K,sec_edgar,2026-08-06 23:15:34.711786+00:00
AMD,2488,0001193125-13-201635,2013-05-06,2013-03-31,10-Q,sec_edgar,2026-08-06 23:15:34.711786+00:00
AMD,2488,0001193125-13-231461,2013-05-22,2013-05-16,8-K,sec_edgar,2026-08-06 23:15:34.711786+00:00
AMD,2488,0001193125-13-256167,2013-06-12,2013-06-07,8-K,sec_edgar,2026-08-06 23:15:34.711786+00:00
AMD,2488,0001193125-13-294361,2013-07-18,2013-07-18,8-K,sec_edgar,2026-08-06 23:15:34.711786+00:00
AMD,2488,0001193125-13-295631,2013-07-19,2013-07-16,8-K,sec_edgar,2026-08-06 23:15:34.711786+00:00
AMD,2488,0001193125-13-315281,2013-08-01,2013-06-29,10-Q,sec_edgar,2026-08-06 23:15:34.711786+00:00
AMD,2488,0001193125-13-402500,2013-10-17,2013-10-17,8-K,sec_edgar,2026-08-06 23:15:34.711786+00:00
AMD,2488,0001193125-13-418892,2013-10-30,2013-09-28,10-Q,sec_edgar,2026-08-06 23:15:34.711786+00:00
AMD,2488,0001193125-13-436767,2013-11-12,2013-11-12,8-K,sec_edgar,2026-08-06 23:15:34.711786+00:00
AMD,2488,0001193125-14-016032,2014-01-21,2014-01-21,8-K,sec_edgar,2026-08-06 23:15:34.711786+00:00
AMD,2488,0001193125-14-045586,2014-02-11,2014-02-05,8-K,sec_edgar,2026-08-06 23:15:34.711786+00:00
AMD,2488,0001193125-14-057240,2014-02-18,2013-12-28,10-K,sec_edgar,2026-08-06 23:15:34.711786+00:00
AMD,2488,0001193125-14-059941,2014-02-20,2014-02-20,8-K,sec_edgar,2026-08-06 23:15:34.711786+00:00
AMD,2488,0001193125-14-061268,2014-02-21,2014-02-20,8-K,sec_edgar,2026-08-06 23:15:34.711786+00:00
AMD,2488,0001193125-14-069925,2014-02-26,2014-02-26,8-K,sec_edgar,2026-08-06 23:15:34.711786+00:00
AMD,2488,0001193125-14-091714,2014-03-10,2014-03-07,8-K,sec_edgar,2026-08-06 23:15:34.711786+00:00
AMD,2488,0001193125-14-108119,2014-03-20,2014-03-19,8-K,sec_edgar,2026-08-06 23:15:34.711786+00:00
AMD,2488,0001193125-14-107296,2014-03-20,2014-03-20,8-K,sec_edgar,2026-08-06 23:15:34.711786+00:00
AMD,2488,0001193125-14-126113,2014-04-01,2014-03-30,8-K,sec_edgar,2026-08-06 23:15:34.711786+00:00
AMD,2488,0001193125-14-147719,2014-04-17,2014-04-17,8-K,sec_edgar,2026-08-06 23:15:34.711786+00:00
AMD,2488,0001193125-14-177314,2014-05-01,2014-03-29,10-Q,sec_edgar,2026-08-06 23:15:34.711786+00:00
AMD,2488,0001193125-14-197165,2014-05-13,2014-05-08,8-K,sec_edgar,2026-08-06 23:15:34.711786+00:00
AMD,2488,0001193125-14-221063,2014-06-02,2014-06-02,8-K,sec_edgar,2026-08-06 23:15:34.711786+00:00
AMD,2488,0001193125-14-222915,2014-06-03,2014-06-02,8-K,sec_edgar,2026-08-06 23:15:34.711786+00:00
AMD,2488,0001193125-14-234226,2014-06-12,2014-06-09,8-K,sec_edgar,2026-08-06 23:15:34.711786+00:00
AMD,2488,0001193125-14-237844,2014-06-16,2014-06-16,8-K,sec_edgar,2026-08-06 23:15:34.711786+00:00
AMD,2488,0001193125-14-244560,2014-06-23,2014-06-20,8-K,sec_edgar,2026-08-06 23:15:34.711786+00:00
AMD,2488,0001193125-14-271677,2014-07-17,2014-07-17,8-K,sec_edgar,2026-08-06 23:15:34.711786+00:00
AMD,2488,0001193125-14-289796,2014-07-31,2014-06-28,10-Q,sec_edgar,2026-08-06 23:15:34.711786+00:00
AMD,2488,0001193125-14-306696,2014-08-12,2014-08-06,8-K,sec_edgar,2026-08-06 23:15:34.711786+00:00
AMD,2488,0001193125-14-341850,2014-09-15,2014-09-15,8-K,sec_edgar,2026-08-06 23:15:34.711786+00:00
AMD,2488,0001193125-14-358960,2014-09-30,2014-09-24,8-K,sec_edgar,2026-08-06 23:15:34.711786+00:00
AMD,2488,0001193125-14-366751,2014-10-08,2014-10-08,8-K,sec_edgar,2026-08-06 23:15:34.711786+00:00
AMD,2488,0001193125-14-373863,2014-10-16,2014-10-10,8-K,sec_edgar,2026-08-06 23:15:34.711786+00:00
AMD,2488,0001193125-14-389701,2014-10-30,2014-09-27,10-Q,sec_edgar,2026-08-06 23:15:34.711786+00:00
AMD,2488,0001193125-14-437727,2014-12-09,2014-12-09,8-K,sec_edgar,2026-08-06 23:15:34.711786+00:00
AMD,2488,0001193125-14-445379,2014-12-17,2014-12-11,8-K,sec_edgar,2026-08-06 23:15:34.711786+00:00
AMD,2488,0001193125-14-454203,2014-12-29,2014-12-26,8-K,sec_edgar,2026-08-06 23:15:34.711786+00:00
AMD,2488,0001193125-15-008247,2015-01-12,2015-01-12,8-K,sec_edgar,2026-08-06 23:15:34.711786+00:00
AMD,2488,0001193125-15-014914,2015-01-20,2015-01-20,8-K,sec_edgar,2026-08-06 23:15:34.711786+00:00
AMD,2488,0001193125-15-054362,2015-02-19,2014-12-27,10-K,sec_edgar,2026-08-06 23:15:34.711786+00:00
AMD,2488,0001193125-15-133355,2015-04-16,2015-04-14,8-K,sec_edgar,2026-08-06 23:15:34.711786+00:00
AMD,2488,0001193125-15-156842,2015-04-29,2015-03-28,10-Q,sec_edgar,2026-08-06 23:15:34.711786+00:00
AMD,2488,0001193125-15-169207,2015-05-04,2015-04-29,8-K,sec_edgar,2026-08-06 23:15:34.711786+00:00
AMD,2488,0000002488-15-000035,2015-07-06,2015-07-06,8-K,sec_edgar,2026-08-06 23:15:34.711786+00:00
AMD,2488,0000002488-15-000040,2015-07-16,2015-07-16,8-K,sec_edgar,2026-08-06 23:15:34.711786+00:00
AMD,2488,0001628280-15-005620,2015-07-30,2015-06-27,10-Q,sec_edgar,2026-08-06 23:15:34.711786+00:00
AMD,2488,0000002488-15-000047,2015-08-11,2015-08-05,8-K,sec_edgar,2026-08-06 23:15:34.711786+00:00
AMD,2488,0000002488-15-000055,2015-10-01,2015-09-26,8-K,sec_edgar,2026-08-06 23:15:34.711786+00:00
AMD,2488,0000002488-15-000062,2015-10-15,2015-10-15,8-K,sec_edgar,2026-08-06 23:15:34.711786+00:00
AMD,2488,0000002488-15-000067,2015-11-03,2015-09-26,10-Q,sec_edgar,2026-08-06 23:15:34.711786+00:00
AMD,2488,0000002488-15-000088,2015-12-28,2015-12-24,8-K,sec_edgar,2026-08-06 23:15:34.711786+00:00
AMD,2488,0000002488-16-000102,2016-01-19,2016-01-19,8-K,sec_edgar,2026-08-06 23:15:34.711786+00:00
AMD,2488,0000002488-16-000111,2016-02-18,2015-12-26,10-K,sec_edgar,2026-08-06 23:15:34.711786+00:00
AMD,2488,0000002488-16-000118,2016-04-21,2016-04-21,8-K,sec_edgar,2026-08-06 23:15:34.711786+00:00
AMD,2488,0000002488-16-000124,2016-04-28,2016-03-26,10-Q,sec_edgar,2026-08-06 23:15:34.711786+00:00
AMD,2488,0000002488-16-000127,2016-04-29,2016-04-29,8-K,sec_edgar,2026-08-06 23:15:34.711786+00:00
AMD,2488,0000002488-16-000141,2016-05-12,2016-05-12,8-K,sec_edgar,2026-08-06 23:15:34.711786+00:00
AMD,2488,0000002488-16-000168,2016-05-18,2016-05-12,8-K,sec_edgar,2026-08-06 23:15:34.711786+00:00
AMD,2488,0001193125-16-639147,2016-07-01,2016-06-27,8-K,sec_edgar,2026-08-06 23:15:34.711786+00:00
AMD,2488,0000002488-16-000210,2016-07-21,2016-07-21,8-K,sec_edgar,2026-08-06 23:15:34.711786+00:00
AMD,2488,0000002488-16-000213,2016-07-26,2016-06-25,10-Q,sec_edgar,2026-08-06 23:15:34.711786+00:00
AMD,2488,0000002488-16-000247,2016-08-31,2016-08-31,8-K,sec_edgar,2026-08-06 23:15:34.711786+00:00
AMD,2488,0001193125-16-709676,2016-09-14,2016-09-08,8-K,sec_edgar,2026-08-06 23:15:34.711786+00:00
AMD,2488,0000002488-16-000258,2016-10-20,2016-10-20,8-K,sec_edgar,2026-08-06 23:15:34.711786+00:00
AMD,2488,0000002488-16-000263,2016-10-26,2016-09-24,10-Q,sec_edgar,2026-08-06 23:15:34.711786+00:00
AMD,2488,0000002488-17-000017,2017-01-31,2017-01-31,8-K,sec_edgar,2026-08-06 23:15:34.711786+00:00
AMD,2488,0000002488-17-000043,2017-02-21,2016-12-31,10-K,sec_edgar,2026-08-06 23:15:34.711786+00:00
AMD,2488,0000002488-17-000041,2017-02-21,2017-02-16,8-K,sec_edgar,2026-08-06 23:15:34.711786+00:00
AMD,2488,0000002488-17-000039,2017-02-21,2017-02-15,8-K,sec_edgar,2026-08-06 23:15:34.711786+00:00
AMD,2488,0000002488-17-000049,2017-03-02,2017-03-01,8-K,sec_edgar,2026-08-06 23:15:34.711786+00:00
AMD,2488,0000002488-17-000070,2017-03-21,2017-03-21,8-K,sec_edgar,2026-08-06 23:15:34.711786+00:00
AMD,2488,0001193125-17-148386,2017-04-28,2017-04-26,8-K,sec_edgar,2026-08-06 23:15:34.711786+00:00
AMD,2488,0000002488-17-000096,2017-05-01,2017-05-01,8-K,sec_edgar,2026-08-06 23:15:34.711786+00:00
AMD,2488,0000002488-17-000107,2017-05-08,2017-04-01,10-Q,sec_edgar,2026-08-06 23:15:34.711786+00:00
AMD,2488,0000002488-17-000141,2017-07-03,2017-06-30,8-K,sec_edgar,2026-08-06 23:15:34.711786+00:00
AMD,2488,0000002488-17-000150,2017-07-25,2017-07-25,8-K,sec_edgar,2026-08-06 23:15:34.711786+00:00
AMD,2488,0000002488-17-000156,2017-08-03,2017-07-01,10-Q,sec_edgar,2026-08-06 23:15:34.711786+00:00
AMD,2488,0000002488-17-000164,2017-08-07,2017-08-01,8-K,sec_edgar,2026-08-06 23:15:34.711786+00:00
AMD,2488,0000002488-17-000213,2017-10-24,2017-10-24,8-K,sec_edgar,2026-08-06 23:15:34.711786+00:00
AMD,2488,0000002488-17-000219,2017-11-01,2017-11-01,8-K,sec_edgar,2026-08-06 23:15:34.711786+00:00
AMD,2488,0000002488-17-000227,2017-11-02,2017-09-30,10-Q,sec_edgar,2026-08-06 23:15:34.711786+00:00
AMD,2488,0000002488-18-000014,2018-01-30,2018-01-30,8-K,sec_edgar,2026-08-06 23:15:34.711786+00:00
AMD,2488,0000002488-18-000026,2018-02-12,2018-02-12,8-K,sec_edgar,2026-08-06 23:15:34.711786+00:00
AMD,2488,0000002488-18-000043,2018-02-27,2018-02-27,8-K,sec_edgar,2026-08-06 23:15:34.711786+00:00
AMD,2488,0000002488-18-000042,2018-02-27,2017-12-30,10-K,sec_edgar,2026-08-06 23:15:34.711786+00:00
AMD,2488,0000002488-18-000047,2018-03-05,2018-03-05,8-K,sec_edgar,2026-08-06 23:15:34.711786+00:00
AMD,2488,0000002488-18-000058,2018-04-25,2018-04-25,8-K,sec_edgar,2026-08-06 23:15:34.711786+00:00
AMD,2488,0000002488-18-000068,2018-05-03,2018-03-31,10-Q,sec_edgar,2026-08-06 23:15:34.711786+00:00
AMD,2488,0000002488-18-000086,2018-05-08,2018-05-08,8-K,sec_edgar,2026-08-06 23:15:34.711786+00:00
AMD,2488,0000002488-18-000112,2018-07-02,2018-06-26,8-K,sec_edgar,2026-08-06 23:15:34.711786+00:00
AMD,2488,0000002488-18-000124,2018-07-25,2018-07-25,8-K,sec_edgar,2026-08-06 23:15:34.711786+00:00
AMD,2488,0000002488-18-000128,2018-08-02,2018-06-30,10-Q,sec_edgar,2026-08-06 23:15:34.711786+00:00
AMD,2488,0000002488-18-000130,2018-08-06,2018-07-31,8-K,sec_edgar,2026-08-06 23:15:34.711786+00:00
AMD,2488,0000002488-18-000166,2018-08-27,2018-08-22,8-K,sec_edgar,2026-08-06 23:15:34.711786+00:00
AMD,2488,0000002488-18-000186,2018-10-24,2018-10-24,8-K,sec_edgar,2026-08-06 23:15:34.711786+00:00
AMD,2488,0000002488-18-000189,2018-10-31,2018-09-29,10-Q,sec_edgar,2026-08-06 23:15:34.711786+00:00
AMD,2488,0000002488-19-000004,2019-01-29,2019-01-28,8-K,sec_edgar,2026-08-06 23:15:34.711786+00:00
AMD,2488,0000002488-19-000011,2019-02-08,2018-12-29,10-K,sec_edgar,2026-08-06 23:15:34.711786+00:00
AMD,2488,0000002488-19-000018,2019-02-14,2019-02-13,8-K,sec_edgar,2026-08-06 23:15:34.711786+00:00
AMD,2488,0000002488-19-000022,2019-02-22,2019-02-19,8-K,sec_edgar,2026-08-06 23:15:34.711786+00:00
AMD,2488,0000002488-19-000043,2019-04-30,2019-04-30,8-K,sec_edgar,2026-08-06 23:15:34.711786+00:00
AMD,2488,0000002488-19-000045,2019-05-01,2019-03-30,10-Q,sec_edgar,2026-08-06 23:15:34.711786+00:00
AMD,2488,0000002488-19-000059,2019-05-17,2019-05-15,8-K,sec_edgar,2026-08-06 23:15:34.711786+00:00
AMD,2488,0000002488-19-000088,2019-06-10,2019-06-07,8-K,sec_edgar,2026-08-06 23:15:34.711786+00:00
AMD,2488,0000002488-19-000096,2019-06-27,2019-06-21,8-K,sec_edgar,2026-08-06 23:15:34.711786+00:00
AMD,2488,0000002488-19-000102,2019-07-30,2019-07-30,8-K,sec_edgar,2026-08-06 23:15:34.711786+00:00
AMD,2488,0000002488-19-000104,2019-07-31,2019-06-29,10-Q,sec_edgar,2026-08-06 23:15:34.711786+00:00
AMD,2488,0000002488-19-000113,2019-08-08,2019-08-05,8-K,sec_edgar,2026-08-06 23:15:34.711786+00:00
AMD,2488,0000002488-19-000144,2019-09-06,2019-09-03,8-K,sec_edgar,2026-08-06 23:15:34.711786+00:00
AMD,2488,0000002488-19-000157,2019-10-29,2019-10-29,8-K,sec_edgar,2026-08-06 23:15:34.711786+00:00
AMD,2488,0000002488-19-000159,2019-10-30,2019-09-28,10-Q,sec_edgar,2026-08-06 23:15:34.711786+00:00
AMD,2488,0000002488-19-000165,2019-11-12,2019-11-07,8-K,sec_edgar,2026-08-06 23:15:34.711786+00:00
AMD,2488,0000002488-19-000178,2019-12-02,2019-11-25,8-K,sec_edgar,2026-08-06 23:15:34.711786+00:00
AMD,2488,0000002488-19-000186,2019-12-16,2019-12-13,8-K,sec_edgar,2026-08-06 23:15:34.711786+00:00
AMD,2488,0000002488-20-000006,2020-01-28,2020-01-28,8-K,sec_edgar,2026-08-06 23:15:34.711786+00:00
AMD,2488,0000002488-20-000008,2020-02-04,2019-12-28,10-K,sec_edgar,2026-08-06 23:15:34.711786+00:00
AMD,2488,0000002488-20-000019,2020-02-18,2020-02-11,8-K,sec_edgar,2026-08-06 23:15:34.711786+00:00
AMD,2488,0000002488-20-000034,2020-03-12,2020-03-06,8-K,sec_edgar,2026-08-06 23:15:34.711786+00:00
AMD,2488,0000002488-20-000048,2020-04-28,2020-04-28,8-K,sec_edgar,2026-08-06 23:15:34.711786+00:00
AMD,2488,0000002488-20-000051,2020-04-29,2020-03-28,10-Q,sec_edgar,2026-08-06 23:15:34.711786+00:00
AMD,2488,0000002488-20-000068,2020-05-12,2020-05-07,8-K,sec_edgar,2026-08-06 23:15:34.711786+00:00
AMD,2488,0000002488-20-000101,2020-07-28,2020-07-28,8-K,sec_edgar,2026-08-06 23:15:34.711786+00:00
AMD,2488,0000002488-20-000103,2020-07-29,2020-06-27,10-Q,sec_edgar,2026-08-06 23:15:34.711786+00:00
AMD,2488,0000002488-20-000110,2020-08-11,2020-08-06,8-K,sec_edgar,2026-08-06 23:15:34.711786+00:00
AMD,2488,0001193125-20-278572,2020-10-27,2020-10-27,8-K,sec_edgar,2026-08-06 23:15:34.711786+00:00
AMD,2488,0001193125-20-277468,2020-10-27,2020-10-26,8-K,sec_edgar,2026-08-06 23:15:34.711786+00:00
AMD,2488,0000002488-20-000161,2020-10-27,2020-10-27,8-K,sec_edgar,2026-08-06 23:15:34.711786+00:00
AMD,2488,0000002488-20-000164,2020-10-28,2020-09-26,10-Q,sec_edgar,2026-08-06 23:15:34.711786+00:00
AMD,2488,0000002488-21-000002,2021-01-06,2020-12-31,8-K,sec_edgar,2026-08-06 23:15:34.711786+00:00
AMD,2488,0000002488-21-000005,2021-01-12,2021-01-11,8-K,sec_edgar,2026-08-06 23:15:34.711786+00:00
AMD,2488,0000002488-21-000009,2021-01-26,2021-01-26,8-K,sec_edgar,2026-08-06 23:15:34.711786+00:00
AMD,2488,0001628280-21-001185,2021-01-29,2020-12-26,10-K,sec_edgar,2026-08-06 23:15:34.711786+00:00
AMD,2488,0000002488-21-000033,2021-02-22,2021-02-16,8-K,sec_edgar,2026-08-06 23:15:34.711786+00:00
AMD,2488,0001193125-21-073262,2021-03-08,2021-03-08,8-K,sec_edgar,2026-08-06 23:15:34.711786+00:00
AMD,2488,0000002488-21-000046,2021-04-08,2021-04-07,8-K,sec_edgar,2026-08-06 23:15:34.711786+00:00
AMD,2488,0000002488-21-000054,2021-04-27,2021-04-27,8-K,sec_edgar,2026-08-06 23:15:34.711786+00:00
AMD,2488,0000002488-21-000056,2021-04-28,2021-03-27,10-Q,sec_edgar,2026-08-06 23:15:34.711786+00:00
AMD,2488,0000002488-21-000068,2021-05-13,2021-05-13,8-K,sec_edgar,2026-08-06 23:15:34.711786+00:00
AMD,2488,0001193125-21-169293,2021-05-21,2021-05-19,8-K,sec_edgar,2026-08-06 23:15:34.711786+00:00
AMD,2488,0000002488-21-000103,2021-06-24,2021-06-21,8-K,sec_edgar,2026-08-06 23:15:34.711786+00:00
AMD,2488,0000002488-21-000107,2021-06-30,2021-06-29,8-K,sec_edgar,2026-08-06 23:15:34.711786+00:00
AMD,2488,0000002488-21-000114,2021-07-27,2021-07-27,8-K,sec_edgar,2026-08-06 23:15:34.711786+00:00
AMD,2488,0000002488-21-000116,2021-07-28,2021-06-26,10-Q,sec_edgar,2026-08-06 23:15:34.711786+00:00
AMD,2488,0000002488-21-000176,2021-10-26,2021-10-26,8-K,sec_edgar,2026-08-06 23:15:34.711786+00:00
AMD,2488,0000002488-21-000178,2021-10-27,2021-09-25,10-Q,sec_edgar,2026-08-06 23:15:34.711786+00:00
AMD,2488,0000002488-21-000205,2021-12-23,2021-12-23,8-K,sec_edgar,2026-08-06 23:15:34.711786+00:00
AMD,2488,0000002488-22-000009,2022-01-27,2022-01-27,8-K,sec_edgar,2026-08-06 23:15:34.711786+00:00
AMD,2488,0000002488-22-000014,2022-02-01,2022-02-01,8-K,sec_edgar,2026-08-06 23:15:34.711786+00:00
AMD,2488,0000002488-22-000016,2022-02-03,2021-12-25,10-K,sec_edgar,2026-08-06 23:15:34.711786+00:00
AMD,2488,0000002488-22-000026,2022-02-10,2022-02-09,8-K,sec_edgar,2026-08-06 23:15:34.711786+00:00
AMD,2488,0000002488-22-000031,2022-02-14,2022-02-14,8-K,sec_edgar,2026-08-06 23:15:34.711786+00:00
AMD,2488,0000002488-22-000054,2022-02-28,2022-02-22,8-K,sec_edgar,2026-08-06 23:15:34.711786+00:00
AMD,2488,0000002488-22-000074,2022-05-03,2022-04-29,8-K,sec_edgar,2026-08-06 23:15:34.711786+00:00
AMD,2488,0000002488-22-000078,2022-05-04,2022-03-26,10-Q,sec_edgar,2026-08-06 23:15:34.711786+00:00
AMD,2488,0001193125-22-156161,2022-05-20,2022-05-18,8-K,sec_edgar,2026-08-06 23:15:34.711786+00:00
AMD,2488,0001193125-22-170212,2022-06-08,2022-06-07,8-K,sec_edgar,2026-08-06 23:15:34.711786+00:00
AMD,2488,0001193125-22-171108,2022-06-09,2022-06-09,8-K,sec_edgar,2026-08-06 23:15:34.711786+00:00
AMD,2488,0000002488-22-000112,2022-06-28,2022-06-23,8-K,sec_edgar,2026-08-06 23:15:34.711786+00:00
AMD,2488,0000002488-22-000120,2022-08-02,2022-08-02,8-K,sec_edgar,2026-08-06 23:15:34.711786+00:00
AMD,2488,0000002488-22-000123,2022-08-03,2022-06-25,10-Q,sec_edgar,2026-08-06 23:15:34.711786+00:00
AMD,2488,0000002488-22-000163,2022-10-06,2022-10-06,8-K,sec_edgar,2026-08-06 23:15:34.711786+00:00
AMD,2488,0000002488-22-000168,2022-11-01,2022-11-01,8-K,sec_edgar,2026-08-06 23:15:34.711786+00:00
AMD,2488,0000002488-22-000170,2022-11-02,2022-09-24,10-Q,sec_edgar,2026-08-06 23:15:34.711786+00:00
AMD,2488,0000002488-22-000172,2022-11-08,2022-11-03,8-K,sec_edgar,2026-08-06 23:15:34.711786+00:00
AMD,2488,0000002488-22-000176,2022-11-16,2022-11-16,8-K,sec_edgar,2026-08-06 23:15:34.711786+00:00
AMD,2488,0000002488-23-000003,2023-01-11,2023-01-08,8-K,sec_edgar,2026-08-06 23:15:34.711786+00:00
AMD,2488,0000002488-23-000007,2023-01-31,2023-01-31,8-K,sec_edgar,2026-08-06 23:15:34.711786+00:00
AMD,2488,0000002488-23-000040,2023-02-21,2023-02-14,8-K,sec_edgar,2026-08-06 23:15:34.711786+00:00
AMD,2488,0000002488-23-000047,2023-02-27,2022-12-31,10-K,sec_edgar,2026-08-06 23:15:34.711786+00:00
AMD,2488,0000002488-23-000074,2023-05-02,2023-05-02,8-K,sec_edgar,2026-08-06 23:15:34.711786+00:00
AMD,2488,0000002488-23-000076,2023-05-03,2023-04-01,10-Q,sec_edgar,2026-08-06 23:15:34.711786+00:00
AMD,2488,0001193125-23-151810,2023-05-23,2023-05-18,8-K,sec_edgar,2026-08-06 23:15:34.711786+00:00
AMD,2488,0000002488-23-000123,2023-07-10,2023-07-05,8-K,sec_edgar,2026-08-06 23:15:34.711786+00:00
AMD,2488,0000002488-23-000135,2023-08-01,2023-08-01,8-K,sec_edgar,2026-08-06 23:15:34.711786+00:00
AMD,2488,0000002488-23-000139,2023-08-02,2023-07-01,10-Q,sec_edgar,2026-08-06 23:15:34.711786+00:00
AMD,2488,0000002488-23-000192,2023-10-31,2023-10-31,8-K,sec_edgar,2026-08-06 23:15:34.711786+00:00
AMD,2488,0000002488-23-000195,2023-11-01,2023-09-30,10-Q,sec_edgar,2026-08-06 23:15:34.711786+00:00
AMD,2488,0000002488-24-000009,2024-01-30,2024-01-30,8-K,sec_edgar,2026-08-06 23:15:34.711786+00:00
AMD,2488,0000002488-24-000012,2024-01-31,2023-12-30,10-K,sec_edgar,2026-08-06 23:15:34.711786+00:00
AMD,2488,0001628280-24-005593,2024-02-20,2024-02-13,8-K,sec_edgar,2026-08-06 23:15:34.711786+00:00
AMD,2488,0000002488-24-000054,2024-04-30,2024-04-30,8-K,sec_edgar,2026-08-06 23:15:34.711786+00:00
AMD,2488,0000002488-24-000056,2024-05-01,2024-03-30,10-Q,sec_edgar,2026-08-06 23:15:34.711786+00:00
AMD,2488,0000002488-24-000076,2024-05-13,2024-05-08,8-K,sec_edgar,2026-08-06 23:15:34.711786+00:00
AMD,2488,0000002488-24-000109,2024-07-02,2024-06-27,8-K,sec_edgar,2026-08-06 23:15:34.711786+00:00
AMD,2488,0000002488-24-000115,2024-07-22,2024-07-20,8-K,sec_edgar,2026-08-06 23:15:34.711786+00:00
AMD,2488,0000002488-24-000121,2024-07-30,2024-07-30,8-K,sec_edgar,2026-08-06 23:15:34.711786+00:00
AMD,2488,0000002488-24-000123,2024-07-31,2024-06-29,10-Q,sec_edgar,2026-08-06 23:15:34.711786+00:00
AMD,2488,0001193125-24-202457,2024-08-19,2024-08-17,8-K,sec_edgar,2026-08-06 23:15:34.711786+00:00
AMD,2488,0000002488-24-000161,2024-10-29,2024-10-29,8-K,sec_edgar,2026-08-06 23:15:34.711786+00:00
AMD,2488,0000002488-24-000163,2024-10-30,2024-09-28,10-Q,sec_edgar,2026-08-06 23:15:34.711786+00:00
AMD,2488,0000002488-24-000172,2024-11-18,2024-11-13,8-K,sec_edgar,2026-08-06 23:15:34.711786+00:00
AMD,2488,0000002488-25-000009,2025-02-04,2025-02-04,8-K,sec_edgar,2026-08-06 23:15:34.711786+00:00
AMD,2488,0000002488-25-000012,2025-02-05,2024-12-28,10-K,sec_edgar,2026-08-06 23:15:34.711786+00:00
AMD,2488,0000002488-25-000026,2025-02-24,2025-02-18,8-K,sec_edgar,2026-08-06 23:15:34.711786+00:00
AMD,2488,0001193125-25-052173,2025-03-12,2025-03-10,8-K,sec_edgar,2026-08-06 23:15:34.711786+00:00
AMD,2488,0001193125-25-061366,2025-03-24,2025-03-24,8-K,sec_edgar,2026-08-06 23:15:34.711786+00:00
AMD,2488,0001193125-25-067902,2025-03-31,2025-03-31,8-K,sec_edgar,2026-08-06 23:15:34.711786+00:00
AMD,2488,0000002488-25-000039,2025-04-16,2025-04-15,8-K,sec_edgar,2026-08-06 23:15:34.711786+00:00
AMD,2488,0000002488-25-000045,2025-05-06,2025-05-06,8-K,sec_edgar,2026-08-06 23:15:34.711786+00:00
AMD,2488,0000002488-25-000047,2025-05-07,2025-03-29,10-Q,sec_edgar,2026-08-06 23:15:34.711786+00:00
AMD,2488,0000002488-25-000064,2025-05-16,2025-05-14,8-K,sec_edgar,2026-08-06 23:15:34.711786+00:00
AMD,2488,0001193125-25-122121,2025-05-19,2025-05-18,8-K,sec_edgar,2026-08-06 23:15:34.711786+00:00
AMD,2488,0000002488-25-000099,2025-07-02,2025-06-27,8-K,sec_edgar,2026-08-06 23:15:34.711786+00:00
AMD,2488,0000002488-25-000106,2025-08-05,2025-08-05,8-K,sec_edgar,2026-08-06 23:15:34.711786+00:00
AMD,2488,0000002488-25-000108,2025-08-06,2025-06-28,10-Q,sec_edgar,2026-08-06 23:15:34.711786+00:00
AMD,2488,0000002488-25-000147,2025-08-25,2025-08-22,8-K,sec_edgar,2026-08-06 23:15:34.711786+00:00
AMD,2488,0001193125-25-230895,2025-10-06,2025-10-05,8-K,sec_edgar,2026-08-06 23:15:34.711786+00:00
AMD,2488,0001193125-25-250803,2025-10-27,2025-10-27,8-K,sec_edgar,2026-08-06 23:15:34.711786+00:00
AMD,2488,0000002488-25-000163,2025-11-04,2025-11-04,8-K,sec_edgar,2026-08-06 23:15:34.711786+00:00
AMD,2488,0000002488-25-000166,2025-11-05,2025-09-27,10-Q,sec_edgar,2026-08-06 23:15:34.711786+00:00
AMD,2488,0000002488-25-000182,2025-12-15,2025-12-12,8-K,sec_edgar,2026-08-06 23:15:34.711786+00:00
AMD,2488,0000002488-26-000002,2026-01-20,2026-01-16,8-K,sec_edgar,2026-08-06 23:15:34.711786+00:00
AMD,2488,0000002488-26-000014,2026-02-03,2026-02-03,8-K,sec_edgar,2026-08-06 23:15:34.711786+00:00
AMD,2488,0000002488-26-000018,2026-02-04,2025-12-27,10-K,sec_edgar,2026-08-06 23:15:34.711786+00:00
AMD,2488,0000002488-26-000029,2026-02-17,2026-02-10,8-K,sec_edgar,2026-08-06 23:15:34.711786+00:00
AMD,2488,0000002488-26-000045,2026-02-24,2026-02-23,8-K,sec_edgar,2026-08-06 23:15:34.711786+00:00
AMD,2488,0000002488-26-000072,2026-05-05,2026-05-05,8-K,sec_edgar,2026-08-06 23:15:34.711786+00:00
AMD,2488,0000002488-26-000076,2026-05-06,2026-03-28,10-Q,sec_edgar,2026-08-06 23:15:34.711786+00:00
AMD,2488,0001193125-26-226746,2026-05-15,2026-05-13,8-K,sec_edgar,2026-08-06 23:15:34.711786+00:00
AMD,2488,0000002488-26-000115,2026-07-01,2026-06-26,8-K,sec_edgar,2026-08-06 23:15:34.711786+00:00
AMD,2488,0000002488-26-000121,2026-08-04,2026-08-04,8-K,sec_edgar,2026-08-06 23:15:34.711786+00:00
AMD,2488,0000002488-26-000123,2026-08-05,2026-06-27,10-Q,sec_edgar,2026-08-06 23:15:34.711786+00:00
AMZN,1018724,0000891020-97-001148,1997-08-14,1997-06-30,10-Q,sec_edgar,2026-08-06 23:15:34.711786+00:00
AMZN,1018724,0000950151-97-000357,1997-11-10,1997-11-07,8-K,sec_edgar,2026-08-06 23:15:34.711786+00:00
AMZN,1018724,0000891020-97-001466,1997-11-14,1997-09-30,10-Q,sec_edgar,2026-08-06 23:15:34.711786+00:00
AMZN,1018724,0000891020-98-000653,1998-04-27,1998-04-24,8-K,sec_edgar,2026-08-06 23:15:34.711786+00:00
AMZN,1018724,0000891020-98-000662,1998-04-28,1998-04-27,8-K,sec_edgar,2026-08-06 23:15:34.711786+00:00
AMZN,1018724,0000891020-98-000694,1998-05-01,1998-04-17,8-K,sec_edgar,2026-08-06 23:15:34.711786+00:00
AMZN,1018724,0000891020-98-000722,1998-05-06,1998-05-05,8-K,sec_edgar,2026-08-06 23:15:34.711786+00:00
AMZN,1018724,0000891020-98-000846,1998-05-15,1998-03-31,10-Q,sec_edgar,2026-08-06 23:15:34.711786+00:00
AMZN,1018724,0000891020-98-001210,1998-08-07,1998-08-03,8-K,sec_edgar,2026-08-06 23:15:34.711786+00:00
AMZN,1018724,0000891020-98-001313,1998-08-14,1998-06-30,10-Q,sec_edgar,2026-08-06 23:15:34.711786+00:00
AMZN,1018724,0000891020-98-001352,1998-08-27,1998-08-12,8-K,sec_edgar,2026-08-06 23:15:34.711786+00:00
AMZN,1018724,0000891020-98-001370,1998-09-11,1998-08-27,8-K,sec_edgar,2026-08-06 23:15:34.711786+00:00
AMZN,1018724,0000891020-98-001498,1998-10-28,1998-10-28,8-K,sec_edgar,2026-08-06 23:15:34.711786+00:00
AMZN,1018724,0000891020-98-001632,1998-11-13,1998-09-30,10-Q,sec_edgar,2026-08-06 23:15:34.711786+00:00
AMZN,1018724,0000891020-98-001686,1998-11-20,1998-11-19,8-K,sec_edgar,2026-08-06 23:15:34.711786+00:00
AMZN,1018724,0000891020-99-000011,1999-01-05,1999-01-05,8-K,sec_edgar,2026-08-06 23:15:34.711786+00:00
AMZN,1018724,0000891020-99-000103,1999-01-27,1999-01-26,8-K,sec_edgar,2026-08-06 23:15:34.711786+00:00
AMZN,1018724,0000891020-99-000107,1999-01-28,1999-01-28,8-K,sec_edgar,2026-08-06 23:15:34.711786+00:00
AMZN,1018724,0000891020-99-000110,1999-01-29,1999-01-28,8-K,sec_edgar,2026-08-06 23:15:34.711786+00:00
AMZN,1018724,0000891020-99-000125,1999-02-04,1999-02-03,8-K,sec_edgar,2026-08-06 23:15:34.711786+00:00
AMZN,1018724,0000891020-99-000375,1999-03-05,1998-12-31,10-K,sec_edgar,2026-08-06 23:15:34.711786+00:00
AMZN,1018724,0000891020-99-000551,1999-03-29,1999-03-28,8-K,sec_edgar,2026-08-06 23:15:34.711786+00:00
AMZN,1018724,0000891020-99-000568,1999-03-30,1999-03-30,8-K,sec_edgar,2026-08-06 23:15:34.711786+00:00
AMZN,1018724,0000891020-99-000717,1999-04-27,1999-04-26,8-K,sec_edgar,2026-08-06 23:15:34.711786+00:00
AMZN,1018724,0000891020-99-000726,1999-04-29,1999-04-28,8-K,sec_edgar,2026-08-06 23:15:34.711786+00:00
AMZN,1018724,0000891020-99-000805,1999-05-12,1999-04-26,8-K,sec_edgar,2026-08-06 23:15:34.711786+00:00
AMZN,1018724,0000891020-99-000894,1999-05-17,1999-03-31,10-Q,sec_edgar,2026-08-06 23:15:34.711786+00:00
AMZN,1018724,0000891020-99-000908,1999-05-19,1999-05-14,8-K,sec_edgar,2026-08-06 23:15:34.711786+00:00
AMZN,1018724,0000891020-99-000988,1999-06-10,1999-06-09,8-K,sec_edgar,2026-08-06 23:15:34.711786+00:00
AMZN,1018724,0000891020-99-000993,1999-06-11,1999-06-08,8-K,sec_edgar,2026-08-06 23:15:34.711786+00:00
AMZN,1018724,0000891020-99-001224,1999-07-22,1999-07-21,8-K,sec_edgar,2026-08-06 23:15:34.711786+00:00
AMZN,1018724,0000891020-99-001426,1999-08-16,1999-06-30,10-Q,sec_edgar,2026-08-06 23:15:34.711786+00:00
AMZN,1018724,0000891020-99-001789,1999-10-28,1999-10-28,8-K,sec_edgar,2026-08-06 23:15:34.711786+00:00
AMZN,1018724,0000891020-99-001938,1999-11-15,1999-09-30,10-Q,sec_edgar,2026-08-06 23:15:34.711786+00:00
AMZN,1018724,0000891020-00-000129,2000-02-04,2000-01-21,8-K,sec_edgar,2026-08-06 23:15:34.711786+00:00
AMZN,1018724,0000891020-00-000151,2000-02-07,2000-02-07,8-K,sec_edgar,2026-08-06 23:15:34.711786+00:00
AMZN,1018724,0000891020-00-000141,2000-02-07,2000-02-02,8-K,sec_edgar,2026-08-06 23:15:34.711786+00:00
AMZN,1018724,0000891020-00-000277,2000-02-14,2000-02-14,8-K,sec_edgar,2026-08-06 23:15:34.711786+00:00
AMZN,1018724,0000891020-00-000318,2000-02-16,2000-02-11,8-K,sec_edgar,2026-08-06 23:15:34.711786+00:00
AMZN,1018724,0000891020-00-000369,2000-02-28,2000-02-09,8-K,sec_edgar,2026-08-06 23:15:34.711786+00:00
AMZN,1018724,0000891020-00-000622,2000-03-29,1999-12-31,10-K,sec_edgar,2026-08-06 23:15:34.711786+00:00
AMZN,1018724,0000891020-00-000895,2000-05-01,2000-04-26,8-K,sec_edgar,2026-08-06 23:15:34.711786+00:00
AMZN,1018724,0000891020-00-001049,2000-05-15,2000-03-31,10-Q,sec_edgar,2026-08-06 23:15:34.711786+00:00
AMZN,1018724,0000891020-00-001354,2000-07-28,2000-04-25,8-K,sec_edgar,2026-08-06 23:15:34.711786+00:00
AMZN,1018724,0000891020-00-001380,2000-08-02,2000-06-30,10-Q,sec_edgar,2026-08-06 23:15:34.711786+00:00
AMZN,1018724,0000891020-00-001861,2000-10-30,2000-09-30,10-Q,sec_edgar,2026-08-06 23:15:34.711786+00:00
AMZN,1018724,0001032210-01-000141,2001-02-02,2001-01-30,8-K,sec_edgar,2026-08-06 23:15:34.711786+00:00
AMZN,1018724,0001032210-01-500339,2001-04-13,2001-04-12,8-K,sec_edgar,2026-08-06 23:15:34.711786+00:00
AMZN,1018724,0000950109-01-500823,2001-04-27,2001-03-31,10-Q,sec_edgar,2026-08-06 23:15:34.711786+00:00
AMZN,1018724,0001032210-01-500866,2001-07-23,2001-06-30,10-Q,sec_edgar,2026-08-06 23:15:34.711786+00:00
AMZN,1018724,0001032210-01-501248,2001-10-30,2001-09-30,10-Q,sec_edgar,2026-08-06 23:15:34.711786+00:00
AMZN,1018724,0001032210-02-000349,2002-03-06,2002-03-05,8-K,sec_edgar,2026-08-06 23:15:34.711786+00:00
AMZN,1018724,0001032210-02-000654,2002-04-18,2002-04-18,8-K,sec_edgar,2026-08-06 23:15:34.711786+00:00
AMZN,1018724,0001032210-02-000681,2002-04-24,2002-03-31,10-Q,sec_edgar,2026-08-06 23:15:34.711786+00:00
AMZN,1018724,0001032210-02-000965,2002-06-11,2002-06-10,8-K,sec_edgar,2026-08-06 23:15:34.711786+00:00
AMZN,1018724,0001032210-02-001115,2002-07-26,2002-06-30,10-Q,sec_edgar,2026-08-06 23:15:34.711786+00:00
AMZN,1018724,0000898430-02-002715,2002-07-31,2002-07-26,8-K,sec_edgar,2026-08-06 23:15:34.711786+00:00
AMZN,1018724,0001032210-02-001342,2002-08-30,2002-08-30,8-K,sec_edgar,2026-08-06 23:15:34.711786+00:00
AMZN,1018724,0001032210-02-001474,2002-10-25,2002-09-30,10-Q,sec_edgar,2026-08-06 23:15:34.711786+00:00
AMZN,1018724,0001032210-02-001533,2002-11-07,2002-11-06,8-K,sec_edgar,2026-08-06 23:15:34.711786+00:00
AMZN,1018724,0000891020-03-000248,2003-01-27,2003-01-23,8-K,sec_edgar,2026-08-06 23:15:34.711786+00:00
AMZN,1018724,0000950149-03-000355,2003-02-19,2002-12-31,10-K,sec_edgar,2026-08-06 23:15:34.711786+00:00
AMZN,1018724,0000891020-03-001186,2003-04-11,2003-04-10,8-K,sec_edgar,2026-08-06 23:15:34.711786+00:00
AMZN,1018724,0000891020-03-001185,2003-04-11,2003-04-10,8-K,sec_edgar,2026-08-06 23:15:34.711786+00:00
AMZN,1018724,0000891020-03-001184,2003-04-11,2003-04-10,8-K,sec_edgar,2026-08-06 23:15:34.711786+00:00
AMZN,1018724,0000891020-03-001320,2003-04-24,2003-04-24,8-K,sec_edgar,2026-08-06 23:15:34.711786+00:00
AMZN,1018724,0000891020-03-001333,2003-04-25,2003-03-31,10-Q,sec_edgar,2026-08-06 23:15:34.711786+00:00
AMZN,1018724,0000891020-03-001911,2003-07-22,2003-07-22,8-K,sec_edgar,2026-08-06 23:15:34.711786+00:00
AMZN,1018724,0000891020-03-001925,2003-07-24,2003-06-30,10-Q,sec_edgar,2026-08-06 23:15:34.711786+00:00
AMZN,1018724,0000891020-03-002481,2003-10-21,2003-10-21,8-K,sec_edgar,2026-08-06 23:15:34.711786+00:00
AMZN,1018724,0000891020-03-002504,2003-10-24,2003-09-30,10-Q,sec_edgar,2026-08-06 23:15:34.711786+00:00
AMZN,1018724,0001193125-04-009751,2004-01-27,2004-01-27,8-K,sec_edgar,2026-08-06 23:15:34.711786+00:00
AMZN,1018724,0001193125-04-029488,2004-02-25,2003-12-31,10-K,sec_edgar,2026-08-06 23:15:34.711786+00:00
AMZN,1018724,0001193125-04-060713,2004-04-12,2004-04-12,8-K,sec_edgar,2026-08-06 23:15:34.711786+00:00
AMZN,1018724,0001193125-04-060718,2004-04-13,2004-04-12,8-K,sec_edgar,2026-08-06 23:15:34.711786+00:00
AMZN,1018724,0001193125-04-067509,2004-04-22,2004-04-22,8-K,sec_edgar,2026-08-06 23:15:34.711786+00:00
AMZN,1018724,0001193125-04-067751,2004-04-23,2004-03-31,10-Q,sec_edgar,2026-08-06 23:15:34.711786+00:00
AMZN,1018724,0001193125-04-112357,2004-07-01,2004-06-30,8-K,sec_edgar,2026-08-06 23:15:34.711786+00:00
AMZN,1018724,0001193125-04-122852,2004-07-22,2004-07-22,8-K,sec_edgar,2026-08-06 23:15:34.711786+00:00
AMZN,1018724,0001193125-04-123102,2004-07-23,2004-06-30,10-Q,sec_edgar,2026-08-06 23:15:34.711786+00:00
AMZN,1018724,0001193125-04-143496,2004-08-19,2004-08-19,8-K,sec_edgar,2026-08-06 23:15:34.711786+00:00
AMZN,1018724,0001193125-04-153061,2004-09-08,2004-09-07,8-K,sec_edgar,2026-08-06 23:15:34.711786+00:00
AMZN,1018724,0001193125-04-175479,2004-10-21,2004-10-21,8-K,sec_edgar,2026-08-06 23:15:34.711786+00:00
AMZN,1018724,0001193125-04-176356,2004-10-22,2004-09-30,10-Q,sec_edgar,2026-08-06 23:15:34.711786+00:00
AMZN,1018724,0001193125-05-017451,2005-02-02,2005-02-02,8-K,sec_edgar,2026-08-06 23:15:34.711786+00:00
AMZN,1018724,0001193125-05-047032,2005-03-11,2004-12-31,10-K,sec_edgar,2026-08-06 23:15:34.711786+00:00
AMZN,1018724,0001193125-05-070440,2005-04-05,2005-04-05,8-K,sec_edgar,2026-08-06 23:15:34.711786+00:00
AMZN,1018724,0001193125-05-085283,2005-04-26,2005-04-26,8-K,sec_edgar,2026-08-06 23:15:34.711786+00:00
AMZN,1018724,0001193125-05-087021,2005-04-28,2005-03-31,10-Q,sec_edgar,2026-08-06 23:15:34.711786+00:00
AMZN,1018724,0001193125-05-120110,2005-06-03,2005-05-31,8-K,sec_edgar,2026-08-06 23:15:34.711786+00:00
AMZN,1018724,0001193125-05-148972,2005-07-26,2005-07-26,8-K,sec_edgar,2026-08-06 23:15:34.711786+00:00
AMZN,1018724,0001193125-05-150308,2005-07-28,2005-06-30,10-Q,sec_edgar,2026-08-06 23:15:34.711786+00:00
AMZN,1018724,0001193125-05-164614,2005-08-11,2005-08-11,8-K,sec_edgar,2026-08-06 23:15:34.711786+00:00
AMZN,1018724,0001193125-05-207838,2005-10-25,2005-10-25,8-K,sec_edgar,2026-08-06 23:15:34.711786+00:00
AMZN,1018724,0001193125-05-209085,2005-10-27,2005-09-30,10-Q,sec_edgar,2026-08-06 23:15:34.711786+00:00
AMZN,1018724,0001193125-06-018453,2006-02-02,2006-02-02,8-K,sec_edgar,2026-08-06 23:15:34.711786+00:00
AMZN,1018724,0001193125-06-034166,2006-02-17,2005-12-31,10-K,sec_edgar,2026-08-06 23:15:34.711786+00:00
AMZN,1018724,0001193125-06-084815,2006-04-21,2006-04-20,8-K,sec_edgar,2026-08-06 23:15:34.711786+00:00
AMZN,1018724,0001193125-06-088004,2006-04-25,2006-04-25,8-K,sec_edgar,2026-08-06 23:15:34.711786+00:00
AMZN,1018724,0001193125-06-090088,2006-04-27,2006-03-31,10-Q,sec_edgar,2026-08-06 23:15:34.711786+00:00
AMZN,1018724,0001193125-06-122997,2006-06-02,2006-06-01,8-K,sec_edgar,2026-08-06 23:15:34.711786+00:00
AMZN,1018724,0001193125-06-151176,2006-07-24,2006-07-20,8-K,sec_edgar,2026-08-06 23:15:34.711786+00:00
AMZN,1018724,0001193125-06-152620,2006-07-25,2006-07-25,8-K,sec_edgar,2026-08-06 23:15:34.711786+00:00
AMZN,1018724,0001193125-06-154437,2006-07-27,2006-06-30,10-Q,sec_edgar,2026-08-06 23:15:34.711786+00:00
AMZN,1018724,0001193125-06-180302,2006-08-28,2006-08-28,8-K,sec_edgar,2026-08-06 23:15:34.711786+00:00
AMZN,1018724,0001193125-06-213773,2006-10-24,2006-10-24,8-K,sec_edgar,2026-08-06 23:15:34.711786+00:00
AMZN,1018724,0001193125-06-215188,2006-10-26,2006-09-30,10-Q,sec_edgar,2026-08-06 23:15:34.711786+00:00
AMZN,1018724,0001193125-07-018250,2007-02-01,2007-02-01,8-K,sec_edgar,2026-08-06 23:15:34.711786+00:00
AMZN,1018724,0001193125-07-034081,2007-02-16,2006-12-31,10-K,sec_edgar,2026-08-06 23:15:34.711786+00:00
AMZN,1018724,0001193125-07-061803,2007-03-22,2007-03-19,8-K,sec_edgar,2026-08-06 23:15:34.711786+00:00
AMZN,1018724,0001193125-07-088806,2007-04-24,2007-04-24,8-K,sec_edgar,2026-08-06 23:15:34.711786+00:00
AMZN,1018724,0001193125-07-090895,2007-04-26,2007-03-31,10-Q,sec_edgar,2026-08-06 23:15:34.711786+00:00
AMZN,1018724,0001193125-07-093886,2007-04-27,2007-04-27,8-K,sec_edgar,2026-08-06 23:15:34.711786+00:00
AMZN,1018724,0001193125-07-160753,2007-07-24,2007-07-24,8-K,sec_edgar,2026-08-06 23:15:34.711786+00:00
AMZN,1018724,0001193125-07-162415,2007-07-26,2007-06-30,10-Q,sec_edgar,2026-08-06 23:15:34.711786+00:00
AMZN,1018724,0001193125-07-194190,2007-08-31,2007-08-27,8-K,sec_edgar,2026-08-06 23:15:34.711786+00:00
AMZN,1018724,0001193125-07-202959,2007-09-18,2007-09-12,8-K,sec_edgar,2026-08-06 23:15:34.711786+00:00
AMZN,1018724,0001193125-07-223857,2007-10-23,2007-10-23,8-K,sec_edgar,2026-08-06 23:15:34.711786+00:00
AMZN,1018724,0001193125-07-225370,2007-10-25,2007-09-30,10-Q,sec_edgar,2026-08-06 23:15:34.711786+00:00
AMZN,1018724,0001193125-07-270524,2007-12-21,2007-12-21,8-K,sec_edgar,2026-08-06 23:15:34.711786+00:00
AMZN,1018724,0001193125-08-015472,2008-01-30,2008-01-30,8-K,sec_edgar,2026-08-06 23:15:34.711786+00:00
AMZN,1018724,0001193125-08-017136,2008-02-01,2008-01-30,8-K,sec_edgar,2026-08-06 23:15:34.711786+00:00
AMZN,1018724,0001193125-08-023515,2008-02-08,2008-02-07,8-K,sec_edgar,2026-08-06 23:15:34.711786+00:00
AMZN,1018724,0001193125-08-024707,2008-02-11,2007-12-31,10-K,sec_edgar,2026-08-06 23:15:34.711786+00:00
AMZN,1018724,0001193125-08-084145,2008-04-18,2008-04-18,8-K,sec_edgar,2026-08-06 23:15:34.711786+00:00
AMZN,1018724,0001193125-08-087961,2008-04-23,2008-04-23,8-K,sec_edgar,2026-08-06 23:15:34.711786+00:00
AMZN,1018724,0001193125-08-089548,2008-04-25,2008-03-31,10-Q,sec_edgar,2026-08-06 23:15:34.711786+00:00
AMZN,1018724,0001193125-08-109953,2008-05-09,2008-05-09,8-K,sec_edgar,2026-08-06 23:15:34.711786+00:00
AMZN,1018724,0001193125-08-131500,2008-06-11,2008-06-09,8-K,sec_edgar,2026-08-06 23:15:34.711786+00:00
AMZN,1018724,0001193125-08-156257,2008-07-23,2008-07-23,8-K,sec_edgar,2026-08-06 23:15:34.711786+00:00
AMZN,1018724,0001193125-08-157451,2008-07-25,2008-06-30,10-Q,sec_edgar,2026-08-06 23:15:34.711786+00:00
AMZN,1018724,0001193125-08-179695,2008-08-18,2008-08-18,8-K,sec_edgar,2026-08-06 23:15:34.711786+00:00
AMZN,1018724,0001193125-08-197492,2008-09-17,2008-09-17,8-K,sec_edgar,2026-08-06 23:15:34.711786+00:00
AMZN,1018724,0001193125-08-214483,2008-10-22,2008-09-30,10-Q,sec_edgar,2026-08-06 23:15:34.711786+00:00
AMZN,1018724,0001193125-08-214425,2008-10-22,2008-08-22,8-K,sec_edgar,2026-08-06 23:15:34.711786+00:00
AMZN,1018724,0001193125-08-237767,2008-11-17,2008-11-13,8-K,sec_edgar,2026-08-06 23:15:34.711786+00:00
AMZN,1018724,0001193125-09-014223,2009-01-29,2009-01-29,8-K,sec_edgar,2026-08-06 23:15:34.711786+00:00
AMZN,1018724,0001193125-09-014406,2009-01-30,2008-12-31,10-K,sec_edgar,2026-08-06 23:15:34.711786+00:00
AMZN,1018724,0001193125-09-032203,2009-02-18,2009-02-12,8-K,sec_edgar,2026-08-06 23:15:34.711786+00:00
AMZN,1018724,0001193125-09-047679,2009-03-06,2008-03-04,8-K,sec_edgar,2026-08-06 23:15:34.711786+00:00
AMZN,1018724,0001193125-09-081096,2009-04-17,2009-04-17,8-K,sec_edgar,2026-08-06 23:15:34.711786+00:00
AMZN,1018724,0001193125-09-085786,2009-04-23,2009-04-23,8-K,sec_edgar,2026-08-06 23:15:34.711786+00:00
AMZN,1018724,0001193125-09-085983,2009-04-24,2009-03-31,10-Q,sec_edgar,2026-08-06 23:15:34.711786+00:00
AMZN,1018724,0001193125-09-130282,2009-06-12,2009-06-11,8-K,sec_edgar,2026-08-06 23:15:34.711786+00:00
AMZN,1018724,0001193125-09-153130,2009-07-22,2009-07-22,8-K,sec_edgar,2026-08-06 23:15:34.711786+00:00
AMZN,1018724,0001193125-09-154037,2009-07-23,2009-07-23,8-K,sec_edgar,2026-08-06 23:15:34.711786+00:00
AMZN,1018724,0001193125-09-154182,2009-07-24,2009-07-22,8-K,sec_edgar,2026-08-06 23:15:34.711786+00:00
AMZN,1018724,0001193125-09-154174,2009-07-24,2009-06-30,10-Q,sec_edgar,2026-08-06 23:15:34.711786+00:00
AMZN,1018724,0001193125-09-211972,2009-10-22,2009-10-22,8-K,sec_edgar,2026-08-06 23:15:34.711786+00:00
AMZN,1018724,0001193125-09-212134,2009-10-23,2009-09-30,10-Q,sec_edgar,2026-08-06 23:15:34.711786+00:00
AMZN,1018724,0001193125-09-219781,2009-11-02,2009-11-02,8-K,sec_edgar,2026-08-06 23:15:34.711786+00:00
AMZN,1018724,0001193125-10-015621,2010-01-28,2009-01-28,8-K,sec_edgar,2026-08-06 23:15:34.711786+00:00
AMZN,1018724,0001193125-10-016098,2010-01-29,2009-12-31,10-K,sec_edgar,2026-08-06 23:15:34.711786+00:00
AMZN,1018724,0001193125-10-058521,2010-03-16,2010-03-12,8-K,sec_edgar,2026-08-06 23:15:34.711786+00:00
AMZN,1018724,0001193125-10-082914,2010-04-14,2010-04-14,8-K,sec_edgar,2026-08-06 23:15:34.711786+00:00
AMZN,1018724,0001193125-10-090093,2010-04-22,2010-04-22,8-K,sec_edgar,2026-08-06 23:15:34.711786+00:00
AMZN,1018724,0001193125-10-090367,2010-04-23,2010-03-31,10-Q,sec_edgar,2026-08-06 23:15:34.711786+00:00
AMZN,1018724,0000950130-10-000283,2010-05-28,2010-05-25,8-K,sec_edgar,2026-08-06 23:15:34.711786+00:00
AMZN,1018724,0001193125-10-163861,2010-07-22,2010-07-22,8-K,sec_edgar,2026-08-06 23:15:34.711786+00:00
AMZN,1018724,0001193125-10-164083,2010-07-23,2010-06-30,10-Q,sec_edgar,2026-08-06 23:15:34.711786+00:00
AMZN,1018724,0001193125-10-233639,2010-10-21,2010-10-21,8-K,sec_edgar,2026-08-06 23:15:34.711786+00:00
AMZN,1018724,0001193125-10-233883,2010-10-22,2010-09-30,10-Q,sec_edgar,2026-08-06 23:15:34.711786+00:00
AMZN,1018724,0001193125-10-251261,2010-11-08,2010-11-08,8-K,sec_edgar,2026-08-06 23:15:34.711786+00:00
AMZN,1018724,0001193125-10-282886,2010-12-17,2010-12-16,8-K,sec_edgar,2026-08-06 23:15:34.711786+00:00
AMZN,1018724,0001193125-11-015972,2011-01-27,2011-01-27,8-K,sec_edgar,2026-08-06 23:15:34.711786+00:00
AMZN,1018724,0001193125-11-016253,2011-01-28,2010-12-31,10-K,sec_edgar,2026-08-06 23:15:34.711786+00:00
AMZN,1018724,0001193125-11-076634,2011-03-24,2011-03-24,8-K,sec_edgar,2026-08-06 23:15:34.711786+00:00
AMZN,1018724,0001193125-11-109578,2011-04-26,2011-04-26,8-K,sec_edgar,2026-08-06 23:15:34.711786+00:00
AMZN,1018724,0001193125-11-110797,2011-04-27,2011-04-27,8-K,sec_edgar,2026-08-06 23:15:34.711786+00:00
AMZN,1018724,0001193125-11-110197,2011-04-27,2011-03-31,10-Q,sec_edgar,2026-08-06 23:15:34.711786+00:00
AMZN,1018724,0001193125-11-163100,2011-06-10,2011-06-07,8-K,sec_edgar,2026-08-06 23:15:34.711786+00:00
AMZN,1018724,0001193125-11-197473,2011-07-26,2011-07-26,8-K,sec_edgar,2026-08-06 23:15:34.711786+00:00
AMZN,1018724,0001193125-11-197823,2011-07-27,2011-06-30,10-Q,sec_edgar,2026-08-06 23:15:34.711786+00:00
AMZN,1018724,0001193125-11-243454,2011-09-08,2011-09-08,8-K,sec_edgar,2026-08-06 23:15:34.711786+00:00
AMZN,1018724,0001193125-11-280254,2011-10-25,2011-10-25,8-K,sec_edgar,2026-08-06 23:15:34.711786+00:00
AMZN,1018724,0001193125-11-280739,2011-10-26,2011-09-30,10-Q,sec_edgar,2026-08-06 23:15:34.711786+00:00
AMZN,1018724,0001193125-12-032057,2012-01-31,2012-01-31,8-K,sec_edgar,2026-08-06 23:15:34.711786+00:00
AMZN,1018724,0001193125-12-032846,2012-02-01,2011-12-31,10-K,sec_edgar,2026-08-06 23:15:34.711786+00:00
AMZN,1018724,0001193125-12-050110,2012-02-10,2012-02-09,8-K,sec_edgar,2026-08-06 23:15:34.711786+00:00
AMZN,1018724,0001193125-12-122135,2012-03-20,2012-03-19,8-K,sec_edgar,2026-08-06 23:15:34.711786+00:00
AMZN,1018724,0001193125-12-161812,2012-04-13,2012-04-13,8-K,sec_edgar,2026-08-06 23:15:34.711786+00:00
AMZN,1018724,0001193125-12-186222,2012-04-26,2012-04-26,8-K,sec_edgar,2026-08-06 23:15:34.711786+00:00
AMZN,1018724,0001193125-12-187203,2012-04-27,2012-03-31,10-Q,sec_edgar,2026-08-06 23:15:34.711786+00:00
AMZN,1018724,0001193125-12-200668,2012-05-01,2012-05-01,8-K,sec_edgar,2026-08-06 23:15:34.711786+00:00
AMZN,1018724,0001193125-12-249407,2012-05-25,2012-05-24,8-K,sec_edgar,2026-08-06 23:15:34.711786+00:00
AMZN,1018724,0001193125-12-316828,2012-07-26,2012-07-26,8-K,sec_edgar,2026-08-06 23:15:34.711786+00:00
AMZN,1018724,0001193125-12-317409,2012-07-27,2012-06-30,10-Q,sec_edgar,2026-08-06 23:15:34.711786+00:00
AMZN,1018724,0001193125-12-416835,2012-10-05,2012-10-01,8-K,sec_edgar,2026-08-06 23:15:34.711786+00:00
AMZN,1018724,0001193125-12-435477,2012-10-25,2012-10-25,8-K,sec_edgar,2026-08-06 23:15:34.711786+00:00
AMZN,1018724,0001193125-12-436012,2012-10-26,2012-09-30,10-Q,sec_edgar,2026-08-06 23:15:34.711786+00:00
AMZN,1018724,0001193125-12-485763,2012-11-29,2012-11-26,8-K,sec_edgar,2026-08-06 23:15:34.711786+00:00
AMZN,1018724,0001193125-12-518418,2012-12-28,2012-12-26,8-K,sec_edgar,2026-08-06 23:15:34.711786+00:00
AMZN,1018724,0001193125-13-028189,2013-01-29,2013-01-29,8-K,sec_edgar,2026-08-06 23:15:34.711786+00:00
AMZN,1018724,0001193125-13-028520,2013-01-30,2012-12-31,10-K,sec_edgar,2026-08-06 23:15:34.711786+00:00
AMZN,1018724,0001193125-13-151836,2013-04-12,2013-04-12,8-K,sec_edgar,2026-08-06 23:15:34.711786+00:00
AMZN,1018724,0001193125-13-173923,2013-04-25,2013-04-25,8-K,sec_edgar,2026-08-06 23:15:34.711786+00:00
AMZN,1018724,0001193125-13-174667,2013-04-26,2013-03-31,10-Q,sec_edgar,2026-08-06 23:15:34.711786+00:00
AMZN,1018724,0001193125-13-235908,2013-05-24,2013-05-23,8-K,sec_edgar,2026-08-06 23:15:34.711786+00:00
AMZN,1018724,0001193125-13-302763,2013-07-25,2013-07-25,8-K,sec_edgar,2026-08-06 23:15:34.711786+00:00
AMZN,1018724,0001193125-13-303204,2013-07-26,2013-06-30,10-Q,sec_edgar,2026-08-06 23:15:34.711786+00:00
AMZN,1018724,0001193125-13-409933,2013-10-24,2013-10-24,8-K,sec_edgar,2026-08-06 23:15:34.711786+00:00
AMZN,1018724,0001445305-13-002495,2013-10-25,2013-09-30,10-Q,sec_edgar,2026-08-06 23:15:34.711786+00:00
AMZN,1018724,0001018724-14-000004,2014-01-30,2014-01-30,8-K,sec_edgar,2026-08-06 23:15:34.711786+00:00
AMZN,1018724,0001018724-14-000006,2014-01-31,2013-12-31,10-K,sec_edgar,2026-08-06 23:15:34.711786+00:00
AMZN,1018724,0001193125-14-137753,2014-04-10,2014-04-10,8-K,sec_edgar,2026-08-06 23:15:34.711786+00:00
AMZN,1018724,0001018724-14-000012,2014-04-24,2014-04-24,8-K,sec_edgar,2026-08-06 23:15:34.711786+00:00
AMZN,1018724,0001018724-14-000014,2014-04-25,2014-03-31,10-Q,sec_edgar,2026-08-06 23:15:34.711786+00:00
AMZN,1018724,0001193125-14-211657,2014-05-23,2014-05-21,8-K,sec_edgar,2026-08-06 23:15:34.711786+00:00
AMZN,1018724,0001018724-14-000023,2014-07-24,2014-07-24,8-K,sec_edgar,2026-08-06 23:15:34.711786+00:00
AMZN,1018724,0001018724-14-000025,2014-07-25,2014-06-30,10-Q,sec_edgar,2026-08-06 23:15:34.711786+00:00
AMZN,1018724,0001018724-14-000028,2014-08-01,2014-07-31,8-K,sec_edgar,2026-08-06 23:15:34.711786+00:00
AMZN,1018724,0001018724-14-000034,2014-08-25,2014-08-25,8-K,sec_edgar,2026-08-06 23:15:34.711786+00:00
AMZN,1018724,0001018724-14-000039,2014-09-03,2014-09-03,8-K,sec_edgar,2026-08-06 23:15:34.711786+00:00
AMZN,1018724,0001018724-14-000042,2014-09-05,2014-09-05,8-K,sec_edgar,2026-08-06 23:15:34.711786+00:00
AMZN,1018724,0001018724-14-000046,2014-09-25,2014-09-25,8-K,sec_edgar,2026-08-06 23:15:34.711786+00:00
AMZN,1018724,0001018724-14-000053,2014-10-23,2014-10-23,8-K,sec_edgar,2026-08-06 23:15:34.711786+00:00
AMZN,1018724,0001018724-14-000055,2014-10-24,2014-09-30,10-Q,sec_edgar,2026-08-06 23:15:34.711786+00:00
AMZN,1018724,0001193125-14-434903,2014-12-05,2014-12-02,8-K,sec_edgar,2026-08-06 23:15:34.711786+00:00
AMZN,1018724,0001018724-15-000004,2015-01-29,2015-01-29,8-K,sec_edgar,2026-08-06 23:15:34.711786+00:00
AMZN,1018724,0001018724-15-000006,2015-01-30,2014-12-31,10-K,sec_edgar,2026-08-06 23:15:34.711786+00:00
AMZN,1018724,0001018724-15-000036,2015-04-23,2015-04-23,8-K,sec_edgar,2026-08-06 23:15:34.711786+00:00
AMZN,1018724,0001193125-15-144741,2015-04-24,2015-04-24,8-K,sec_edgar,2026-08-06 23:15:34.711786+00:00
AMZN,1018724,0001018724-15-000038,2015-04-24,2015-03-31,10-Q,sec_edgar,2026-08-06 23:15:34.711786+00:00
AMZN,1018724,0001018724-15-000079,2015-06-12,2015-06-10,8-K,sec_edgar,2026-08-06 23:15:34.711786+00:00
AMZN,1018724,0001018724-15-000085,2015-07-23,2015-07-23,8-K,sec_edgar,2026-08-06 23:15:34.711786+00:00
AMZN,1018724,0001018724-15-000087,2015-07-24,2015-06-30,10-Q,sec_edgar,2026-08-06 23:15:34.711786+00:00
AMZN,1018724,0001018724-15-000124,2015-10-22,2015-10-22,8-K,sec_edgar,2026-08-06 23:15:34.711786+00:00
AMZN,1018724,0001018724-15-000126,2015-10-23,2015-09-30,10-Q,sec_edgar,2026-08-06 23:15:34.711786+00:00
AMZN,1018724,0001018724-16-000170,2016-01-28,2016-01-28,8-K,sec_edgar,2026-08-06 23:15:34.711786+00:00
AMZN,1018724,0001018724-16-000172,2016-01-29,2015-12-31,10-K,sec_edgar,2026-08-06 23:15:34.711786+00:00
AMZN,1018724,0001018724-16-000176,2016-02-10,2016-02-10,8-K,sec_edgar,2026-08-06 23:15:34.711786+00:00
AMZN,1018724,0001018724-16-000206,2016-02-25,2016-02-25,8-K,sec_edgar,2026-08-06 23:15:34.711786+00:00
AMZN,1018724,0001193125-16-530910,2016-04-05,2016-04-05,8-K,sec_edgar,2026-08-06 23:15:34.711786+00:00
AMZN,1018724,0001018724-16-000225,2016-04-28,2016-04-28,8-K,sec_edgar,2026-08-06 23:15:34.711786+00:00
AMZN,1018724,0001018724-16-000227,2016-04-29,2016-03-31,10-Q,sec_edgar,2026-08-06 23:15:34.711786+00:00
AMZN,1018724,0001018724-16-000268,2016-05-20,2016-05-17,8-K,sec_edgar,2026-08-06 23:15:34.711786+00:00
AMZN,1018724,0001018724-16-000282,2016-07-28,2016-07-28,8-K,sec_edgar,2026-08-06 23:15:34.711786+00:00
AMZN,1018724,0001018724-16-000286,2016-07-29,2016-06-30,10-Q,sec_edgar,2026-08-06 23:15:34.711786+00:00
AMZN,1018724,0001018724-16-000312,2016-09-08,2016-09-07,8-K,sec_edgar,2026-08-06 23:15:34.711786+00:00
AMZN,1018724,0001018724-16-000322,2016-10-27,2016-10-27,8-K,sec_edgar,2026-08-06 23:15:34.711786+00:00
AMZN,1018724,0001018724-16-000324,2016-10-28,2016-09-30,10-Q,sec_edgar,2026-08-06 23:15:34.711786+00:00
AMZN,1018724,0001018724-17-000003,2017-02-02,2017-02-02,8-K,sec_edgar,2026-08-06 23:15:34.711786+00:00
AMZN,1018724,0001018724-17-000011,2017-02-10,2016-12-31,10-K,sec_edgar,2026-08-06 23:15:34.711786+00:00
AMZN,1018724,0001018724-17-000044,2017-03-17,2017-03-14,8-K,sec_edgar,2026-08-06 23:15:34.711786+00:00
AMZN,1018724,0001193125-17-120198,2017-04-12,2017-04-12,8-K,sec_edgar,2026-08-06 23:15:34.711786+00:00
AMZN,1018724,0001018724-17-000049,2017-04-27,2017-04-27,8-K,sec_edgar,2026-08-06 23:15:34.711786+00:00
AMZN,1018724,0001018724-17-000051,2017-04-28,2017-03-31,10-Q,sec_edgar,2026-08-06 23:15:34.711786+00:00
AMZN,1018724,0001018724-17-000084,2017-05-25,2017-05-23,8-K,sec_edgar,2026-08-06 23:15:34.711786+00:00
AMZN,1018724,0001193125-17-205287,2017-06-16,2017-06-15,8-K,sec_edgar,2026-08-06 23:15:34.711786+00:00
AMZN,1018724,0001018724-17-000098,2017-07-27,2017-07-27,8-K,sec_edgar,2026-08-06 23:15:34.711786+00:00
AMZN,1018724,0001018724-17-000100,2017-07-28,2017-06-30,10-Q,sec_edgar,2026-08-06 23:15:34.711786+00:00
AMZN,1018724,0001193125-17-258008,2017-08-15,2017-08-15,8-K,sec_edgar,2026-08-06 23:15:34.711786+00:00
AMZN,1018724,0001193125-17-258814,2017-08-16,2017-08-15,8-K,sec_edgar,2026-08-06 23:15:34.711786+00:00
AMZN,1018724,0001193125-17-264654,2017-08-22,2017-08-22,8-K,sec_edgar,2026-08-06 23:15:34.711786+00:00
AMZN,1018724,0001193125-17-266837,2017-08-24,2017-08-24,8-K,sec_edgar,2026-08-06 23:15:34.711786+00:00
AMZN,1018724,0001193125-17-269093,2017-08-28,2017-08-28,8-K,sec_edgar,2026-08-06 23:15:34.711786+00:00
AMZN,1018724,0001018724-17-000131,2017-10-26,2017-10-26,8-K,sec_edgar,2026-08-06 23:15:34.711786+00:00
AMZN,1018724,0001018724-17-000135,2017-10-27,2017-09-30,10-Q,sec_edgar,2026-08-06 23:15:34.711786+00:00
AMZN,1018724,0001193125-17-374998,2017-12-20,2017-12-20,8-K,sec_edgar,2026-08-06 23:15:34.711786+00:00
AMZN,1018724,0001018724-18-000002,2018-02-01,2018-02-01,8-K,sec_edgar,2026-08-06 23:15:34.711786+00:00
AMZN,1018724,0001018724-18-000005,2018-02-02,2017-12-31,10-K,sec_edgar,2026-08-06 23:15:34.711786+00:00
AMZN,1018724,0001193125-18-121161,2018-04-18,2018-04-18,8-K,sec_edgar,2026-08-06 23:15:34.711786+00:00
AMZN,1018724,0001018724-18-000070,2018-04-26,2018-04-26,8-K,sec_edgar,2026-08-06 23:15:34.711786+00:00
AMZN,1018724,0001193125-18-139368,2018-04-27,2018-04-27,8-K,sec_edgar,2026-08-06 23:15:34.711786+00:00
AMZN,1018724,0001018724-18-000072,2018-04-27,2018-03-31,10-Q,sec_edgar,2026-08-06 23:15:34.711786+00:00
AMZN,1018724,0001018724-18-000104,2018-06-01,2018-05-30,8-K,sec_edgar,2026-08-06 23:15:34.711786+00:00
AMZN,1018724,0001018724-18-000106,2018-07-26,2018-07-26,8-K,sec_edgar,2026-08-06 23:15:34.711786+00:00
AMZN,1018724,0001018724-18-000108,2018-07-27,2018-06-30,10-Q,sec_edgar,2026-08-06 23:15:34.711786+00:00
AMZN,1018724,0001018724-18-000157,2018-10-25,2018-10-25,8-K,sec_edgar,2026-08-06 23:15:34.711786+00:00
AMZN,1018724,0001018724-18-000159,2018-10-26,2018-09-30,10-Q,sec_edgar,2026-08-06 23:15:34.711786+00:00
AMZN,1018724,0001018724-19-000002,2019-01-31,2019-01-31,8-K,sec_edgar,2026-08-06 23:15:34.711786+00:00
AMZN,1018724,0001018724-19-000004,2019-02-01,2018-12-31,10-K,sec_edgar,2026-08-06 23:15:34.711786+00:00
AMZN,1018724,0001018724-19-000008,2019-02-04,2019-02-04,8-K,sec_edgar,2026-08-06 23:15:34.711786+00:00
AMZN,1018724,0001193125-19-049914,2019-02-25,2019-02-25,8-K,sec_edgar,2026-08-06 23:15:34.711786+00:00
AMZN,1018724,0001193125-19-097640,2019-04-04,2019-04-04,8-K,sec_edgar,2026-08-06 23:15:34.711786+00:00
AMZN,1018724,0001193125-19-103013,2019-04-11,2019-04-11,8-K,sec_edgar,2026-08-06 23:15:34.711786+00:00
AMZN,1018724,0001018724-19-000041,2019-04-25,2019-04-25,8-K,sec_edgar,2026-08-06 23:15:34.711786+00:00
AMZN,1018724,0001018724-19-000043,2019-04-26,2019-03-31,10-Q,sec_edgar,2026-08-06 23:15:34.711786+00:00
AMZN,1018724,0001018724-19-000061,2019-05-24,2019-05-22,8-K,sec_edgar,2026-08-06 23:15:34.711786+00:00
AMZN,1018724,0001018724-19-000069,2019-07-25,2019-07-25,8-K,sec_edgar,2026-08-06 23:15:34.711786+00:00
AMZN,1018724,0001018724-19-000071,2019-07-26,2019-06-30,10-Q,sec_edgar,2026-08-06 23:15:34.711786+00:00
AMZN,1018724,0001018724-19-000081,2019-08-01,2019-07-31,8-K,sec_edgar,2026-08-06 23:15:34.711786+00:00
AMZN,1018724,0001018724-19-000087,2019-10-24,2019-10-24,8-K,sec_edgar,2026-08-06 23:15:34.711786+00:00
AMZN,1018724,0001018724-19-000089,2019-10-25,2019-09-30,10-Q,sec_edgar,2026-08-06 23:15:34.711786+00:00
AMZN,1018724,0001018724-19-000093,2019-11-19,2019-11-15,8-K,sec_edgar,2026-08-06 23:15:34.711786+00:00
AMZN,1018724,0001018724-20-000002,2020-01-30,2020-01-30,8-K,sec_edgar,2026-08-06 23:15:34.711786+00:00
AMZN,1018724,0001018724-20-000004,2020-01-31,2019-12-31,10-K,sec_edgar,2026-08-06 23:15:34.711786+00:00
AMZN,1018724,0001193125-20-108427,2020-04-16,2020-04-16,8-K,sec_edgar,2026-08-06 23:15:34.711786+00:00
AMZN,1018724,0001018724-20-000008,2020-04-30,2020-04-30,8-K,sec_edgar,2026-08-06 23:15:34.711786+00:00
AMZN,1018724,0001018724-20-000010,2020-05-01,2020-03-31,10-Q,sec_edgar,2026-08-06 23:15:34.711786+00:00
AMZN,1018724,0001018724-20-000015,2020-05-29,2020-05-27,8-K,sec_edgar,2026-08-06 23:15:34.711786+00:00
AMZN,1018724,0001193125-20-159531,2020-06-03,2020-06-03,8-K,sec_edgar,2026-08-06 23:15:34.711786+00:00
AMZN,1018724,0001193125-20-176528,2020-06-23,2020-06-23,8-K,sec_edgar,2026-08-06 23:15:34.711786+00:00
AMZN,1018724,0001018724-20-000019,2020-07-30,2020-07-30,8-K,sec_edgar,2026-08-06 23:15:34.711786+00:00
AMZN,1018724,0001018724-20-000021,2020-07-31,2020-06-30,10-Q,sec_edgar,2026-08-06 23:15:34.711786+00:00
AMZN,1018724,0001193125-20-226520,2020-08-21,2020-08-21,8-K,sec_edgar,2026-08-06 23:15:34.711786+00:00
AMZN,1018724,0001018724-20-000026,2020-09-09,2020-09-09,8-K,sec_edgar,2026-08-06 23:15:34.711786+00:00
AMZN,1018724,0001018724-20-000028,2020-10-29,2020-10-29,8-K,sec_edgar,2026-08-06 23:15:34.711786+00:00
AMZN,1018724,0001018724-20-000030,2020-10-30,2020-09-30,10-Q,sec_edgar,2026-08-06 23:15:34.711786+00:00
AMZN,1018724,0001193125-21-018066,2021-01-27,2021-01-26,8-K,sec_edgar,2026-08-06 23:15:34.711786+00:00
AMZN,1018724,0001018724-21-000002,2021-02-02,2021-02-02,8-K,sec_edgar,2026-08-06 23:15:34.711786+00:00
AMZN,1018724,0001018724-21-000004,2021-02-03,2020-12-31,10-K,sec_edgar,2026-08-06 23:15:34.711786+00:00
AMZN,1018724,0001104659-21-050346,2021-04-15,2021-04-15,8-K,sec_edgar,2026-08-06 23:15:34.711786+00:00
AMZN,1018724,0001018724-21-000008,2021-04-29,2021-04-29,8-K,sec_edgar,2026-08-06 23:15:34.711786+00:00
AMZN,1018724,0001018724-21-000010,2021-04-30,2021-03-31,10-Q,sec_edgar,2026-08-06 23:15:34.711786+00:00
AMZN,1018724,0001193125-21-159084,2021-05-12,2021-05-12,8-K,sec_edgar,2026-08-06 23:15:34.711786+00:00
AMZN,1018724,0001018724-21-000012,2021-05-28,2021-05-26,8-K,sec_edgar,2026-08-06 23:15:34.711786+00:00
AMZN,1018724,0001018724-21-000016,2021-07-02,2021-06-28,8-K,sec_edgar,2026-08-06 23:15:34.711786+00:00
AMZN,1018724,0001018724-21-000018,2021-07-29,2021-07-29,8-K,sec_edgar,2026-08-06 23:15:34.711786+00:00
AMZN,1018724,0001018724-21-000020,2021-07-30,2021-06-30,10-Q,sec_edgar,2026-08-06 23:15:34.711786+00:00
AMZN,1018724,0001018724-21-000022,2021-09-20,2021-09-20,8-K,sec_edgar,2026-08-06 23:15:34.711786+00:00
AMZN,1018724,0001018724-21-000026,2021-10-28,2021-10-28,8-K,sec_edgar,2026-08-06 23:15:34.711786+00:00
AMZN,1018724,0001018724-21-000028,2021-10-29,2021-09-30,10-Q,sec_edgar,2026-08-06 23:15:34.711786+00:00
AMZN,1018724,0001018724-21-000030,2021-11-12,2021-11-10,8-K,sec_edgar,2026-08-06 23:15:34.711786+00:00
AMZN,1018724,0001018724-22-000002,2022-02-03,2022-02-03,8-K,sec_edgar,2026-08-06 23:15:34.711786+00:00
AMZN,1018724,0001018724-22-000005,2022-02-04,2021-12-31,10-K,sec_edgar,2026-08-06 23:15:34.711786+00:00
AMZN,1018724,0001018724-22-000009,2022-03-09,2022-03-09,8-K,sec_edgar,2026-08-06 23:15:34.711786+00:00
AMZN,1018724,0001193125-22-104336,2022-04-13,2022-04-13,8-K,sec_edgar,2026-08-06 23:15:34.711786+00:00
AMZN,1018724,0001104659-22-045579,2022-04-14,2022-04-14,8-K,sec_edgar,2026-08-06 23:15:34.711786+00:00
AMZN,1018724,0001018724-22-000011,2022-04-28,2022-04-28,8-K,sec_edgar,2026-08-06 23:15:34.711786+00:00
AMZN,1018724,0001018724-22-000013,2022-04-29,2022-03-31,10-Q,sec_edgar,2026-08-06 23:15:34.711786+00:00
AMZN,1018724,0001104659-22-065872,2022-05-27,2022-05-25,8-K,sec_edgar,2026-08-06 23:15:34.711786+00:00
AMZN,1018724,0001018724-22-000015,2022-06-03,2022-06-01,8-K,sec_edgar,2026-08-06 23:15:34.711786+00:00
AMZN,1018724,0001018724-22-000017,2022-07-28,2022-07-28,8-K,sec_edgar,2026-08-06 23:15:34.711786+00:00
AMZN,1018724,0001018724-22-000019,2022-07-29,2022-06-30,10-Q,sec_edgar,2026-08-06 23:15:34.711786+00:00
AMZN,1018724,0001018724-22-000021,2022-10-27,2022-10-27,8-K,sec_edgar,2026-08-06 23:15:34.711786+00:00
AMZN,1018724,0001018724-22-000023,2022-10-28,2022-09-30,10-Q,sec_edgar,2026-08-06 23:15:34.711786+00:00
AMZN,1018724,0001193125-22-289041,2022-11-18,2022-11-18,8-K,sec_edgar,2026-08-06 23:15:34.711786+00:00
AMZN,1018724,0001193125-22-296602,2022-12-01,2022-12-01,8-K,sec_edgar,2026-08-06 23:15:34.711786+00:00
AMZN,1018724,0001193125-23-000849,2023-01-03,2023-01-03,8-K,sec_edgar,2026-08-06 23:15:34.711786+00:00
AMZN,1018724,0001193125-23-003621,2023-01-06,2023-01-05,8-K,sec_edgar,2026-08-06 23:15:34.711786+00:00
AMZN,1018724,0001018724-23-000002,2023-02-02,2023-02-02,8-K,sec_edgar,2026-08-06 23:15:34.711786+00:00
AMZN,1018724,0001018724-23-000004,2023-02-03,2022-12-31,10-K,sec_edgar,2026-08-06 23:15:34.711786+00:00
AMZN,1018724,0001104659-23-044715,2023-04-13,2023-04-13,8-K,sec_edgar,2026-08-06 23:15:34.711786+00:00
AMZN,1018724,0001018724-23-000006,2023-04-27,2023-04-27,8-K,sec_edgar,2026-08-06 23:15:34.711786+00:00
AMZN,1018724,0001018724-23-000008,2023-04-28,2023-03-31,10-Q,sec_edgar,2026-08-06 23:15:34.711786+00:00
AMZN,1018724,0001104659-23-065457,2023-05-26,2023-05-24,8-K,sec_edgar,2026-08-06 23:15:34.711786+00:00
AMZN,1018724,0001018724-23-000010,2023-08-03,2023-08-03,8-K,sec_edgar,2026-08-06 23:15:34.711786+00:00
AMZN,1018724,0001018724-23-000012,2023-08-04,2023-06-30,10-Q,sec_edgar,2026-08-06 23:15:34.711786+00:00
AMZN,1018724,0001018724-23-000014,2023-09-13,2023-09-13,8-K,sec_edgar,2026-08-06 23:15:34.711786+00:00
AMZN,1018724,0001018724-23-000016,2023-10-26,2023-10-26,8-K,sec_edgar,2026-08-06 23:15:34.711786+00:00
AMZN,1018724,0001018724-23-000018,2023-10-27,2023-09-30,10-Q,sec_edgar,2026-08-06 23:15:34.711786+00:00
AMZN,1018724,0001104659-23-113444,2023-11-01,2023-11-01,8-K,sec_edgar,2026-08-06 23:15:34.711786+00:00
AMZN,1018724,0001018724-24-000006,2024-02-01,2024-02-01,8-K,sec_edgar,2026-08-06 23:15:34.711786+00:00
AMZN,1018724,0001018724-24-000008,2024-02-02,2023-12-31,10-K,sec_edgar,2026-08-06 23:15:34.711786+00:00
AMZN,1018724,0001104659-24-045915,2024-04-11,2024-04-11,8-K,sec_edgar,2026-08-06 23:15:34.711786+00:00
AMZN,1018724,0001018724-24-000081,2024-04-30,2024-04-30,8-K,sec_edgar,2026-08-06 23:15:34.711786+00:00
AMZN,1018724,0001018724-24-000083,2024-05-01,2024-03-31,10-Q,sec_edgar,2026-08-06 23:15:34.711786+00:00
AMZN,1018724,0001104659-24-057026,2024-05-03,2024-05-03,8-K,sec_edgar,2026-08-06 23:15:34.711786+00:00
AMZN,1018724,0001104659-24-061143,2024-05-14,2024-05-14,8-K,sec_edgar,2026-08-06 23:15:34.711786+00:00
AMZN,1018724,0001104659-24-065117,2024-05-24,2024-05-22,8-K,sec_edgar,2026-08-06 23:15:34.711786+00:00
AMZN,1018724,0001018724-24-000128,2024-08-01,2024-08-01,8-K,sec_edgar,2026-08-06 23:15:34.711786+00:00
AMZN,1018724,0001018724-24-000130,2024-08-02,2024-06-30,10-Q,sec_edgar,2026-08-06 23:15:34.711786+00:00
AMZN,1018724,0001018724-24-000158,2024-10-31,2024-10-31,8-K,sec_edgar,2026-08-06 23:15:34.711786+00:00
AMZN,1018724,0001018724-24-000161,2024-11-01,2024-09-30,10-Q,sec_edgar,2026-08-06 23:15:34.711786+00:00
AMZN,1018724,0001018724-25-000002,2025-02-06,2025-02-06,8-K,sec_edgar,2026-08-06 23:15:34.711786+00:00
AMZN,1018724,0001018724-25-000004,2025-02-07,2024-12-31,10-K,sec_edgar,2026-08-06 23:15:34.711786+00:00
AMZN,1018724,0001104659-25-033450,2025-04-10,2025-04-10,8-K,sec_edgar,2026-08-06 23:15:34.711786+00:00
AMZN,1018724,0001018724-25-000034,2025-05-01,2025-05-01,8-K,sec_edgar,2026-08-06 23:15:34.711786+00:00
AMZN,1018724,0001018724-25-000036,2025-05-02,2025-03-31,10-Q,sec_edgar,2026-08-06 23:15:34.711786+00:00
AMZN,1018724,0001104659-25-052014,2025-05-22,2025-05-21,8-K,sec_edgar,2026-08-06 23:15:34.711786+00:00
AMZN,1018724,0001018724-25-000084,2025-07-31,2025-07-31,8-K,sec_edgar,2026-08-06 23:15:34.711786+00:00
AMZN,1018724,0001018724-25-000086,2025-08-01,2025-06-30,10-Q,sec_edgar,2026-08-06 23:15:34.711786+00:00
AMZN,1018724,0001018724-25-000121,2025-10-30,2025-10-30,8-K,sec_edgar,2026-08-06 23:15:34.711786+00:00
AMZN,1018724,0001018724-25-000123,2025-10-31,2025-09-30,10-Q,sec_edgar,2026-08-06 23:15:34.711786+00:00
AMZN,1018724,0001104659-25-114647,2025-11-20,2025-11-20,8-K,sec_edgar,2026-08-06 23:15:34.711786+00:00
AMZN,1018724,0001018724-26-000002,2026-02-05,2026-02-05,8-K,sec_edgar,2026-08-06 23:15:34.711786+00:00
AMZN,1018724,0001018724-26-000004,2026-02-06,2025-12-31,10-K,sec_edgar,2026-08-06 23:15:34.711786+00:00
AMZN,1018724,0001104659-26-021050,2026-02-27,2026-02-27,8-K,sec_edgar,2026-08-06 23:15:34.711786+00:00
AMZN,1018724,0001104659-26-027729,2026-03-13,2026-03-13,8-K,sec_edgar,2026-08-06 23:15:34.711786+00:00
AMZN,1018724,0001104659-26-028556,2026-03-16,2026-03-16,8-K,sec_edgar,2026-08-06 23:15:34.711786+00:00
AMZN,1018724,0001104659-26-041034,2026-04-09,2026-04-09,8-K,sec_edgar,2026-08-06 23:15:34.711786+00:00
AMZN,1018724,0001104659-26-042880,2026-04-14,2026-04-14,8-K,sec_edgar,2026-08-06 23:15:34.711786+00:00
AMZN,1018724,0001018724-26-000012,2026-04-29,2026-04-29,8-K,sec_edgar,2026-08-06 23:15:34.711786+00:00
AMZN,1018724,0001018724-26-000014,2026-04-30,2026-03-31,10-Q,sec_edgar,2026-08-06 23:15:34.711786+00:00
AMZN,1018724,0001104659-26-065717,2026-05-22,2026-05-20,8-K,sec_edgar,2026-08-06 23:15:34.711786+00:00
AMZN,1018724,0001104659-26-072140,2026-06-10,2026-06-08,8-K,sec_edgar,2026-08-06 23:15:34.711786+00:00
AMZN,1018724,0001104659-26-073562,2026-06-12,2026-06-12,8-K,sec_edgar,2026-08-06 23:15:34.711786+00:00
AMZN,1018724,0001104659-26-082293,2026-07-09,2026-07-09,8-K,sec_edgar,2026-08-06 23:15:34.711786+00:00
AMZN,1018724,0001018724-26-000024,2026-07-30,2026-07-30,8-K,sec_edgar,2026-08-06 23:15:34.711786+00:00
AMZN,1018724,0001018724-26-000026,2026-07-31,2026-06-30,10-Q,sec_edgar,2026-08-06 23:15:34.711786+00:00
GOOGL,1652044,0001652044-15-000003,2015-10-22,2015-10-22,8-K,sec_edgar,2026-08-06 23:15:34.711786+00:00
GOOGL,1652044,0001652044-15-000005,2015-10-29,2015-09-30,10-Q,sec_edgar,2026-08-06 23:15:34.711786+00:00
GOOGL,1652044,0001652044-15-000007,2015-11-19,2015-11-19,8-K,sec_edgar,2026-08-06 23:15:34.711786+00:00
GOOGL,1652044,0001652044-16-000010,2016-02-01,2016-02-01,8-K,sec_edgar,2026-08-06 23:15:34.711786+00:00
GOOGL,1652044,0001652044-16-000012,2016-02-11,2015-12-31,10-K,sec_edgar,2026-08-06 23:15:34.711786+00:00
GOOGL,1652044,0001193125-16-537992,2016-04-12,2016-04-12,8-K,sec_edgar,2026-08-06 23:15:34.711786+00:00
GOOGL,1652044,0001652044-16-000015,2016-04-21,2016-04-21,8-K,sec_edgar,2026-08-06 23:15:34.711786+00:00
GOOGL,1652044,0001193125-16-559672,2016-04-27,2016-04-27,8-K,sec_edgar,2026-08-06 23:15:34.711786+00:00
GOOGL,1652044,0001652044-16-000022,2016-05-03,2016-05-02,8-K,sec_edgar,2026-08-06 23:15:34.711786+00:00
GOOGL,1652044,0001652044-16-000021,2016-05-03,2016-03-31,10-Q,sec_edgar,2026-08-06 23:15:34.711786+00:00
GOOGL,1652044,0001193125-16-619079,2016-06-10,2016-06-08,8-K,sec_edgar,2026-08-06 23:15:34.711786+00:00
GOOGL,1652044,0001193125-16-635647,2016-06-29,2016-06-24,8-K,sec_edgar,2026-08-06 23:15:34.711786+00:00
GOOGL,1652044,0001652044-16-000029,2016-07-28,2016-07-28,8-K,sec_edgar,2026-08-06 23:15:34.711786+00:00
GOOGL,1652044,0001652044-16-000032,2016-08-04,2016-06-30,10-Q,sec_edgar,2026-08-06 23:15:34.711786+00:00
GOOGL,1652044,0001193125-16-676835,2016-08-09,2016-08-09,8-K,sec_edgar,2026-08-06 23:15:34.711786+00:00
GOOGL,1652044,0001652044-16-000035,2016-10-27,2016-10-27,8-K,sec_edgar,2026-08-06 23:15:34.711786+00:00
GOOGL,1652044,0001652044-16-000038,2016-11-03,2016-09-30,10-Q,sec_edgar,2026-08-06 23:15:34.711786+00:00
GOOGL,1652044,0001652044-17-000005,2017-01-26,2017-01-26,8-K,sec_edgar,2026-08-06 23:15:34.711786+00:00
GOOGL,1652044,0001652044-17-000008,2017-02-03,2016-12-31,10-K,sec_edgar,2026-08-06 23:15:34.711786+00:00
GOOGL,1652044,0001652044-17-000011,2017-04-27,2017-04-27,8-K,sec_edgar,2026-08-06 23:15:34.711786+00:00
GOOGL,1652044,0001652044-17-000014,2017-05-02,2017-03-31,10-Q,sec_edgar,2026-08-06 23:15:34.711786+00:00
GOOGL,1652044,0001193125-17-200227,2017-06-09,2017-06-07,8-K,sec_edgar,2026-08-06 23:15:34.711786+00:00
GOOGL,1652044,0001193125-17-214148,2017-06-27,2017-06-27,8-K,sec_edgar,2026-08-06 23:15:34.711786+00:00
GOOGL,1652044,0001652044-17-000024,2017-07-24,2017-07-19,8-K,sec_edgar,2026-08-06 23:15:34.711786+00:00
GOOGL,1652044,0001652044-17-000026,2017-07-25,2017-06-30,10-Q,sec_edgar,2026-08-06 23:15:34.711786+00:00
GOOGL,1652044,0001652044-17-000039,2017-10-26,2017-10-26,8-K,sec_edgar,2026-08-06 23:15:34.711786+00:00
GOOGL,1652044,0001652044-17-000042,2017-10-27,2017-09-30,10-Q,sec_edgar,2026-08-06 23:15:34.711786+00:00
GOOGL,1652044,0001193125-17-376656,2017-12-21,2017-12-18,8-K,sec_edgar,2026-08-06 23:15:34.711786+00:00
GOOGL,1652044,0001652044-18-000004,2018-02-01,2018-01-31,8-K,sec_edgar,2026-08-06 23:15:34.711786+00:00
GOOGL,1652044,0001652044-18-000007,2018-02-06,2017-12-31,10-K,sec_edgar,2026-08-06 23:15:34.711786+00:00
GOOGL,1652044,0001652044-18-000011,2018-04-23,2018-04-23,8-K,sec_edgar,2026-08-06 23:15:34.711786+00:00
GOOGL,1652044,0001652044-18-000016,2018-04-24,2018-03-31,10-Q,sec_edgar,2026-08-06 23:15:34.711786+00:00
GOOGL,1652044,0001193125-18-188050,2018-06-08,2018-06-06,8-K,sec_edgar,2026-08-06 23:15:34.711786+00:00
GOOGL,1652044,0001193125-18-220240,2018-07-18,2018-07-18,8-K,sec_edgar,2026-08-06 23:15:34.711786+00:00
GOOGL,1652044,0001652044-18-000025,2018-07-23,2018-07-23,8-K,sec_edgar,2026-08-06 23:15:34.711786+00:00
GOOGL,1652044,0001652044-18-000027,2018-07-24,2018-06-30,10-Q,sec_edgar,2026-08-06 23:15:34.711786+00:00
GOOGL,1652044,0001652044-18-000033,2018-10-25,2018-10-25,8-K,sec_edgar,2026-08-06 23:15:34.711786+00:00
GOOGL,1652044,0001652044-18-000035,2018-10-26,2018-09-30,10-Q,sec_edgar,2026-08-06 23:15:34.711786+00:00
GOOGL,1652044,0001652044-19-000002,2019-02-04,2019-02-04,8-K,sec_edgar,2026-08-06 23:15:34.711786+00:00
GOOGL,1652044,0001652044-19-000004,2019-02-05,2018-12-31,10-K,sec_edgar,2026-08-06 23:15:34.711786+00:00
GOOGL,1652044,0001193125-19-080167,2019-03-20,2019-03-20,8-K,sec_edgar,2026-08-06 23:15:34.711786+00:00
GOOGL,1652044,0001652044-19-000011,2019-04-29,2019-04-29,8-K,sec_edgar,2026-08-06 23:15:34.711786+00:00
GOOGL,1652044,0001193125-19-129411,2019-04-30,2019-04-24,8-K,sec_edgar,2026-08-06 23:15:34.711786+00:00
GOOGL,1652044,0001652044-19-000015,2019-04-30,2019-03-31,10-Q,sec_edgar,2026-08-06 23:15:34.711786+00:00
GOOGL,1652044,0001193125-19-178962,2019-06-21,2019-06-19,8-K,sec_edgar,2026-08-06 23:15:34.711786+00:00
GOOGL,1652044,0001652044-19-000021,2019-07-25,2019-07-25,8-K,sec_edgar,2026-08-06 23:15:34.711786+00:00
GOOGL,1652044,0001652044-19-000023,2019-07-26,2019-06-30,10-Q,sec_edgar,2026-08-06 23:15:34.711786+00:00
GOOGL,1652044,0001652044-19-000025,2019-09-06,2019-08-30,8-K,sec_edgar,2026-08-06 23:15:34.711786+00:00
GOOGL,1652044,0001652044-19-000030,2019-10-28,2019-10-28,8-K,sec_edgar,2026-08-06 23:15:34.711786+00:00
GOOGL,1652044,0001652044-19-000032,2019-10-29,2019-09-30,10-Q,sec_edgar,2026-08-06 23:15:34.711786+00:00
GOOGL,1652044,0001193125-19-305505,2019-12-04,2019-12-02,8-K,sec_edgar,2026-08-06 23:15:34.711786+00:00
GOOGL,1652044,0001652044-19-000040,2019-12-09,2019-12-07,8-K,sec_edgar,2026-08-06 23:15:34.711786+00:00
GOOGL,1652044,0001652044-19-000043,2019-12-20,2019-12-17,8-K,sec_edgar,2026-08-06 23:15:34.711786+00:00
GOOGL,1652044,0001193125-20-005271,2020-01-10,2020-01-08,8-K,sec_edgar,2026-08-06 23:15:34.711786+00:00
GOOGL,1652044,0001652044-20-000004,2020-02-03,2020-02-03,8-K,sec_edgar,2026-08-06 23:15:34.711786+00:00
GOOGL,1652044,0001652044-20-000008,2020-02-04,2019-12-31,10-K,sec_edgar,2026-08-06 23:15:34.711786+00:00
GOOGL,1652044,0001652044-20-000018,2020-04-28,2020-04-28,8-K,sec_edgar,2026-08-06 23:15:34.711786+00:00
GOOGL,1652044,0001652044-20-000021,2020-04-29,2020-03-31,10-Q,sec_edgar,2026-08-06 23:15:34.711786+00:00
GOOGL,1652044,0001652044-20-000027,2020-06-05,2020-06-03,8-K,sec_edgar,2026-08-06 23:15:34.711786+00:00
GOOGL,1652044,0001652044-20-000031,2020-07-30,2020-07-30,8-K,sec_edgar,2026-08-06 23:15:34.711786+00:00
GOOGL,1652044,0001652044-20-000032,2020-07-31,2020-06-30,10-Q,sec_edgar,2026-08-06 23:15:34.711786+00:00
GOOGL,1652044,0001193125-20-210772,2020-08-05,2020-08-05,8-K,sec_edgar,2026-08-06 23:15:34.711786+00:00
GOOGL,1652044,0001193125-20-254587,2020-09-25,2020-09-25,8-K,sec_edgar,2026-08-06 23:15:34.711786+00:00
GOOGL,1652044,0001193125-20-272940,2020-10-20,2020-10-20,8-K,sec_edgar,2026-08-06 23:15:34.711786+00:00
GOOGL,1652044,0001193125-20-275550,2020-10-23,2020-10-22,8-K,sec_edgar,2026-08-06 23:15:34.711786+00:00
GOOGL,1652044,0001652044-20-000038,2020-10-26,2020-10-21,8-K,sec_edgar,2026-08-06 23:15:34.711786+00:00
GOOGL,1652044,0001652044-20-000046,2020-10-29,2020-10-29,8-K,sec_edgar,2026-08-06 23:15:34.711786+00:00
GOOGL,1652044,0001652044-20-000050,2020-10-30,2020-09-30,10-Q,sec_edgar,2026-08-06 23:15:34.711786+00:00
GOOGL,1652044,0001193125-20-323272,2020-12-21,2020-12-16,8-K,sec_edgar,2026-08-06 23:15:34.711786+00:00
GOOGL,1652044,0001652044-21-000006,2021-02-02,2021-02-02,8-K,sec_edgar,2026-08-06 23:15:34.711786+00:00
GOOGL,1652044,0001652044-21-000010,2021-02-03,2020-12-31,10-K,sec_edgar,2026-08-06 23:15:34.711786+00:00
GOOGL,1652044,0001193125-21-069770,2021-03-04,2021-03-03,8-K,sec_edgar,2026-08-06 23:15:34.711786+00:00
GOOGL,1652044,0001193125-21-111624,2021-04-09,2021-04-06,8-K,sec_edgar,2026-08-06 23:15:34.711786+00:00
GOOGL,1652044,0001652044-21-000018,2021-04-27,2021-04-27,8-K,sec_edgar,2026-08-06 23:15:34.711786+00:00
GOOGL,1652044,0001652044-21-000020,2021-04-28,2021-03-31,10-Q,sec_edgar,2026-08-06 23:15:34.711786+00:00
GOOGL,1652044,0001193125-21-182989,2021-06-04,2021-06-02,8-K,sec_edgar,2026-08-06 23:15:34.711786+00:00
GOOGL,1652044,0001193125-21-210942,2021-07-08,2021-07-07,8-K,sec_edgar,2026-08-06 23:15:34.711786+00:00
GOOGL,1652044,0001652044-21-000041,2021-07-27,2021-07-27,8-K,sec_edgar,2026-08-06 23:15:34.711786+00:00
GOOGL,1652044,0001652044-21-000047,2021-07-28,2021-06-30,10-Q,sec_edgar,2026-08-06 23:15:34.711786+00:00
GOOGL,1652044,0001652044-21-000054,2021-10-26,2021-10-26,8-K,sec_edgar,2026-08-06 23:15:34.711786+00:00
GOOGL,1652044,0001652044-21-000057,2021-10-27,2021-09-30,10-Q,sec_edgar,2026-08-06 23:15:34.711786+00:00
GOOGL,1652044,0001652044-22-000009,2022-01-04,2021-12-28,8-K,sec_edgar,2026-08-06 23:15:34.711786+00:00
GOOGL,1652044,0001652044-22-000015,2022-02-01,2022-02-01,8-K,sec_edgar,2026-08-06 23:15:34.711786+00:00
GOOGL,1652044,0001652044-22-000019,2022-02-02,2021-12-31,10-K,sec_edgar,2026-08-06 23:15:34.711786+00:00
GOOGL,1652044,0001652044-22-000025,2022-04-26,2022-04-26,8-K,sec_edgar,2026-08-06 23:15:34.711786+00:00
GOOGL,1652044,0001652044-22-000029,2022-04-27,2022-03-31,10-Q,sec_edgar,2026-08-06 23:15:34.711786+00:00
GOOGL,1652044,0001193125-22-167375,2022-06-03,2022-06-01,8-K,sec_edgar,2026-08-06 23:15:34.711786+00:00
GOOGL,1652044,0001193125-22-192153,2022-07-13,2022-07-12,8-K,sec_edgar,2026-08-06 23:15:34.711786+00:00
GOOGL,1652044,0001193125-22-193655,2022-07-14,2022-07-11,8-K,sec_edgar,2026-08-06 23:15:34.711786+00:00
GOOGL,1652044,0001652044-22-000068,2022-07-26,2022-07-26,8-K,sec_edgar,2026-08-06 23:15:34.711786+00:00
GOOGL,1652044,0001652044-22-000071,2022-07-27,2022-06-30,10-Q,sec_edgar,2026-08-06 23:15:34.711786+00:00
GOOGL,1652044,0001652044-22-000085,2022-10-25,2022-10-25,8-K,sec_edgar,2026-08-06 23:15:34.711786+00:00
GOOGL,1652044,0001652044-22-000090,2022-10-26,2022-09-30,10-Q,sec_edgar,2026-08-06 23:15:34.711786+00:00
GOOGL,1652044,0001193125-22-310153,2022-12-21,2022-12-19,8-K,sec_edgar,2026-08-06 23:15:34.711786+00:00
GOOGL,1652044,0001193125-23-011424,2023-01-20,2023-01-20,8-K,sec_edgar,2026-08-06 23:15:34.711786+00:00
GOOGL,1652044,0001652044-23-000005,2023-01-25,2023-01-24,8-K,sec_edgar,2026-08-06 23:15:34.711786+00:00
GOOGL,1652044,0001652044-23-000013,2023-02-02,2023-02-02,8-K,sec_edgar,2026-08-06 23:15:34.711786+00:00
GOOGL,1652044,0001652044-23-000016,2023-02-03,2022-12-31,10-K,sec_edgar,2026-08-06 23:15:34.711786+00:00
GOOGL,1652044,0001652044-23-000034,2023-04-20,2023-04-20,8-K,sec_edgar,2026-08-06 23:15:34.711786+00:00
GOOGL,1652044,0001193125-23-110657,2023-04-21,2023-04-18,8-K,sec_edgar,2026-08-06 23:15:34.711786+00:00
GOOGL,1652044,0001652044-23-000041,2023-04-25,2023-04-25,8-K,sec_edgar,2026-08-06 23:15:34.711786+00:00
GOOGL,1652044,0001652044-23-000045,2023-04-26,2023-03-31,10-Q,sec_edgar,2026-08-06 23:15:34.711786+00:00
GOOGL,1652044,0001193125-23-163590,2023-06-08,2023-06-02,8-K,sec_edgar,2026-08-06 23:15:34.711786+00:00
GOOGL,1652044,0001652044-23-000067,2023-07-25,2023-07-20,8-K,sec_edgar,2026-08-06 23:15:34.711786+00:00
GOOGL,1652044,0001652044-23-000070,2023-07-26,2023-06-30,10-Q,sec_edgar,2026-08-06 23:15:34.711786+00:00
GOOGL,1652044,0001652044-23-000088,2023-10-24,2023-10-18,8-K,sec_edgar,2026-08-06 23:15:34.711786+00:00
GOOGL,1652044,0001652044-23-000094,2023-10-25,2023-09-30,10-Q,sec_edgar,2026-08-06 23:15:34.711786+00:00
GOOGL,1652044,0001652044-24-000014,2024-01-30,2024-01-30,8-K,sec_edgar,2026-08-06 23:15:34.711786+00:00
GOOGL,1652044,0001652044-24-000022,2024-01-31,2023-12-31,10-K,sec_edgar,2026-08-06 23:15:34.711786+00:00
GOOGL,1652044,0001652044-24-000032,2024-02-08,2024-02-08,8-K,sec_edgar,2026-08-06 23:15:34.711786+00:00
GOOGL,1652044,0001652044-24-000047,2024-04-25,2024-04-25,8-K,sec_edgar,2026-08-06 23:15:34.711786+00:00
GOOGL,1652044,0001652044-24-000053,2024-04-26,2024-03-31,10-Q,sec_edgar,2026-08-06 23:15:34.711786+00:00
GOOGL,1652044,0001193125-24-154725,2024-06-05,2024-06-05,8-K,sec_edgar,2026-08-06 23:15:34.711786+00:00
GOOGL,1652044,0001193125-24-157498,2024-06-07,2024-06-05,8-K,sec_edgar,2026-08-06 23:15:34.711786+00:00
GOOGL,1652044,0001193125-24-160721,2024-06-13,2024-06-07,8-K,sec_edgar,2026-08-06 23:15:34.711786+00:00
GOOGL,1652044,0001193125-24-168745,2024-06-26,2024-06-26,8-K,sec_edgar,2026-08-06 23:15:34.711786+00:00
GOOGL,1652044,0001652044-24-000076,2024-07-23,2024-07-23,8-K,sec_edgar,2026-08-06 23:15:34.711786+00:00
GOOGL,1652044,0001652044-24-000079,2024-07-24,2024-06-30,10-Q,sec_edgar,2026-08-06 23:15:34.711786+00:00
GOOGL,1652044,0001652044-24-000085,2024-08-06,2024-08-05,8-K,sec_edgar,2026-08-06 23:15:34.711786+00:00
GOOGL,1652044,0001652044-24-000097,2024-09-24,2024-09-24,8-K,sec_edgar,2026-08-06 23:15:34.711786+00:00
GOOGL,1652044,0001193125-24-238769,2024-10-17,2024-10-17,8-K,sec_edgar,2026-08-06 23:15:34.711786+00:00
GOOGL,1652044,0001652044-24-000115,2024-10-29,2024-10-29,8-K,sec_edgar,2026-08-06 23:15:34.711786+00:00
GOOGL,1652044,0001652044-24-000118,2024-10-30,2024-09-30,10-Q,sec_edgar,2026-08-06 23:15:34.711786+00:00
GOOGL,1652044,0001652044-25-000010,2025-02-04,2025-02-04,8-K,sec_edgar,2026-08-06 23:15:34.711786+00:00
GOOGL,1652044,0001652044-25-000014,2025-02-05,2024-12-31,10-K,sec_edgar,2026-08-06 23:15:34.711786+00:00
GOOGL,1652044,0001652044-25-000027,2025-03-18,2025-03-18,8-K,sec_edgar,2026-08-06 23:15:34.711786+00:00
GOOGL,1652044,0001652044-25-000033,2025-04-18,2025-04-17,8-K,sec_edgar,2026-08-06 23:15:34.711786+00:00
GOOGL,1652044,0001652044-25-000040,2025-04-24,2025-04-23,8-K,sec_edgar,2026-08-06 23:15:34.711786+00:00
GOOGL,1652044,0001652044-25-000043,2025-04-25,2025-03-31,10-Q,sec_edgar,2026-08-06 23:15:34.711786+00:00
GOOGL,1652044,0001193125-25-110020,2025-05-01,2025-05-01,8-K,sec_edgar,2026-08-06 23:15:34.711786+00:00
GOOGL,1652044,0001193125-25-113864,2025-05-06,2025-05-06,8-K,sec_edgar,2026-08-06 23:15:34.711786+00:00
GOOGL,1652044,0001193125-25-139948,2025-06-12,2025-06-06,8-K,sec_edgar,2026-08-06 23:15:34.711786+00:00
GOOGL,1652044,0001193125-25-161225,2025-07-18,2025-07-08,8-K,sec_edgar,2026-08-06 23:15:34.711786+00:00
GOOGL,1652044,0001652044-25-000056,2025-07-23,2025-07-23,8-K,sec_edgar,2026-08-06 23:15:34.711786+00:00
GOOGL,1652044,0001652044-25-000062,2025-07-24,2025-06-30,10-Q,sec_edgar,2026-08-06 23:15:34.711786+00:00
GOOGL,1652044,0001652044-25-000067,2025-09-03,2025-09-02,8-K,sec_edgar,2026-08-06 23:15:34.711786+00:00
GOOGL,1652044,0001652044-25-000074,2025-09-05,2025-09-05,8-K,sec_edgar,2026-08-06 23:15:34.711786+00:00
GOOGL,1652044,0001652044-25-000087,2025-10-29,2025-10-29,8-K,sec_edgar,2026-08-06 23:15:34.711786+00:00
GOOGL,1652044,0001652044-25-000091,2025-10-30,2025-09-30,10-Q,sec_edgar,2026-08-06 23:15:34.711786+00:00
GOOGL,1652044,0001193125-25-269979,2025-11-06,2025-11-06,8-K,sec_edgar,2026-08-06 23:15:34.711786+00:00
GOOGL,1652044,0001652044-26-000012,2026-02-04,2026-02-04,8-K,sec_edgar,2026-08-06 23:15:34.711786+00:00
GOOGL,1652044,0001652044-26-000018,2026-02-05,2025-12-31,10-K,sec_edgar,2026-08-06 23:15:34.711786+00:00
GOOGL,1652044,0001193125-26-051423,2026-02-13,2026-02-13,8-K,sec_edgar,2026-08-06 23:15:34.711786+00:00
GOOGL,1652044,0001652044-26-000026,2026-03-06,2026-03-04,8-K,sec_edgar,2026-08-06 23:15:34.711786+00:00
GOOGL,1652044,0001652044-26-000031,2026-04-02,2026-03-30,8-K,sec_edgar,2026-08-06 23:15:34.711786+00:00
GOOGL,1652044,0001652044-26-000034,2026-04-10,2026-04-07,8-K,sec_edgar,2026-08-06 23:15:34.711786+00:00
GOOGL,1652044,0001652044-26-000043,2026-04-29,2026-04-29,8-K,sec_edgar,2026-08-06 23:15:34.711786+00:00
GOOGL,1652044,0001652044-26-000048,2026-04-30,2026-03-31,10-Q,sec_edgar,2026-08-06 23:15:34.711786+00:00
GOOGL,1652044,0001193125-26-216986,2026-05-11,2026-05-11,8-K,sec_edgar,2026-08-06 23:15:34.711786+00:00
GOOGL,1652044,0001193125-26-234488,2026-05-21,2026-05-21,8-K,sec_edgar,2026-08-06 23:15:34.711786+00:00
GOOGL,1652044,0001193125-26-257724,2026-06-04,2026-06-04,8-K,sec_edgar,2026-08-06 23:15:34.711786+00:00
GOOGL,1652044,0001193125-26-259830,2026-06-05,2026-06-05,8-K,sec_edgar,2026-08-06 23:15:34.711786+00:00
GOOGL,1652044,0001652044-26-000059,2026-06-05,2026-06-02,8-K,sec_edgar,2026-08-06 23:15:34.711786+00:00
GOOGL,1652044,0001193125-26-267578,2026-06-11,2026-06-05,8-K,sec_edgar,2026-08-06 23:15:34.711786+00:00
GOOGL,1652044,0001652044-26-000066,2026-07-22,2026-07-22,8-K,sec_edgar,2026-08-06 23:15:34.711786+00:00
GOOGL,1652044,0001652044-26-000071,2026-07-23,2026-06-30,10-Q,sec_edgar,2026-08-06 23:15:34.711786+00:00
INTC,50863,0000891618-94-000087,1994-03-25,1993-12-25,10-K,sec_edgar,2026-08-06 23:15:34.711786+00:00
INTC,50863,0000891618-94-000116,1994-05-16,1994-04-02,10-Q,sec_edgar,2026-08-06 23:15:34.711786+00:00
INTC,50863,0000891618-94-000166,1994-08-15,1994-07-02,10-Q,sec_edgar,2026-08-06 23:15:34.711786+00:00
INTC,50863,0000050863-94-000017,1994-11-10,1994-10-01,10-Q,sec_edgar,2026-08-06 23:15:34.711786+00:00
INTC,50863,0000050863-94-000018,1994-12-21,1994-12-20,8-K,sec_edgar,2026-08-06 23:15:34.711786+00:00
INTC,50863,0000050863-95-000001,1995-01-20,1995-01-20,8-K,sec_edgar,2026-08-06 23:15:34.711786+00:00
INTC,50863,0000050863-95-000004,1995-03-28,1994-12-31,10-K,sec_edgar,2026-08-06 23:15:34.711786+00:00
INTC,50863,0000050863-95-000006,1995-05-16,1995-04-01,10-Q,sec_edgar,2026-08-06 23:15:34.711786+00:00
INTC,50863,0000050863-95-000011,1995-08-15,1995-07-01,10-Q,sec_edgar,2026-08-06 23:15:34.711786+00:00
INTC,50863,0000050863-95-000016,1995-11-14,1995-09-30,10-Q,sec_edgar,2026-08-06 23:15:34.711786+00:00
INTC,50863,0000050863-96-000002,1996-03-29,1995-12-30,10-K,sec_edgar,2026-08-06 23:15:34.711786+00:00
INTC,50863,0000050863-96-000007,1996-05-14,1996-03-30,10-Q,sec_edgar,2026-08-06 23:15:34.711786+00:00
INTC,50863,0000050863-96-000036,1996-08-13,1996-06-29,10-Q,sec_edgar,2026-08-06 23:15:34.711786+00:00
INTC,50863,0000050863-96-000040,1996-11-12,1996-09-28,10-Q,sec_edgar,2026-08-06 23:15:34.711786+00:00
INTC,50863,0000050863-97-000020,1997-03-28,1996-12-28,10-K,sec_edgar,2026-08-06 23:15:34.711786+00:00
INTC,50863,0000050863-97-000036,1997-05-13,1997-03-29,10-Q,sec_edgar,2026-08-06 23:15:34.711786+00:00
INTC,50863,0000050863-97-000048,1997-08-11,1997-06-28,10-Q,sec_edgar,2026-08-06 23:15:34.711786+00:00
INTC,50863,0000050863-97-000053,1997-10-15,1997-10-14,8-K,sec_edgar,2026-08-06 23:15:34.711786+00:00
INTC,50863,0000050863-97-000058,1997-11-10,1997-09-27,10-Q,sec_edgar,2026-08-06 23:15:34.711786+00:00
INTC,50863,0000050863-98-000002,1998-01-14,1998-01-13,8-K,sec_edgar,2026-08-06 23:15:34.711786+00:00
INTC,50863,0000050863-98-000023,1998-03-05,1998-03-05,8-K,sec_edgar,2026-08-06 23:15:34.711786+00:00
INTC,50863,0000050863-98-000025,1998-03-06,1998-03-04,8-K,sec_edgar,2026-08-06 23:15:34.711786+00:00
INTC,50863,0000050863-98-000031,1998-03-27,1997-12-27,10-K,sec_edgar,2026-08-06 23:15:34.711786+00:00
INTC,50863,0000050863-98-000035,1998-04-15,1998-04-14,8-K,sec_edgar,2026-08-06 23:15:34.711786+00:00
INTC,50863,0000050863-98-000038,1998-05-12,1998-03-28,10-Q,sec_edgar,2026-08-06 23:15:34.711786+00:00
INTC,50863,0000050863-98-000052,1998-07-16,1998-07-14,8-K,sec_edgar,2026-08-06 23:15:34.711786+00:00
INTC,50863,0000050863-98-000062,1998-08-11,1998-06-27,10-Q,sec_edgar,2026-08-06 23:15:34.711786+00:00
INTC,50863,0000050863-98-000081,1998-10-14,1998-10-13,8-K,sec_edgar,2026-08-06 23:15:34.711786+00:00
INTC,50863,0000050863-98-000099,1998-11-10,1998-09-26,10-Q,sec_edgar,2026-08-06 23:15:34.711786+00:00
INTC,50863,0000050863-99-000005,1999-01-14,1998-01-12,8-K,sec_edgar,2026-08-06 23:15:34.711786+00:00
INTC,50863,0000891618-99-000916,1999-03-12,1999-03-04,8-K,sec_edgar,2026-08-06 23:15:34.711786+00:00
INTC,50863,0001047469-99-011450,1999-03-26,1998-12-26,10-K,sec_edgar,2026-08-06 23:15:34.711786+00:00
INTC,50863,0001047469-99-014844,1999-04-14,1999-04-13,8-K,sec_edgar,2026-08-06 23:15:34.711786+00:00
INTC,50863,0001047469-99-018878,1999-05-10,1999-03-27,10-Q,sec_edgar,2026-08-06 23:15:34.711786+00:00
INTC,50863,0000891618-99-003034,1999-07-08,1999-07-07,8-K,sec_edgar,2026-08-06 23:15:34.711786+00:00
INTC,50863,0000050863-99-000063,1999-07-14,1999-07-13,8-K,sec_edgar,2026-08-06 23:15:34.711786+00:00
INTC,50863,0001047469-99-029424,1999-08-02,1999-06-26,10-Q,sec_edgar,2026-08-06 23:15:34.711786+00:00
INTC,50863,0000891618-99-003603,1999-08-10,1999-08-10,8-K,sec_edgar,2026-08-06 23:15:34.711786+00:00
INTC,50863,0000050863-99-000081,1999-10-13,1999-10-12,8-K,sec_edgar,2026-08-06 23:15:34.711786+00:00
INTC,50863,0000912057-99-004056,1999-11-09,1999-09-25,10-Q,sec_edgar,2026-08-06 23:15:34.711786+00:00
INTC,50863,0000912057-00-001368,2000-01-14,2000-01-13,8-K,sec_edgar,2026-08-06 23:15:34.711786+00:00
INTC,50863,0001012870-00-001562,2000-03-23,1999-12-25,10-K,sec_edgar,2026-08-06 23:15:34.711786+00:00
INTC,50863,0000912057-00-015584,2000-03-31,2000-03-30,8-K,sec_edgar,2026-08-06 23:15:34.711786+00:00
INTC,50863,0000912057-00-019073,2000-04-21,2000-04-18,8-K,sec_edgar,2026-08-06 23:15:34.711786+00:00
INTC,50863,0000912057-00-023332,2000-05-11,2000-05-10,8-K,sec_edgar,2026-08-06 23:15:34.711786+00:00
INTC,50863,0000912057-00-025033,2000-05-16,2000-04-01,10-Q,sec_edgar,2026-08-06 23:15:34.711786+00:00
INTC,50863,0000050863-00-000098,2000-06-22,2000-06-20,8-K,sec_edgar,2026-08-06 23:15:34.711786+00:00
INTC,50863,0000050863-00-000106,2000-07-20,2000-07-18,8-K,sec_edgar,2026-08-06 23:15:34.711786+00:00
INTC,50863,0000050863-00-000115,2000-08-14,2000-07-01,10-Q,sec_edgar,2026-08-06 23:15:34.711786+00:00
INTC,50863,0000050863-00-000120,2000-09-26,2000-09-21,8-K,sec_edgar,2026-08-06 23:15:34.711786+00:00
INTC,50863,0000050863-00-000123,2000-10-20,2000-10-17,8-K,sec_edgar,2026-08-06 23:15:34.711786+00:00
INTC,50863,0000050863-00-000130,2000-11-14,2000-09-30,10-Q,sec_edgar,2026-08-06 23:15:34.711786+00:00
INTC,50863,0000050863-00-000137,2000-12-08,2000-12-07,8-K,sec_edgar,2026-08-06 23:15:34.711786+00:00
INTC,50863,0000050863-01-000005,2001-01-17,2001-01-16,8-K,sec_edgar,2026-08-06 23:15:34.711786+00:00
INTC,50863,0000050863-01-500008,2001-03-12,2001-03-08,8-K,sec_edgar,2026-08-06 23:15:34.711786+00:00
INTC,50863,0000912057-01-503434,2001-03-13,2000-12-30,10-K,sec_edgar,2026-08-06 23:15:34.711786+00:00
INTC,50863,0000050863-01-500038,2001-04-18,2001-04-17,8-K,sec_edgar,2026-08-06 23:15:34.711786+00:00
INTC,50863,0000050863-01-500065,2001-05-09,2001-03-31,10-Q,sec_edgar,2026-08-06 23:15:34.711786+00:00
INTC,50863,0000050863-01-500086,2001-06-08,2001-06-07,8-K,sec_edgar,2026-08-06 23:15:34.711786+00:00
INTC,50863,0000050863-01-500097,2001-07-19,2001-07-17,8-K,sec_edgar,2026-08-06 23:15:34.711786+00:00
INTC,50863,0000050863-01-500101,2001-08-08,2001-06-30,10-Q,sec_edgar,2026-08-06 23:15:34.711786+00:00
INTC,50863,0000050863-01-500117,2001-09-07,2001-09-06,8-K,sec_edgar,2026-08-06 23:15:34.711786+00:00
INTC,50863,0000050863-01-500141,2001-10-18,2001-10-16,8-K,sec_edgar,2026-08-06 23:15:34.711786+00:00
INTC,50863,0000050863-01-500150,2001-11-07,2001-09-29,10-Q,sec_edgar,2026-08-06 23:15:34.711786+00:00
INTC,50863,0000050863-01-500156,2001-12-06,2001-12-06,8-K,sec_edgar,2026-08-06 23:15:34.711786+00:00
INTC,50863,0000050863-02-000004,2002-01-17,2001-12-29,8-K,sec_edgar,2026-08-06 23:15:34.711786+00:00
INTC,50863,0000050863-02-000031,2002-03-08,2002-03-07,8-K,sec_edgar,2026-08-06 23:15:34.711786+00:00
INTC,50863,0000912057-02-009698,2002-03-13,2001-12-29,10-K,sec_edgar,2026-08-06 23:15:34.711786+00:00
INTC,50863,0000050863-02-000037,2002-04-17,2002-03-30,8-K,sec_edgar,2026-08-06 23:15:34.711786+00:00
INTC,50863,0000050863-02-000046,2002-05-07,2002-03-30,10-Q,sec_edgar,2026-08-06 23:15:34.711786+00:00
INTC,50863,0000050863-02-000054,2002-06-06,2002-03-07,8-K,sec_edgar,2026-08-06 23:15:34.711786+00:00
INTC,50863,0000050863-02-000065,2002-06-19,2002-06-18,8-K,sec_edgar,2026-08-06 23:15:34.711786+00:00
INTC,50863,0000050863-02-000071,2002-07-17,2002-06-29,8-K,sec_edgar,2026-08-06 23:15:34.711786+00:00
INTC,50863,0000050863-02-000082,2002-08-08,2002-08-07,8-K,sec_edgar,2026-08-06 23:15:34.711786+00:00
INTC,50863,0000050863-02-000079,2002-08-08,2002-06-29,10-Q,sec_edgar,2026-08-06 23:15:34.711786+00:00
INTC,50863,0000050863-02-000091,2002-09-05,2002-09-05,8-K,sec_edgar,2026-08-06 23:15:34.711786+00:00
INTC,50863,0000050863-02-000105,2002-10-16,2002-10-15,8-K,sec_edgar,2026-08-06 23:15:34.711786+00:00
INTC,50863,0000050863-02-000121,2002-11-06,2002-09-28,10-Q,sec_edgar,2026-08-06 23:15:34.711786+00:00
INTC,50863,0000050863-02-000184,2002-12-05,2002-12-05,8-K,sec_edgar,2026-08-06 23:15:34.711786+00:00
INTC,50863,0000050863-03-000020,2003-01-15,2002-12-28,8-K,sec_edgar,2026-08-06 23:15:34.711786+00:00
INTC,50863,0000050863-03-000062,2003-03-07,2003-03-06,8-K,sec_edgar,2026-08-06 23:15:34.711786+00:00
INTC,50863,0001047469-03-008257,2003-03-11,2002-12-28,10-K,sec_edgar,2026-08-06 23:15:34.711786+00:00
INTC,50863,0000050863-03-000080,2003-04-15,2003-03-29,8-K,sec_edgar,2026-08-06 23:15:34.711786+00:00
INTC,50863,0001104659-03-008285,2003-05-07,2003-03-29,10-Q,sec_edgar,2026-08-06 23:15:34.711786+00:00
INTC,50863,0000050863-03-000180,2003-06-05,2003-06-05,8-K,sec_edgar,2026-08-06 23:15:34.711786+00:00
INTC,50863,0000050863-03-000205,2003-07-16,2003-06-28,8-K,sec_edgar,2026-08-06 23:15:34.711786+00:00
INTC,50863,0001104659-03-016885,2003-08-06,2003-06-28,10-Q,sec_edgar,2026-08-06 23:15:34.711786+00:00
INTC,50863,0000050863-03-000232,2003-08-22,2003-08-22,8-K,sec_edgar,2026-08-06 23:15:34.711786+00:00
INTC,50863,0000050863-03-000239,2003-09-04,2003-09-04,8-K,sec_edgar,2026-08-06 23:15:34.711786+00:00
INTC,50863,0001157523-03-005355,2003-10-14,2003-10-14,8-K,sec_edgar,2026-08-06 23:15:34.711786+00:00
INTC,50863,0001193125-03-072669,2003-11-05,2003-09-27,10-Q,sec_edgar,2026-08-06 23:15:34.711786+00:00
INTC,50863,0001157523-03-007093,2003-12-04,2003-12-04,8-K,sec_edgar,2026-08-06 23:15:34.711786+00:00
INTC,50863,0000050863-03-000293,2003-12-10,2003-12-10,8-K,sec_edgar,2026-08-06 23:15:34.711786+00:00
INTC,50863,0001157523-04-000218,2004-01-14,2004-01-14,8-K,sec_edgar,2026-08-06 23:15:34.711786+00:00
INTC,50863,0001193125-04-027430,2004-02-23,2003-12-27,10-K,sec_edgar,2026-08-06 23:15:34.711786+00:00
INTC,50863,0001157523-04-002106,2004-03-04,2004-03-04,8-K,sec_edgar,2026-08-06 23:15:34.711786+00:00
INTC,50863,0000050863-04-000048,2004-03-30,2004-03-30,8-K,sec_edgar,2026-08-06 23:15:34.711786+00:00
INTC,50863,0001157523-04-003176,2004-04-13,2004-04-13,8-K,sec_edgar,2026-08-06 23:15:34.711786+00:00
INTC,50863,0001193125-04-075690,2004-05-03,2004-03-27,10-Q,sec_edgar,2026-08-06 23:15:34.711786+00:00
INTC,50863,0001157523-04-005414,2004-06-03,2004-06-03,8-K,sec_edgar,2026-08-06 23:15:34.711786+00:00
INTC,50863,0001157523-04-006308,2004-07-13,2004-07-13,8-K,sec_edgar,2026-08-06 23:15:34.711786+00:00
INTC,50863,0001193125-04-128340,2004-08-02,2004-06-26,10-Q,sec_edgar,2026-08-06 23:15:34.711786+00:00
INTC,50863,0001157523-04-008255,2004-09-02,2004-09-02,8-K,sec_edgar,2026-08-06 23:15:34.711786+00:00
INTC,50863,0000050863-04-000194,2004-09-14,2004-09-08,8-K,sec_edgar,2026-08-06 23:15:34.711786+00:00
INTC,50863,0001157523-04-009185,2004-10-12,2004-10-12,8-K,sec_edgar,2026-08-06 23:15:34.711786+00:00
INTC,50863,0000050863-04-000207,2004-10-12,2004-10-06,8-K,sec_edgar,2026-08-06 23:15:34.711786+00:00
INTC,50863,0001193125-04-185001,2004-11-04,2004-09-25,10-Q,sec_edgar,2026-08-06 23:15:34.711786+00:00
INTC,50863,0000050863-04-000234,2004-11-15,2004-11-10,8-K,sec_edgar,2026-08-06 23:15:34.711786+00:00
INTC,50863,0001157523-04-011200,2004-12-02,2004-12-02,8-K,sec_edgar,2026-08-06 23:15:34.711786+00:00
INTC,50863,0000050863-04-000240,2004-12-28,2004-12-23,8-K,sec_edgar,2026-08-06 23:15:34.711786+00:00
INTC,50863,0001157523-05-000198,2005-01-11,2005-01-11,8-K,sec_edgar,2026-08-06 23:15:34.711786+00:00
INTC,50863,0001193125-05-033162,2005-02-22,2004-12-25,10-K,sec_edgar,2026-08-06 23:15:34.711786+00:00
INTC,50863,0001157523-05-002400,2005-03-10,2005-03-10,8-K,sec_edgar,2026-08-06 23:15:34.711786+00:00
INTC,50863,0001157523-05-003483,2005-04-19,2005-04-19,8-K,sec_edgar,2026-08-06 23:15:34.711786+00:00
INTC,50863,0001193125-05-103060,2005-05-11,2005-04-02,10-Q,sec_edgar,2026-08-06 23:15:34.711786+00:00
INTC,50863,0000050863-05-000141,2005-05-20,2005-05-17,8-K,sec_edgar,2026-08-06 23:15:34.711786+00:00
INTC,50863,0001157523-05-005395,2005-06-09,2005-06-09,8-K,sec_edgar,2026-08-06 23:15:34.711786+00:00
INTC,50863,0001157523-05-006243,2005-07-19,2005-07-19,8-K,sec_edgar,2026-08-06 23:15:34.711786+00:00
INTC,50863,0000050863-05-000186,2005-07-25,2005-07-19,8-K,sec_edgar,2026-08-06 23:15:34.711786+00:00
INTC,50863,0001193125-05-159285,2005-08-08,2005-07-02,10-Q,sec_edgar,2026-08-06 23:15:34.711786+00:00
INTC,50863,0001157523-05-008013,2005-09-08,2005-09-08,8-K,sec_edgar,2026-08-06 23:15:34.711786+00:00
INTC,50863,0001157523-05-008880,2005-10-18,2005-10-18,8-K,sec_edgar,2026-08-06 23:15:34.711786+00:00
INTC,50863,0000891618-05-000821,2005-11-01,2005-10-01,10-Q,sec_edgar,2026-08-06 23:15:34.711786+00:00
INTC,50863,0000050863-05-000225,2005-11-21,2005-11-18,8-K,sec_edgar,2026-08-06 23:15:34.711786+00:00
INTC,50863,0001157523-05-010692,2005-12-08,2005-12-08,8-K,sec_edgar,2026-08-06 23:15:34.711786+00:00
INTC,50863,0000050863-05-000227,2005-12-12,2005-12-12,8-K,sec_edgar,2026-08-06 23:15:34.711786+00:00
INTC,50863,0000050863-05-000240,2005-12-16,2005-12-13,8-K,sec_edgar,2026-08-06 23:15:34.711786+00:00
INTC,50863,0001157523-06-000339,2006-01-17,2006-01-17,8-K,sec_edgar,2026-08-06 23:15:34.711786+00:00
INTC,50863,0000050863-06-000007,2006-01-19,2006-01-18,8-K,sec_edgar,2026-08-06 23:15:34.711786+00:00
INTC,50863,0000050863-06-000027,2006-02-09,2006-02-03,8-K,sec_edgar,2026-08-06 23:15:34.711786+00:00
INTC,50863,0000891618-06-000089,2006-02-27,2005-12-31,10-K,sec_edgar,2026-08-06 23:15:34.711786+00:00
INTC,50863,0000050863-06-000033,2006-03-03,2006-03-03,8-K,sec_edgar,2026-08-06 23:15:34.711786+00:00
INTC,50863,0001157523-06-003823,2006-04-19,2006-04-19,8-K,sec_edgar,2026-08-06 23:15:34.711786+00:00
INTC,50863,0000891618-06-000189,2006-05-08,2006-04-01,10-Q,sec_edgar,2026-08-06 23:15:34.711786+00:00
INTC,50863,0000050863-06-000102,2006-05-22,2006-05-17,8-K,sec_edgar,2026-08-06 23:15:34.711786+00:00
INTC,50863,0000050863-06-000118,2006-06-28,2006-06-26,8-K,sec_edgar,2026-08-06 23:15:34.711786+00:00
INTC,50863,0000050863-06-000124,2006-07-05,2006-06-28,8-K,sec_edgar,2026-08-06 23:15:34.711786+00:00
INTC,50863,0000050863-06-000126,2006-07-06,2006-07-06,8-K,sec_edgar,2026-08-06 23:15:34.711786+00:00
INTC,50863,0000050863-06-000133,2006-07-14,2006-07-12,8-K,sec_edgar,2026-08-06 23:15:34.711786+00:00
INTC,50863,0001157523-06-007032,2006-07-19,2006-07-19,8-K,sec_edgar,2026-08-06 23:15:34.711786+00:00
INTC,50863,0000050863-06-000135,2006-07-20,2006-07-19,8-K,sec_edgar,2026-08-06 23:15:34.711786+00:00
INTC,50863,0000891618-06-000309,2006-08-02,2006-07-01,10-Q,sec_edgar,2026-08-06 23:15:34.711786+00:00
INTC,50863,0000050863-06-000167,2006-09-05,2006-08-30,8-K,sec_edgar,2026-08-06 23:15:34.711786+00:00
INTC,50863,0001157523-06-009975,2006-10-17,2006-10-17,8-K,sec_edgar,2026-08-06 23:15:34.711786+00:00
INTC,50863,0000891618-06-000457,2006-11-03,2006-09-30,10-Q,sec_edgar,2026-08-06 23:15:34.711786+00:00
INTC,50863,0000050863-06-000173,2006-11-08,2006-11-08,8-K,sec_edgar,2026-08-06 23:15:34.711786+00:00
INTC,50863,0000050863-06-000182,2006-11-16,2006-11-15,8-K,sec_edgar,2026-08-06 23:15:34.711786+00:00
INTC,50863,0000891618-06-000535,2006-12-28,2006-12-28,8-K,sec_edgar,2026-08-06 23:15:34.711786+00:00
INTC,50863,0001157523-07-000289,2007-01-16,2007-01-16,8-K,sec_edgar,2026-08-06 23:15:34.711786+00:00
INTC,50863,0000050863-07-000009,2007-01-18,2007-01-17,8-K,sec_edgar,2026-08-06 23:15:34.711786+00:00
INTC,50863,0000891618-07-000111,2007-02-26,2006-12-30,10-K,sec_edgar,2026-08-06 23:15:34.711786+00:00
INTC,50863,0000050863-07-000168,2007-03-29,2007-03-27,8-K,sec_edgar,2026-08-06 23:15:34.711786+00:00
INTC,50863,0001157523-07-003674,2007-04-17,2007-04-17,8-K,sec_edgar,2026-08-06 23:15:34.711786+00:00
INTC,50863,0000950134-07-009935,2007-05-03,2007-03-31,10-Q,sec_edgar,2026-08-06 23:15:34.711786+00:00
INTC,50863,0000050863-07-000248,2007-05-16,2007-05-16,8-K,sec_edgar,2026-08-06 23:15:34.711786+00:00
INTC,50863,0000050863-07-000250,2007-05-22,2007-05-22,8-K,sec_edgar,2026-08-06 23:15:34.711786+00:00
INTC,50863,0000050863-07-000254,2007-05-29,2007-05-22,8-K,sec_edgar,2026-08-06 23:15:34.711786+00:00
INTC,50863,0001157523-07-006928,2007-07-17,2007-07-17,8-K,sec_edgar,2026-08-06 23:15:34.711786+00:00
INTC,50863,0000950134-07-016808,2007-08-06,2007-06-30,10-Q,sec_edgar,2026-08-06 23:15:34.711786+00:00
INTC,50863,0000050863-07-000318,2007-08-30,2007-08-29,8-K,sec_edgar,2026-08-06 23:15:34.711786+00:00
INTC,50863,0000050863-07-000326,2007-09-10,2007-09-10,8-K,sec_edgar,2026-08-06 23:15:34.711786+00:00
INTC,50863,0001157523-07-009869,2007-10-16,2007-10-16,8-K,sec_edgar,2026-08-06 23:15:34.711786+00:00
INTC,50863,0000050863-07-000336,2007-10-17,2007-10-16,8-K,sec_edgar,2026-08-06 23:15:34.711786+00:00
INTC,50863,0000050863-07-000351,2007-10-26,2007-10-22,8-K,sec_edgar,2026-08-06 23:15:34.711786+00:00
INTC,50863,0000891618-07-000624,2007-11-02,2007-09-29,10-Q,sec_edgar,2026-08-06 23:15:34.711786+00:00
INTC,50863,0000050863-07-000402,2007-11-15,2007-11-14,8-K,sec_edgar,2026-08-06 23:15:34.711786+00:00
INTC,50863,0000050863-07-000404,2007-11-16,2007-11-14,8-K,sec_edgar,2026-08-06 23:15:34.711786+00:00
INTC,50863,0000050863-07-000420,2007-12-26,2007-12-22,8-K,sec_edgar,2026-08-06 23:15:34.711786+00:00
INTC,50863,0001157523-08-000317,2008-01-15,2008-01-15,8-K,sec_edgar,2026-08-06 23:15:34.711786+00:00
INTC,50863,0000050863-08-000037,2008-01-17,2008-01-16,8-K,sec_edgar,2026-08-06 23:15:34.711786+00:00
INTC,50863,0000891618-08-000106,2008-02-20,2007-12-29,10-K,sec_edgar,2026-08-06 23:15:34.711786+00:00
INTC,50863,0000050863-08-000089,2008-03-04,2008-03-03,8-K,sec_edgar,2026-08-06 23:15:34.711786+00:00
INTC,50863,0000050863-08-000097,2008-03-20,2008-03-20,8-K,sec_edgar,2026-08-06 23:15:34.711786+00:00
INTC,50863,0000050863-08-000115,2008-03-31,2008-03-30,8-K,sec_edgar,2026-08-06 23:15:34.711786+00:00
INTC,50863,0001157523-08-002931,2008-04-15,2008-04-15,8-K,sec_edgar,2026-08-06 23:15:34.711786+00:00
INTC,50863,0000050863-08-000141,2008-04-17,2008-04-14,8-K,sec_edgar,2026-08-06 23:15:34.711786+00:00
INTC,50863,0000950134-08-008205,2008-05-02,2008-03-29,10-Q,sec_edgar,2026-08-06 23:15:34.711786+00:00
INTC,50863,0000050863-08-000191,2008-05-07,2008-05-07,8-K,sec_edgar,2026-08-06 23:15:34.711786+00:00
INTC,50863,0000050863-08-000223,2008-06-06,2008-06-04,8-K,sec_edgar,2026-08-06 23:15:34.711786+00:00
INTC,50863,0001157523-08-005534,2008-07-15,2008-07-15,8-K,sec_edgar,2026-08-06 23:15:34.711786+00:00
INTC,50863,0000050863-08-000244,2008-07-18,2008-07-17,8-K,sec_edgar,2026-08-06 23:15:34.711786+00:00
INTC,50863,0000891618-08-000380,2008-08-01,2008-06-28,10-Q,sec_edgar,2026-08-06 23:15:34.711786+00:00
INTC,50863,0001157523-08-008026,2008-10-14,2008-10-14,8-K,sec_edgar,2026-08-06 23:15:34.711786+00:00
INTC,50863,0000950134-08-018805,2008-10-31,2008-09-27,10-Q,sec_edgar,2026-08-06 23:15:34.711786+00:00
INTC,50863,0000050863-08-000316,2008-11-12,2008-11-12,8-K,sec_edgar,2026-08-06 23:15:34.711786+00:00
INTC,50863,0000050863-08-000321,2008-11-13,2008-11-12,8-K,sec_edgar,2026-08-06 23:15:34.711786+00:00
INTC,50863,0000050863-09-000006,2009-01-07,2009-01-06,8-K,sec_edgar,2026-08-06 23:15:34.711786+00:00
INTC,50863,0001157523-09-000274,2009-01-15,2009-01-15,8-K,sec_edgar,2026-08-06 23:15:34.711786+00:00
INTC,50863,0000050863-09-000009,2009-01-21,2009-01-21,8-K,sec_edgar,2026-08-06 23:15:34.711786+00:00
INTC,50863,0000050863-09-000012,2009-01-23,2009-01-22,8-K,sec_edgar,2026-08-06 23:15:34.711786+00:00
INTC,50863,0000891618-09-000047,2009-02-23,2008-12-27,10-K,sec_edgar,2026-08-06 23:15:34.711786+00:00
INTC,50863,0000050863-09-000042,2009-03-19,2009-03-18,8-K,sec_edgar,2026-08-06 23:15:34.711786+00:00
INTC,50863,0000050863-09-000062,2009-04-02,2009-03-27,8-K,sec_edgar,2026-08-06 23:15:34.711786+00:00
INTC,50863,0001157523-09-002678,2009-04-14,2009-04-14,8-K,sec_edgar,2026-08-06 23:15:34.711786+00:00
INTC,50863,0000950134-09-008795,2009-04-30,2009-03-28,10-Q,sec_edgar,2026-08-06 23:15:34.711786+00:00
INTC,50863,0000050863-09-000077,2009-05-13,2009-05-13,8-K,sec_edgar,2026-08-06 23:15:34.711786+00:00
INTC,50863,0000050863-09-000102,2009-05-22,2009-05-19,8-K,sec_edgar,2026-08-06 23:15:34.711786+00:00
INTC,50863,0001157523-09-004872,2009-07-14,2009-07-14,8-K,sec_edgar,2026-08-06 23:15:34.711786+00:00
INTC,50863,0000050863-09-000134,2009-07-20,2009-07-20,8-K,sec_edgar,2026-08-06 23:15:34.711786+00:00
INTC,50863,0000050863-09-000141,2009-07-27,2009-07-21,8-K,sec_edgar,2026-08-06 23:15:34.711786+00:00
INTC,50863,0000950123-09-028975,2009-08-03,2009-06-27,10-Q,sec_edgar,2026-08-06 23:15:34.711786+00:00
INTC,50863,0000050863-09-000162,2009-08-28,2009-08-28,8-K,sec_edgar,2026-08-06 23:15:34.711786+00:00
INTC,50863,0000050863-09-000173,2009-09-14,2009-09-14,8-K,sec_edgar,2026-08-06 23:15:34.711786+00:00
INTC,50863,0000050863-09-000176,2009-09-15,2009-09-14,8-K,sec_edgar,2026-08-06 23:15:34.711786+00:00
INTC,50863,0001157523-09-006864,2009-10-13,2009-10-13,8-K,sec_edgar,2026-08-06 23:15:34.711786+00:00
INTC,50863,0000050863-09-000190,2009-10-13,2009-10-12,8-K,sec_edgar,2026-08-06 23:15:34.711786+00:00
INTC,50863,0000050863-09-000193,2009-10-14,2009-10-13,8-K,sec_edgar,2026-08-06 23:15:34.711786+00:00
INTC,50863,0000950123-09-056321,2009-11-02,2009-09-26,10-Q,sec_edgar,2026-08-06 23:15:34.711786+00:00
INTC,50863,0000050863-09-000206,2009-11-05,2009-11-04,8-K,sec_edgar,2026-08-06 23:15:34.711786+00:00
INTC,50863,0000050863-09-000213,2009-11-12,2009-11-11,8-K,sec_edgar,2026-08-06 23:15:34.711786+00:00
INTC,50863,0000050863-09-000226,2009-11-16,2009-11-11,8-K,sec_edgar,2026-08-06 23:15:34.711786+00:00
INTC,50863,0000050863-09-000231,2009-12-16,2009-12-16,8-K,sec_edgar,2026-08-06 23:15:34.711786+00:00
INTC,50863,0000050863-10-000002,2010-01-12,2010-01-12,8-K,sec_edgar,2026-08-06 23:15:34.711786+00:00
INTC,50863,0001157523-10-000165,2010-01-14,2010-01-14,8-K,sec_edgar,2026-08-06 23:15:34.711786+00:00
INTC,50863,0000050863-10-000006,2010-01-15,2010-01-14,8-K,sec_edgar,2026-08-06 23:15:34.711786+00:00
INTC,50863,0000050863-10-000009,2010-01-25,2010-01-21,8-K,sec_edgar,2026-08-06 23:15:34.711786+00:00
INTC,50863,0000050863-10-000013,2010-02-10,2010-02-09,8-K,sec_edgar,2026-08-06 23:15:34.711786+00:00
INTC,50863,0000950123-10-015237,2010-02-22,2009-12-26,10-K,sec_edgar,2026-08-06 23:15:34.711786+00:00
INTC,50863,0000050863-10-000025,2010-03-02,2010-03-01,8-K,sec_edgar,2026-08-06 23:15:34.711786+00:00
INTC,50863,0000050863-10-000027,2010-03-22,2010-03-18,8-K,sec_edgar,2026-08-06 23:15:34.711786+00:00
INTC,50863,0001157523-10-002015,2010-04-13,2010-04-13,8-K,sec_edgar,2026-08-06 23:15:34.711786+00:00
INTC,50863,0000050863-10-000033,2010-04-14,2010-04-13,8-K,sec_edgar,2026-08-06 23:15:34.711786+00:00
INTC,50863,0000950123-10-042822,2010-05-03,2010-03-27,10-Q,sec_edgar,2026-08-06 23:15:34.711786+00:00
INTC,50863,0000050863-10-000041,2010-05-07,2010-05-07,8-K,sec_edgar,2026-08-06 23:15:34.711786+00:00
INTC,50863,0000050863-10-000050,2010-05-12,2010-05-11,8-K,sec_edgar,2026-08-06 23:15:34.711786+00:00
INTC,50863,0000050863-10-000057,2010-05-21,2010-05-19,8-K,sec_edgar,2026-08-06 23:15:34.711786+00:00
INTC,50863,0000050863-10-000063,2010-06-22,2010-06-21,8-K,sec_edgar,2026-08-06 23:15:34.711786+00:00
INTC,50863,0001157523-10-004005,2010-07-13,2010-07-13,8-K,sec_edgar,2026-08-06 23:15:34.711786+00:00
INTC,50863,0000050863-10-000065,2010-07-14,2010-07-13,8-K,sec_edgar,2026-08-06 23:15:34.711786+00:00
INTC,50863,0000050863-10-000067,2010-07-16,2010-07-15,8-K,sec_edgar,2026-08-06 23:15:34.711786+00:00
INTC,50863,0000050863-10-000069,2010-07-22,2010-07-21,8-K,sec_edgar,2026-08-06 23:15:34.711786+00:00
INTC,50863,0000950123-10-070570,2010-07-30,2010-06-26,10-Q,sec_edgar,2026-08-06 23:15:34.711786+00:00
INTC,50863,0000050863-10-000077,2010-08-04,2010-08-04,8-K,sec_edgar,2026-08-06 23:15:34.711786+00:00
INTC,50863,0001193125-10-193199,2010-08-19,2010-08-19,8-K,sec_edgar,2026-08-06 23:15:34.711786+00:00
INTC,50863,0001193125-10-192747,2010-08-19,2010-08-18,8-K,sec_edgar,2026-08-06 23:15:34.711786+00:00
INTC,50863,0000050863-10-000087,2010-08-27,2010-08-27,8-K,sec_edgar,2026-08-06 23:15:34.711786+00:00
INTC,50863,0000050863-10-000094,2010-08-30,2010-08-29,8-K,sec_edgar,2026-08-06 23:15:34.711786+00:00
INTC,50863,0001157523-10-005787,2010-10-12,2010-10-12,8-K,sec_edgar,2026-08-06 23:15:34.711786+00:00
INTC,50863,0000050863-10-000098,2010-10-13,2010-10-12,8-K,sec_edgar,2026-08-06 23:15:34.711786+00:00
INTC,50863,0000950123-10-099521,2010-11-02,2010-09-25,10-Q,sec_edgar,2026-08-06 23:15:34.711786+00:00
INTC,50863,0000050863-10-000119,2010-11-12,2010-11-12,8-K,sec_edgar,2026-08-06 23:15:34.711786+00:00
INTC,50863,0000050863-11-000007,2011-01-10,2011-01-10,8-K,sec_edgar,2026-08-06 23:15:34.711786+00:00
INTC,50863,0001157523-11-000178,2011-01-13,2011-01-13,8-K,sec_edgar,2026-08-06 23:15:34.711786+00:00
INTC,50863,0000050863-11-000011,2011-01-14,2011-01-13,8-K,sec_edgar,2026-08-06 23:15:34.711786+00:00
INTC,50863,0000050863-11-000013,2011-01-24,2011-01-21,8-K,sec_edgar,2026-08-06 23:15:34.711786+00:00
INTC,50863,0000050863-11-000017,2011-01-26,2011-01-20,8-K,sec_edgar,2026-08-06 23:15:34.711786+00:00
INTC,50863,0000050863-11-000020,2011-01-31,2011-01-31,8-K,sec_edgar,2026-08-06 23:15:34.711786+00:00
INTC,50863,0000950123-11-015783,2011-02-18,2010-12-25,10-K,sec_edgar,2026-08-06 23:15:34.711786+00:00
INTC,50863,0000050863-11-000050,2011-02-28,2011-02-28,8-K,sec_edgar,2026-08-06 23:15:34.711786+00:00
INTC,50863,0000050863-11-000058,2011-03-21,2011-03-16,8-K,sec_edgar,2026-08-06 23:15:34.711786+00:00
INTC,50863,0000050863-11-000064,2011-04-13,2011-04-13,8-K,sec_edgar,2026-08-06 23:15:34.711786+00:00
INTC,50863,0001157523-11-002097,2011-04-19,2011-04-19,8-K,sec_edgar,2026-08-06 23:15:34.711786+00:00
INTC,50863,0000050863-11-000068,2011-04-20,2011-04-19,8-K,sec_edgar,2026-08-06 23:15:34.711786+00:00
INTC,50863,0000050863-11-000075,2011-05-09,2011-05-09,8-K,sec_edgar,2026-08-06 23:15:34.711786+00:00
INTC,50863,0000950123-11-047498,2011-05-09,2011-04-02,10-Q,sec_edgar,2026-08-06 23:15:34.711786+00:00
INTC,50863,0000050863-11-000081,2011-05-11,2011-05-11,8-K,sec_edgar,2026-08-06 23:15:34.711786+00:00
INTC,50863,0000050863-11-000094,2011-05-17,2011-05-17,8-K,sec_edgar,2026-08-06 23:15:34.711786+00:00
INTC,50863,0000050863-11-000100,2011-05-24,2011-05-19,8-K,sec_edgar,2026-08-06 23:15:34.711786+00:00
INTC,50863,0001157523-11-004100,2011-07-20,2011-07-20,8-K,sec_edgar,2026-08-06 23:15:34.711786+00:00
INTC,50863,0000050863-11-000110,2011-07-21,2011-07-20,8-K,sec_edgar,2026-08-06 23:15:34.711786+00:00
INTC,50863,0000050863-11-000114,2011-07-27,2011-07-26,8-K,sec_edgar,2026-08-06 23:15:34.711786+00:00
INTC,50863,0000950123-11-074495,2011-08-08,2011-07-02,10-Q,sec_edgar,2026-08-06 23:15:34.711786+00:00
INTC,50863,0001104659-11-051569,2011-09-14,2011-09-14,8-K,sec_edgar,2026-08-06 23:15:34.711786+00:00
INTC,50863,0001104659-11-052231,2011-09-19,2011-09-14,8-K,sec_edgar,2026-08-06 23:15:34.711786+00:00
INTC,50863,0001157523-11-005759,2011-10-18,2011-10-18,8-K,sec_edgar,2026-08-06 23:15:34.711786+00:00
INTC,50863,0000050863-11-000129,2011-10-19,2011-10-18,8-K,sec_edgar,2026-08-06 23:15:34.711786+00:00
INTC,50863,0001193125-11-297669,2011-11-04,2011-10-01,10-Q,sec_edgar,2026-08-06 23:15:34.711786+00:00
INTC,50863,0000050863-11-000143,2011-12-12,2011-12-12,8-K,sec_edgar,2026-08-06 23:15:34.711786+00:00
INTC,50863,0001157523-12-000203,2012-01-19,2012-01-19,8-K,sec_edgar,2026-08-06 23:15:34.711786+00:00
INTC,50863,0000050863-12-000007,2012-01-20,2012-01-20,8-K,sec_edgar,2026-08-06 23:15:34.711786+00:00
INTC,50863,0000050863-12-000006,2012-01-20,2012-01-19,8-K,sec_edgar,2026-08-06 23:15:34.711786+00:00
INTC,50863,0000050863-12-000019,2012-02-09,2012-02-08,8-K,sec_edgar,2026-08-06 23:15:34.711786+00:00
INTC,50863,0001193125-12-075534,2012-02-23,2011-12-31,10-K,sec_edgar,2026-08-06 23:15:34.711786+00:00
INTC,50863,0000050863-12-000027,2012-02-28,2012-02-27,8-K,sec_edgar,2026-08-06 23:15:34.711786+00:00
INTC,50863,0001157523-12-001849,2012-04-17,2012-04-17,8-K,sec_edgar,2026-08-06 23:15:34.711786+00:00
INTC,50863,0000050863-12-000051,2012-04-18,2012-04-17,8-K,sec_edgar,2026-08-06 23:15:34.711786+00:00
INTC,50863,0001193125-12-212253,2012-05-04,2012-03-31,10-Q,sec_edgar,2026-08-06 23:15:34.711786+00:00
INTC,50863,0000050863-12-000065,2012-05-07,2012-05-07,8-K,sec_edgar,2026-08-06 23:15:34.711786+00:00
INTC,50863,0000050863-12-000068,2012-05-11,2012-05-10,8-K,sec_edgar,2026-08-06 23:15:34.711786+00:00
INTC,50863,0000050863-12-000076,2012-05-22,2012-05-17,8-K,sec_edgar,2026-08-06 23:15:34.711786+00:00
INTC,50863,0001193125-12-297577,2012-07-09,2012-07-09,8-K,sec_edgar,2026-08-06 23:15:34.711786+00:00
INTC,50863,0001157523-12-003647,2012-07-17,2012-07-17,8-K,sec_edgar,2026-08-06 23:15:34.711786+00:00
INTC,50863,0000050863-12-000087,2012-07-18,2012-07-17,8-K,sec_edgar,2026-08-06 23:15:34.711786+00:00
INTC,50863,0001193125-12-329132,2012-08-01,2012-06-30,10-Q,sec_edgar,2026-08-06 23:15:34.711786+00:00
INTC,50863,0000050863-12-000103,2012-09-07,2012-09-07,8-K,sec_edgar,2026-08-06 23:15:34.711786+00:00
INTC,50863,0001193125-12-389403,2012-09-12,2012-09-12,8-K,sec_edgar,2026-08-06 23:15:34.711786+00:00
INTC,50863,0001157523-12-005134,2012-10-16,2012-10-16,8-K,sec_edgar,2026-08-06 23:15:34.711786+00:00
INTC,50863,0000050863-12-000113,2012-10-17,2012-10-16,8-K,sec_edgar,2026-08-06 23:15:34.711786+00:00
INTC,50863,0001193125-12-444095,2012-10-31,2012-09-29,10-Q,sec_edgar,2026-08-06 23:15:34.711786+00:00
INTC,50863,0000050863-12-000132,2012-11-19,2012-11-14,8-K,sec_edgar,2026-08-06 23:15:34.711786+00:00
INTC,50863,0001104659-12-081692,2012-12-04,2012-12-04,8-K,sec_edgar,2026-08-06 23:15:34.711786+00:00
INTC,50863,0001104659-12-081671,2012-12-04,2012-12-04,8-K,sec_edgar,2026-08-06 23:15:34.711786+00:00
INTC,50863,0001104659-12-082172,2012-12-06,2012-12-04,8-K,sec_edgar,2026-08-06 23:15:34.711786+00:00
INTC,50863,0001104659-12-083301,2012-12-11,2012-12-11,8-K,sec_edgar,2026-08-06 23:15:34.711786+00:00
INTC,50863,0001104659-12-084296,2012-12-14,2012-12-11,8-K,sec_edgar,2026-08-06 23:15:34.711786+00:00
INTC,50863,0001157523-13-000168,2013-01-17,2013-01-17,8-K,sec_edgar,2026-08-06 23:15:34.711786+00:00
INTC,50863,0000050863-13-000005,2013-01-18,2013-01-17,8-K,sec_edgar,2026-08-06 23:15:34.711786+00:00
INTC,50863,0001193125-13-065416,2013-02-19,2012-12-29,10-K,sec_edgar,2026-08-06 23:15:34.711786+00:00
INTC,50863,0001157523-13-001800,2013-04-16,2013-04-16,8-K,sec_edgar,2026-08-06 23:15:34.711786+00:00
INTC,50863,0000050863-13-000036,2013-04-17,2013-04-16,8-K,sec_edgar,2026-08-06 23:15:34.711786+00:00
INTC,50863,0000050863-13-000043,2013-04-29,2013-03-30,10-Q,sec_edgar,2026-08-06 23:15:34.711786+00:00
INTC,50863,0000050863-13-000046,2013-05-02,2013-05-02,8-K,sec_edgar,2026-08-06 23:15:34.711786+00:00
INTC,50863,0000050863-13-000061,2013-05-21,2013-05-16,8-K,sec_edgar,2026-08-06 23:15:34.711786+00:00
INTC,50863,0001157523-13-003366,2013-07-17,2013-07-17,8-K,sec_edgar,2026-08-06 23:15:34.711786+00:00
INTC,50863,0000050863-13-000081,2013-07-18,2013-07-17,8-K,sec_edgar,2026-08-06 23:15:34.711786+00:00
INTC,50863,0000050863-13-000087,2013-07-29,2013-06-29,10-Q,sec_edgar,2026-08-06 23:15:34.711786+00:00
INTC,50863,0000050863-13-000094,2013-10-15,2013-10-15,8-K,sec_edgar,2026-08-06 23:15:34.711786+00:00
INTC,50863,0000050863-13-000093,2013-10-15,2013-10-15,8-K,sec_edgar,2026-08-06 23:15:34.711786+00:00
INTC,50863,0000050863-13-000100,2013-10-23,2013-10-18,8-K,sec_edgar,2026-08-06 23:15:34.711786+00:00
INTC,50863,0000050863-13-000104,2013-10-28,2013-09-28,10-Q,sec_edgar,2026-08-06 23:15:34.711786+00:00
INTC,50863,0000050863-13-000109,2013-11-22,2013-11-21,8-K,sec_edgar,2026-08-06 23:15:34.711786+00:00
INTC,50863,0000050863-13-000111,2013-12-09,2013-12-04,8-K,sec_edgar,2026-08-06 23:15:34.711786+00:00
INTC,50863,0000050863-14-000006,2014-01-16,2014-01-16,8-K,sec_edgar,2026-08-06 23:15:34.711786+00:00
INTC,50863,0000050863-14-000016,2014-02-03,2014-02-03,8-K,sec_edgar,2026-08-06 23:15:34.711786+00:00
INTC,50863,0000050863-14-000020,2014-02-14,2013-12-28,10-K,sec_edgar,2026-08-06 23:15:34.711786+00:00
INTC,50863,0000050863-14-000025,2014-04-07,2014-04-07,8-K,sec_edgar,2026-08-06 23:15:34.711786+00:00
INTC,50863,0000050863-14-000029,2014-04-15,2014-04-15,8-K,sec_edgar,2026-08-06 23:15:34.711786+00:00
INTC,50863,0000050863-14-000032,2014-04-25,2014-03-29,10-Q,sec_edgar,2026-08-06 23:15:34.711786+00:00
INTC,50863,0000050863-14-000042,2014-05-28,2014-05-22,8-K,sec_edgar,2026-08-06 23:15:34.711786+00:00
INTC,50863,0000050863-14-000044,2014-06-12,2014-06-12,8-K,sec_edgar,2026-08-06 23:15:34.711786+00:00
INTC,50863,0000050863-14-000049,2014-06-23,2014-06-20,8-K,sec_edgar,2026-08-06 23:15:34.711786+00:00
INTC,50863,0000050863-14-000051,2014-06-27,2014-06-26,8-K,sec_edgar,2026-08-06 23:15:34.711786+00:00
INTC,50863,0000050863-14-000054,2014-07-15,2014-07-15,8-K,sec_edgar,2026-08-06 23:15:34.711786+00:00
INTC,50863,0000050863-14-000058,2014-07-25,2014-06-28,10-Q,sec_edgar,2026-08-06 23:15:34.711786+00:00
INTC,50863,0001193125-14-353742,2014-09-26,2014-09-25,8-K,sec_edgar,2026-08-06 23:15:34.711786+00:00
INTC,50863,0000050863-14-000065,2014-10-14,2014-10-14,8-K,sec_edgar,2026-08-06 23:15:34.711786+00:00
INTC,50863,0000050863-14-000069,2014-10-29,2014-09-27,10-Q,sec_edgar,2026-08-06 23:15:34.711786+00:00
INTC,50863,0000050863-14-000072,2014-11-18,2014-11-17,8-K,sec_edgar,2026-08-06 23:15:34.711786+00:00
INTC,50863,0000050863-14-000074,2014-11-20,2014-11-20,8-K,sec_edgar,2026-08-06 23:15:34.711786+00:00
INTC,50863,0000050863-14-000081,2014-11-21,2014-11-20,8-K,sec_edgar,2026-08-06 23:15:34.711786+00:00
INTC,50863,0000050863-14-000078,2014-11-21,2014-11-20,8-K,sec_edgar,2026-08-06 23:15:34.711786+00:00
INTC,50863,0000050863-14-000085,2014-12-16,2014-12-16,8-K,sec_edgar,2026-08-06 23:15:34.711786+00:00
INTC,50863,0000050863-15-000009,2015-01-15,2015-01-15,8-K,sec_edgar,2026-08-06 23:15:34.711786+00:00
INTC,50863,0000050863-15-000015,2015-02-13,2014-12-27,10-K,sec_edgar,2026-08-06 23:15:34.711786+00:00
INTC,50863,0000050863-15-000019,2015-03-12,2015-03-12,8-K,sec_edgar,2026-08-06 23:15:34.711786+00:00
INTC,50863,0000050863-15-000021,2015-04-06,2015-04-06,8-K,sec_edgar,2026-08-06 23:15:34.711786+00:00
INTC,50863,0000050863-15-000025,2015-04-14,2015-04-14,8-K,sec_edgar,2026-08-06 23:15:34.711786+00:00
INTC,50863,0000050863-15-000028,2015-04-27,2015-03-28,10-Q,sec_edgar,2026-08-06 23:15:34.711786+00:00
INTC,50863,0001193125-15-187741,2015-05-14,2015-05-14,8-K,sec_edgar,2026-08-06 23:15:34.711786+00:00
INTC,50863,0000050863-15-000035,2015-05-27,2015-05-21,8-K,sec_edgar,2026-08-06 23:15:34.711786+00:00
INTC,50863,0001193125-15-209231,2015-06-01,2015-05-31,8-K,sec_edgar,2026-08-06 23:15:34.711786+00:00
INTC,50863,0000050863-15-000038,2015-06-05,2015-06-05,8-K,sec_edgar,2026-08-06 23:15:34.711786+00:00
INTC,50863,0000050863-15-000044,2015-07-02,2015-07-01,8-K,sec_edgar,2026-08-06 23:15:34.711786+00:00
INTC,50863,0000050863-15-000051,2015-07-15,2015-07-15,8-K,sec_edgar,2026-08-06 23:15:34.711786+00:00
INTC,50863,0000050863-15-000055,2015-07-27,2015-06-27,10-Q,sec_edgar,2026-08-06 23:15:34.711786+00:00
INTC,50863,0001104659-15-054325,2015-07-29,2015-07-29,8-K,sec_edgar,2026-08-06 23:15:34.711786+00:00
INTC,50863,0001104659-15-058715,2015-08-11,2015-08-11,8-K,sec_edgar,2026-08-06 23:15:34.711786+00:00
INTC,50863,0000050863-15-000066,2015-10-13,2015-10-13,8-K,sec_edgar,2026-08-06 23:15:34.711786+00:00
INTC,50863,0000050863-15-000068,2015-10-21,2015-10-18,8-K,sec_edgar,2026-08-06 23:15:34.711786+00:00
INTC,50863,0000050863-15-000072,2015-10-28,2015-09-26,10-Q,sec_edgar,2026-08-06 23:15:34.711786+00:00
INTC,50863,0000050863-15-000079,2015-11-17,2015-11-17,8-K,sec_edgar,2026-08-06 23:15:34.711786+00:00
INTC,50863,0000050863-15-000082,2015-11-19,2015-11-19,8-K,sec_edgar,2026-08-06 23:15:34.711786+00:00
INTC,50863,0001193125-15-382423,2015-11-20,2015-11-19,8-K,sec_edgar,2026-08-06 23:15:34.711786+00:00
INTC,50863,0001104659-15-084516,2015-12-14,2015-12-14,8-K,sec_edgar,2026-08-06 23:15:34.711786+00:00
INTC,50863,0000050863-15-000089,2015-12-21,2015-12-20,8-K,sec_edgar,2026-08-06 23:15:34.711786+00:00
INTC,50863,0001193125-15-414642,2015-12-28,2015-12-28,8-K,sec_edgar,2026-08-06 23:15:34.711786+00:00
INTC,50863,0000050863-16-000100,2016-01-14,2016-01-14,8-K,sec_edgar,2026-08-06 23:15:34.711786+00:00
INTC,50863,0000050863-16-000102,2016-01-26,2016-01-21,8-K,sec_edgar,2026-08-06 23:15:34.711786+00:00
INTC,50863,0000050863-16-000105,2016-02-12,2015-12-26,10-K,sec_edgar,2026-08-06 23:15:34.711786+00:00
INTC,50863,0000050863-16-000112,2016-02-18,2016-02-12,8-K,sec_edgar,2026-08-06 23:15:34.711786+00:00
INTC,50863,0000050863-16-000115,2016-04-05,2016-04-05,8-K,sec_edgar,2026-08-06 23:15:34.711786+00:00
INTC,50863,0000050863-16-000122,2016-04-19,2016-04-19,8-K,sec_edgar,2026-08-06 23:15:34.711786+00:00
INTC,50863,0000050863-16-000125,2016-05-02,2016-04-02,10-Q,sec_edgar,2026-08-06 23:15:34.711786+00:00
INTC,50863,0001104659-16-121995,2016-05-19,2016-05-19,8-K,sec_edgar,2026-08-06 23:15:34.711786+00:00
INTC,50863,0000050863-16-000127,2016-05-24,2016-05-19,8-K,sec_edgar,2026-08-06 23:15:34.711786+00:00
INTC,50863,0000050863-16-000135,2016-07-12,2016-07-07,8-K,sec_edgar,2026-08-06 23:15:34.711786+00:00
INTC,50863,0000050863-16-000138,2016-07-20,2016-07-20,8-K,sec_edgar,2026-08-06 23:15:34.711786+00:00
INTC,50863,0000050863-16-000142,2016-08-01,2016-07-02,10-Q,sec_edgar,2026-08-06 23:15:34.711786+00:00
INTC,50863,0001193125-16-703635,2016-09-08,2016-09-07,8-K,sec_edgar,2026-08-06 23:15:34.711786+00:00
INTC,50863,0000050863-16-000147,2016-09-16,2016-09-16,8-K,sec_edgar,2026-08-06 23:15:34.711786+00:00
INTC,50863,0001193125-16-713426,2016-09-19,2016-09-19,8-K,sec_edgar,2026-08-06 23:15:34.711786+00:00
INTC,50863,0000050863-16-000150,2016-10-18,2016-10-18,8-K,sec_edgar,2026-08-06 23:15:34.711786+00:00
INTC,50863,0000050863-16-000153,2016-10-31,2016-10-01,10-Q,sec_edgar,2026-08-06 23:15:34.711786+00:00
INTC,50863,0000050863-16-000167,2016-12-16,2016-12-16,8-K,sec_edgar,2026-08-06 23:15:34.711786+00:00
INTC,50863,0000050863-17-000003,2017-01-26,2017-01-26,8-K,sec_edgar,2026-08-06 23:15:34.711786+00:00
INTC,50863,0000050863-17-000008,2017-01-27,2017-01-27,8-K,sec_edgar,2026-08-06 23:15:34.711786+00:00
INTC,50863,0001193125-17-036212,2017-02-09,2017-02-09,8-K,sec_edgar,2026-08-06 23:15:34.711786+00:00
INTC,50863,0000050863-17-000012,2017-02-17,2016-12-31,10-K,sec_edgar,2026-08-06 23:15:34.711786+00:00
INTC,50863,0001193125-17-071591,2017-03-06,2017-03-02,8-K,sec_edgar,2026-08-06 23:15:34.711786+00:00
INTC,50863,0001193125-17-080542,2017-03-13,2017-03-12,8-K,sec_edgar,2026-08-06 23:15:34.711786+00:00
INTC,50863,0001193125-17-079586,2017-03-13,2017-03-12,8-K,sec_edgar,2026-08-06 23:15:34.711786+00:00
INTC,50863,0001193125-17-092965,2017-03-23,2017-03-21,8-K,sec_edgar,2026-08-06 23:15:34.711786+00:00
INTC,50863,0000050863-17-000022,2017-03-24,2017-03-22,8-K,sec_edgar,2026-08-06 23:15:34.711786+00:00
INTC,50863,0001193125-17-109298,2017-04-04,2017-04-04,8-K,sec_edgar,2026-08-06 23:15:34.711786+00:00
INTC,50863,0000050863-17-000029,2017-04-27,2017-04-01,10-Q,sec_edgar,2026-08-06 23:15:34.711786+00:00
INTC,50863,0000050863-17-000028,2017-04-27,2017-04-27,8-K,sec_edgar,2026-08-06 23:15:34.711786+00:00
INTC,50863,0001193125-17-155605,2017-05-03,2017-05-03,8-K,sec_edgar,2026-08-06 23:15:34.711786+00:00
INTC,50863,0001193125-17-167265,2017-05-11,2017-05-11,8-K,sec_edgar,2026-08-06 23:15:34.711786+00:00
INTC,50863,0001193125-17-181646,2017-05-24,2017-05-18,8-K,sec_edgar,2026-08-06 23:15:34.711786+00:00
INTC,50863,0001193125-17-206127,2017-06-16,2017-06-15,8-K,sec_edgar,2026-08-06 23:15:34.711786+00:00
INTC,50863,0001193125-17-205990,2017-06-16,2017-06-16,8-K,sec_edgar,2026-08-06 23:15:34.711786+00:00
INTC,50863,0000050863-17-000041,2017-07-27,2017-07-01,10-Q,sec_edgar,2026-08-06 23:15:34.711786+00:00
INTC,50863,0000050863-17-000040,2017-07-27,2017-07-27,8-K,sec_edgar,2026-08-06 23:15:34.711786+00:00
INTC,50863,0001193125-17-250756,2017-08-08,2017-08-08,8-K,sec_edgar,2026-08-06 23:15:34.711786+00:00
INTC,50863,0001193125-17-256795,2017-08-14,2017-08-14,8-K,sec_edgar,2026-08-06 23:15:34.711786+00:00
INTC,50863,0001193125-17-264093,2017-08-22,2017-08-21,8-K,sec_edgar,2026-08-06 23:15:34.711786+00:00
INTC,50863,0001193125-17-265718,2017-08-23,2017-08-19,8-K,sec_edgar,2026-08-06 23:15:34.711786+00:00
INTC,50863,0001193125-17-286860,2017-09-18,2017-09-13,8-K,sec_edgar,2026-08-06 23:15:34.711786+00:00
INTC,50863,0000050863-17-000048,2017-10-26,2017-09-30,10-Q,sec_edgar,2026-08-06 23:15:34.711786+00:00
INTC,50863,0000050863-17-000047,2017-10-26,2017-10-26,8-K,sec_edgar,2026-08-06 23:15:34.711786+00:00
INTC,50863,0001193125-17-329604,2017-11-01,2017-10-30,8-K,sec_edgar,2026-08-06 23:15:34.711786+00:00
INTC,50863,0001193125-17-345604,2017-11-16,2017-11-16,8-K,sec_edgar,2026-08-06 23:15:34.711786+00:00
INTC,50863,0001193125-17-349304,2017-11-21,2017-11-15,8-K,sec_edgar,2026-08-06 23:15:34.711786+00:00
INTC,50863,0001193125-17-354884,2017-11-29,2017-11-29,8-K,sec_edgar,2026-08-06 23:15:34.711786+00:00
INTC,50863,0001193125-17-356852,2017-11-30,2017-11-29,8-K,sec_edgar,2026-08-06 23:15:34.711786+00:00
INTC,50863,0000050863-18-000003,2018-01-25,2018-01-25,8-K,sec_edgar,2026-08-06 23:15:34.711786+00:00
INTC,50863,0001193125-18-048764,2018-02-16,2018-02-14,8-K,sec_edgar,2026-08-06 23:15:34.711786+00:00
INTC,50863,0000050863-18-000007,2018-02-16,2017-12-30,10-K,sec_edgar,2026-08-06 23:15:34.711786+00:00
INTC,50863,0001193125-18-086793,2018-03-19,2018-03-14,8-K,sec_edgar,2026-08-06 23:15:34.711786+00:00
INTC,50863,0000050863-18-000012,2018-04-26,2018-04-26,8-K,sec_edgar,2026-08-06 23:15:34.711786+00:00
INTC,50863,0000050863-18-000013,2018-04-27,2018-03-31,10-Q,sec_edgar,2026-08-06 23:15:34.711786+00:00
INTC,50863,0001193125-18-172017,2018-05-23,2018-05-17,8-K,sec_edgar,2026-08-06 23:15:34.711786+00:00
INTC,50863,0001193125-18-199045,2018-06-21,2018-06-20,8-K,sec_edgar,2026-08-06 23:15:34.711786+00:00
INTC,50863,0000050863-18-000021,2018-07-26,2018-07-26,8-K,sec_edgar,2026-08-06 23:15:34.711786+00:00
INTC,50863,0000050863-18-000022,2018-07-27,2018-06-30,10-Q,sec_edgar,2026-08-06 23:15:34.711786+00:00
INTC,50863,0001193125-18-242857,2018-08-08,2018-08-02,8-K,sec_edgar,2026-08-06 23:15:34.711786+00:00
INTC,50863,0000050863-18-000027,2018-10-25,2018-10-25,8-K,sec_edgar,2026-08-06 23:15:34.711786+00:00
INTC,50863,0000050863-18-000029,2018-10-26,2018-09-29,10-Q,sec_edgar,2026-08-06 23:15:34.711786+00:00
INTC,50863,0001193125-18-328042,2018-11-15,2018-11-15,8-K,sec_edgar,2026-08-06 23:15:34.711786+00:00
INTC,50863,0001193125-19-011545,2019-01-17,2019-01-16,8-K,sec_edgar,2026-08-06 23:15:34.711786+00:00
INTC,50863,0000050863-19-000003,2019-01-24,2019-01-24,8-K,sec_edgar,2026-08-06 23:15:34.711786+00:00
INTC,50863,0001193125-19-023301,2019-01-31,2019-01-29,8-K,sec_edgar,2026-08-06 23:15:34.711786+00:00
INTC,50863,0000050863-19-000007,2019-02-01,2018-12-29,10-K,sec_edgar,2026-08-06 23:15:34.711786+00:00
INTC,50863,0001193125-19-076708,2019-03-15,2019-03-13,8-K,sec_edgar,2026-08-06 23:15:34.711786+00:00
INTC,50863,0001193125-19-085353,2019-03-25,2019-03-22,8-K,sec_edgar,2026-08-06 23:15:34.711786+00:00
INTC,50863,0001193125-19-096036,2019-04-03,2019-04-02,8-K,sec_edgar,2026-08-06 23:15:34.711786+00:00
INTC,50863,0001193125-19-102881,2019-04-10,2019-04-08,8-K,sec_edgar,2026-08-06 23:15:34.711786+00:00
INTC,50863,0000050863-19-000012,2019-04-25,2019-04-25,8-K,sec_edgar,2026-08-06 23:15:34.711786+00:00
INTC,50863,0000050863-19-000013,2019-04-26,2019-03-30,10-Q,sec_edgar,2026-08-06 23:15:34.711786+00:00
INTC,50863,0001193125-19-142117,2019-05-09,2019-05-08,8-K,sec_edgar,2026-08-06 23:15:34.711786+00:00
INTC,50863,0001193125-19-153332,2019-05-22,2019-05-16,8-K,sec_edgar,2026-08-06 23:15:34.711786+00:00
INTC,50863,0000050863-19-000022,2019-07-25,2019-07-25,8-K,sec_edgar,2026-08-06 23:15:34.711786+00:00
INTC,50863,0000050863-19-000023,2019-07-26,2019-06-29,10-Q,sec_edgar,2026-08-06 23:15:34.711786+00:00
INTC,50863,0001193125-19-244848,2019-09-13,2019-09-10,8-K,sec_edgar,2026-08-06 23:15:34.711786+00:00
INTC,50863,0001193125-19-254731,2019-09-25,2019-09-19,8-K,sec_edgar,2026-08-06 23:15:34.711786+00:00
INTC,50863,0000050863-19-000028,2019-10-24,2019-10-24,8-K,sec_edgar,2026-08-06 23:15:34.711786+00:00
INTC,50863,0000050863-19-000029,2019-10-25,2019-09-28,10-Q,sec_edgar,2026-08-06 23:15:34.711786+00:00
INTC,50863,0001193125-19-292429,2019-11-14,2019-11-14,8-K,sec_edgar,2026-08-06 23:15:34.711786+00:00
INTC,50863,0001193125-19-296610,2019-11-20,2019-11-20,8-K,sec_edgar,2026-08-06 23:15:34.711786+00:00
INTC,50863,0001193125-19-297652,2019-11-21,2019-11-18,8-K,sec_edgar,2026-08-06 23:15:34.711786+00:00
INTC,50863,0001193125-19-299901,2019-11-25,2019-11-25,8-K,sec_edgar,2026-08-06 23:15:34.711786+00:00
INTC,50863,0001193125-20-011010,2020-01-21,2020-01-15,8-K,sec_edgar,2026-08-06 23:15:34.711786+00:00
INTC,50863,0001193125-20-012078,2020-01-22,2020-01-15,8-K,sec_edgar,2026-08-06 23:15:34.711786+00:00
INTC,50863,0000050863-20-000007,2020-01-23,2020-01-23,8-K,sec_edgar,2026-08-06 23:15:34.711786+00:00
INTC,50863,0000050863-20-000011,2020-01-24,2019-12-28,10-K,sec_edgar,2026-08-06 23:15:34.711786+00:00
INTC,50863,0001193125-20-035758,2020-02-13,2020-02-10,8-K,sec_edgar,2026-08-06 23:15:34.711786+00:00
INTC,50863,0001193125-20-083209,2020-03-24,2020-03-24,8-K,sec_edgar,2026-08-06 23:15:34.711786+00:00
INTC,50863,0001193125-20-085163,2020-03-25,2020-03-20,8-K,sec_edgar,2026-08-06 23:15:34.711786+00:00
INTC,50863,0000050863-20-000016,2020-04-23,2020-04-23,8-K,sec_edgar,2026-08-06 23:15:34.711786+00:00
INTC,50863,0000050863-20-000017,2020-04-24,2020-03-28,10-Q,sec_edgar,2026-08-06 23:15:34.711786+00:00
INTC,50863,0001193125-20-147273,2020-05-20,2020-05-14,8-K,sec_edgar,2026-08-06 23:15:34.711786+00:00
INTC,50863,0001193125-20-171288,2020-06-17,2020-06-15,8-K,sec_edgar,2026-08-06 23:15:34.711786+00:00
INTC,50863,0000050863-20-000025,2020-07-23,2020-07-23,8-K,sec_edgar,2026-08-06 23:15:34.711786+00:00
INTC,50863,0000050863-20-000026,2020-07-24,2020-06-27,10-Q,sec_edgar,2026-08-06 23:15:34.711786+00:00
INTC,50863,0001193125-20-199804,2020-07-27,2020-07-24,8-K,sec_edgar,2026-08-06 23:15:34.711786+00:00
INTC,50863,0001193125-20-220333,2020-08-14,2020-08-11,8-K,sec_edgar,2026-08-06 23:15:34.711786+00:00
INTC,50863,0001193125-20-224772,2020-08-19,2020-08-19,8-K,sec_edgar,2026-08-06 23:15:34.711786+00:00
INTC,50863,0001193125-20-272580,2020-10-20,2020-10-19,8-K,sec_edgar,2026-08-06 23:15:34.711786+00:00
INTC,50863,0000050863-20-000042,2020-10-22,2020-10-22,8-K,sec_edgar,2026-08-06 23:15:34.711786+00:00
INTC,50863,0000050863-20-000043,2020-10-23,2020-09-26,10-Q,sec_edgar,2026-08-06 23:15:34.711786+00:00
INTC,50863,0001193125-21-009142,2021-01-14,2021-01-12,8-K,sec_edgar,2026-08-06 23:15:34.711786+00:00
INTC,50863,0000050863-21-000009,2021-01-21,2021-01-21,8-K,sec_edgar,2026-08-06 23:15:34.711786+00:00
INTC,50863,0001193125-21-014847,2021-01-22,2021-01-19,8-K,sec_edgar,2026-08-06 23:15:34.711786+00:00
INTC,50863,0000050863-21-000010,2021-01-22,2020-12-26,10-K,sec_edgar,2026-08-06 23:15:34.711786+00:00
INTC,50863,0001193125-21-047794,2021-02-18,2021-02-11,8-K,sec_edgar,2026-08-06 23:15:34.711786+00:00
INTC,50863,0001193125-21-082782,2021-03-16,2021-03-10,8-K,sec_edgar,2026-08-06 23:15:34.711786+00:00
INTC,50863,0001193125-21-091374,2021-03-23,2021-03-23,8-K,sec_edgar,2026-08-06 23:15:34.711786+00:00
INTC,50863,0000050863-21-000017,2021-04-22,2021-04-22,8-K,sec_edgar,2026-08-06 23:15:34.711786+00:00
INTC,50863,0000050863-21-000018,2021-04-23,2021-03-27,10-Q,sec_edgar,2026-08-06 23:15:34.711786+00:00
INTC,50863,0001193125-21-166587,2021-05-19,2021-05-13,8-K,sec_edgar,2026-08-06 23:15:34.711786+00:00
INTC,50863,0001193125-21-196285,2021-06-22,2021-06-17,8-K,sec_edgar,2026-08-06 23:15:34.711786+00:00
INTC,50863,0001193125-21-214206,2021-07-13,2021-07-09,8-K,sec_edgar,2026-08-06 23:15:34.711786+00:00
INTC,50863,0001193125-21-218615,2021-07-19,2021-07-14,8-K,sec_edgar,2026-08-06 23:15:34.711786+00:00
INTC,50863,0000050863-21-000029,2021-07-22,2021-07-22,8-K,sec_edgar,2026-08-06 23:15:34.711786+00:00
INTC,50863,0000050863-21-000030,2021-07-23,2021-06-26,10-Q,sec_edgar,2026-08-06 23:15:34.711786+00:00
INTC,50863,0001193125-21-224438,2021-07-26,2021-07-26,8-K,sec_edgar,2026-08-06 23:15:34.711786+00:00
INTC,50863,0001193125-21-244840,2021-08-12,2021-08-10,8-K,sec_edgar,2026-08-06 23:15:34.711786+00:00
INTC,50863,0001193125-21-293329,2021-10-06,2021-10-04,8-K,sec_edgar,2026-08-06 23:15:34.711786+00:00
INTC,50863,0000050863-21-000037,2021-10-21,2021-10-18,8-K,sec_edgar,2026-08-06 23:15:34.711786+00:00
INTC,50863,0000050863-21-000038,2021-10-22,2021-09-25,10-Q,sec_edgar,2026-08-06 23:15:34.711786+00:00
INTC,50863,0001193125-21-350395,2021-12-07,2021-12-06,8-K,sec_edgar,2026-08-06 23:15:34.711786+00:00
INTC,50863,0001193125-21-369552,2021-12-30,2021-12-29,8-K,sec_edgar,2026-08-06 23:15:34.711786+00:00
INTC,50863,0001193125-22-005658,2022-01-10,2022-01-05,8-K,sec_edgar,2026-08-06 23:15:34.711786+00:00
INTC,50863,0000050863-22-000006,2022-01-26,2022-01-26,8-K,sec_edgar,2026-08-06 23:15:34.711786+00:00
INTC,50863,0000050863-22-000007,2022-01-27,2021-12-25,10-K,sec_edgar,2026-08-06 23:15:34.711786+00:00
INTC,50863,0001193125-22-032684,2022-02-09,2022-02-05,8-K,sec_edgar,2026-08-06 23:15:34.711786+00:00
INTC,50863,0001193125-22-043022,2022-02-15,2022-02-15,8-K,sec_edgar,2026-08-06 23:15:34.711786+00:00
INTC,50863,0001193125-22-045883,2022-02-18,2022-02-17,8-K,sec_edgar,2026-08-06 23:15:34.711786+00:00
INTC,50863,0000050863-22-000019,2022-04-28,2022-04-28,8-K,sec_edgar,2026-08-06 23:15:34.711786+00:00
INTC,50863,0000050863-22-000020,2022-04-29,2022-04-02,10-Q,sec_edgar,2026-08-06 23:15:34.711786+00:00
INTC,50863,0001193125-22-151752,2022-05-16,2022-05-12,8-K,sec_edgar,2026-08-06 23:15:34.711786+00:00
INTC,50863,0001193125-22-178756,2022-06-22,2022-06-17,8-K,sec_edgar,2026-08-06 23:15:34.711786+00:00
INTC,50863,0000050863-22-000029,2022-07-28,2022-07-28,8-K,sec_edgar,2026-08-06 23:15:34.711786+00:00
INTC,50863,0000050863-22-000030,2022-07-29,2022-07-02,10-Q,sec_edgar,2026-08-06 23:15:34.711786+00:00
INTC,50863,0001193125-22-213699,2022-08-05,2022-08-02,8-K,sec_edgar,2026-08-06 23:15:34.711786+00:00
INTC,50863,0001193125-22-218541,2022-08-11,2022-08-08,8-K,sec_edgar,2026-08-06 23:15:34.711786+00:00
INTC,50863,0001193125-22-226986,2022-08-23,2022-08-22,8-K,sec_edgar,2026-08-06 23:15:34.711786+00:00
INTC,50863,0000050863-22-000037,2022-10-27,2022-10-27,8-K,sec_edgar,2026-08-06 23:15:34.711786+00:00
INTC,50863,0000050863-22-000038,2022-10-28,2022-10-01,10-Q,sec_edgar,2026-08-06 23:15:34.711786+00:00
INTC,50863,0001193125-22-291100,2022-11-22,2022-11-22,8-K,sec_edgar,2026-08-06 23:15:34.711786+00:00
INTC,50863,0001193125-22-290385,2022-11-22,2022-11-17,8-K,sec_edgar,2026-08-06 23:15:34.711786+00:00
INTC,50863,0000050863-23-000005,2023-01-26,2023-01-26,8-K,sec_edgar,2026-08-06 23:15:34.711786+00:00
INTC,50863,0000050863-23-000006,2023-01-27,2022-12-31,10-K,sec_edgar,2026-08-06 23:15:34.711786+00:00
INTC,50863,0001193125-23-032608,2023-02-10,2023-02-07,8-K,sec_edgar,2026-08-06 23:15:34.711786+00:00
INTC,50863,0000050863-23-000027,2023-04-27,2023-04-27,8-K,sec_edgar,2026-08-06 23:15:34.711786+00:00
INTC,50863,0000050863-23-000028,2023-04-28,2023-04-01,10-Q,sec_edgar,2026-08-06 23:15:34.711786+00:00
INTC,50863,0000050863-23-000057,2023-05-17,2023-05-11,8-K,sec_edgar,2026-08-06 23:15:34.711786+00:00
INTC,50863,0000050863-23-000068,2023-07-27,2023-07-27,8-K,sec_edgar,2026-08-06 23:15:34.711786+00:00
INTC,50863,0000050863-23-000069,2023-07-28,2023-07-01,10-Q,sec_edgar,2026-08-06 23:15:34.711786+00:00
INTC,50863,0000050863-23-000078,2023-08-16,2023-08-16,8-K,sec_edgar,2026-08-06 23:15:34.711786+00:00
INTC,50863,0000050863-23-000092,2023-10-05,2023-10-02,8-K,sec_edgar,2026-08-06 23:15:34.711786+00:00
INTC,50863,0000050863-23-000100,2023-10-26,2023-10-26,8-K,sec_edgar,2026-08-06 23:15:34.711786+00:00
INTC,50863,0000050863-23-000103,2023-10-27,2023-09-30,10-Q,sec_edgar,2026-08-06 23:15:34.711786+00:00
INTC,50863,0000050863-23-000109,2023-10-30,2023-10-30,8-K,sec_edgar,2026-08-06 23:15:34.711786+00:00
INTC,50863,0000050863-23-000128,2023-12-05,2023-11-29,8-K,sec_edgar,2026-08-06 23:15:34.711786+00:00
INTC,50863,0000050863-24-000003,2024-01-03,2023-12-29,8-K,sec_edgar,2026-08-06 23:15:34.711786+00:00
INTC,50863,0000050863-24-000008,2024-01-25,2024-01-25,8-K,sec_edgar,2026-08-06 23:15:34.711786+00:00
INTC,50863,0000050863-24-000010,2024-01-26,2023-12-30,10-K,sec_edgar,2026-08-06 23:15:34.711786+00:00
INTC,50863,0000050863-24-000033,2024-02-16,2024-02-15,8-K,sec_edgar,2026-08-06 23:15:34.711786+00:00
INTC,50863,0001193125-24-041435,2024-02-21,2024-02-15,8-K,sec_edgar,2026-08-06 23:15:34.711786+00:00
INTC,50863,0000050863-24-000036,2024-03-13,2024-03-12,8-K,sec_edgar,2026-08-06 23:15:34.711786+00:00
INTC,50863,0000050863-24-000068,2024-04-02,2024-04-02,8-K,sec_edgar,2026-08-06 23:15:34.711786+00:00
INTC,50863,0000050863-24-000074,2024-04-25,2024-04-25,8-K,sec_edgar,2026-08-06 23:15:34.711786+00:00
INTC,50863,0000050863-24-000076,2024-04-26,2024-03-30,10-Q,sec_edgar,2026-08-06 23:15:34.711786+00:00
INTC,50863,0000050863-24-000086,2024-05-08,2024-05-08,8-K,sec_edgar,2026-08-06 23:15:34.711786+00:00
INTC,50863,0000050863-24-000093,2024-05-09,2024-05-07,8-K,sec_edgar,2026-08-06 23:15:34.711786+00:00
INTC,50863,0000050863-24-000103,2024-06-04,2024-06-04,8-K,sec_edgar,2026-08-06 23:15:34.711786+00:00
INTC,50863,0000050863-24-000110,2024-06-14,2024-06-12,8-K,sec_edgar,2026-08-06 23:15:34.711786+00:00
INTC,50863,0000050863-24-000122,2024-08-01,2024-08-01,8-K,sec_edgar,2026-08-06 23:15:34.711786+00:00
INTC,50863,0000050863-24-000124,2024-08-02,2024-06-29,10-Q,sec_edgar,2026-08-06 23:15:34.711786+00:00
INTC,50863,0000050863-24-000134,2024-08-22,2024-08-19,8-K,sec_edgar,2026-08-06 23:15:34.711786+00:00
INTC,50863,0000050863-24-000147,2024-10-31,2024-10-28,8-K,sec_edgar,2026-08-06 23:15:34.711786+00:00
INTC,50863,0000050863-24-000149,2024-11-01,2024-09-28,10-Q,sec_edgar,2026-08-06 23:15:34.711786+00:00
INTC,50863,0000050863-24-000169,2024-11-27,2024-11-25,8-K,sec_edgar,2026-08-06 23:15:34.711786+00:00
INTC,50863,0000050863-24-000173,2024-12-03,2024-12-01,8-K,sec_edgar,2026-08-06 23:15:34.711786+00:00
INTC,50863,0000050863-24-000180,2024-12-05,2024-12-04,8-K,sec_edgar,2026-08-06 23:15:34.711786+00:00
INTC,50863,0000050863-25-000004,2025-01-30,2025-01-30,8-K,sec_edgar,2026-08-06 23:15:34.711786+00:00
INTC,50863,0000050863-25-000009,2025-01-31,2024-12-28,10-K,sec_edgar,2026-08-06 23:15:34.711786+00:00
INTC,50863,0000050863-25-000024,2025-02-28,2025-02-28,8-K,sec_edgar,2026-08-06 23:15:34.711786+00:00
INTC,50863,0000050863-25-000036,2025-03-14,2025-03-10,8-K,sec_edgar,2026-08-06 23:15:34.711786+00:00
INTC,50863,0000050863-25-000060,2025-03-28,2025-03-27,8-K,sec_edgar,2026-08-06 23:15:34.711786+00:00
INTC,50863,0001193125-25-079727,2025-04-14,2025-04-14,8-K,sec_edgar,2026-08-06 23:15:34.711786+00:00
INTC,50863,0000050863-25-000063,2025-04-17,2025-04-14,8-K,sec_edgar,2026-08-06 23:15:34.711786+00:00
INTC,50863,0000050863-25-000070,2025-04-24,2025-04-24,8-K,sec_edgar,2026-08-06 23:15:34.711786+00:00
INTC,50863,0000050863-25-000074,2025-04-25,2025-03-29,10-Q,sec_edgar,2026-08-06 23:15:34.711786+00:00
INTC,50863,0000050863-25-000079,2025-04-30,2025-04-28,8-K,sec_edgar,2026-08-06 23:15:34.711786+00:00
INTC,50863,0000050863-25-000084,2025-05-09,2025-05-06,8-K,sec_edgar,2026-08-06 23:15:34.711786+00:00
INTC,50863,0000050863-25-000109,2025-07-24,2025-06-28,10-Q,sec_edgar,2026-08-06 23:15:34.711786+00:00
INTC,50863,0000050863-25-000107,2025-07-24,2025-07-24,8-K,sec_edgar,2026-08-06 23:15:34.711786+00:00
INTC,50863,0000050863-25-000123,2025-08-14,2025-04-11,8-K,sec_edgar,2026-08-06 23:15:34.711786+00:00
INTC,50863,0000050863-25-000126,2025-08-21,2025-08-18,8-K,sec_edgar,2026-08-06 23:15:34.711786+00:00
INTC,50863,0000050863-25-000129,2025-08-25,2025-08-22,8-K,sec_edgar,2026-08-06 23:15:34.711786+00:00
INTC,50863,0000050863-25-000135,2025-08-29,2025-08-27,8-K,sec_edgar,2026-08-06 23:15:34.711786+00:00
INTC,50863,0000050863-25-000147,2025-09-05,2025-09-05,8-K,sec_edgar,2026-08-06 23:15:34.711786+00:00
INTC,50863,0000050863-25-000149,2025-09-08,2025-09-07,8-K,sec_edgar,2026-08-06 23:15:34.711786+00:00
INTC,50863,0000050863-25-000153,2025-09-15,2025-09-12,8-K,sec_edgar,2026-08-06 23:15:34.711786+00:00
INTC,50863,0000050863-25-000155,2025-09-18,2025-09-15,8-K,sec_edgar,2026-08-06 23:15:34.711786+00:00
INTC,50863,0000050863-25-000159,2025-09-29,2025-09-26,8-K,sec_edgar,2026-08-06 23:15:34.711786+00:00
INTC,50863,0000050863-25-000169,2025-10-23,2025-10-23,8-K,sec_edgar,2026-08-06 23:15:34.711786+00:00
INTC,50863,0000050863-25-000179,2025-11-06,2025-09-27,10-Q,sec_edgar,2026-08-06 23:15:34.711786+00:00
INTC,50863,0000050863-25-000194,2025-11-12,2025-11-10,8-K,sec_edgar,2026-08-06 23:15:34.711786+00:00
INTC,50863,0000050863-25-000204,2025-12-29,2025-12-26,8-K,sec_edgar,2026-08-06 23:15:34.711786+00:00
INTC,50863,0000050863-26-000009,2026-01-22,2026-01-22,8-K,sec_edgar,2026-08-06 23:15:34.711786+00:00
INTC,50863,0000050863-26-000031,2026-01-23,2026-01-23,8-K,sec_edgar,2026-08-06 23:15:34.711786+00:00
INTC,50863,0000050863-26-000011,2026-01-23,2025-12-27,10-K,sec_edgar,2026-08-06 23:15:34.711786+00:00
INTC,50863,0000050863-26-000044,2026-03-03,2026-02-27,8-K,sec_edgar,2026-08-06 23:15:34.711786+00:00
INTC,50863,0000050863-26-000069,2026-04-03,2026-03-30,8-K,sec_edgar,2026-08-06 23:15:34.711786+00:00
INTC,50863,0000050863-26-000072,2026-04-08,2026-04-08,8-K,sec_edgar,2026-08-06 23:15:34.711786+00:00
INTC,50863,0000050863-26-000077,2026-04-23,2026-04-23,8-K,sec_edgar,2026-08-06 23:15:34.711786+00:00
INTC,50863,0000050863-26-000083,2026-04-24,2026-04-24,8-K,sec_edgar,2026-08-06 23:15:34.711786+00:00
INTC,50863,0000050863-26-000079,2026-04-24,2026-03-28,10-Q,sec_edgar,2026-08-06 23:15:34.711786+00:00
INTC,50863,0001193125-26-197845,2026-04-30,2026-04-30,8-K,sec_edgar,2026-08-06 23:15:34.711786+00:00
INTC,50863,0000050863-26-000118,2026-05-15,2026-05-13,8-K,sec_edgar,2026-08-06 23:15:34.711786+00:00
INTC,50863,0000050863-26-000155,2026-07-23,2026-07-23,8-K,sec_edgar,2026-08-06 23:15:34.711786+00:00
INTC,50863,0000050863-26-000157,2026-07-24,2026-06-27,10-Q,sec_edgar,2026-08-06 23:15:34.711786+00:00
META,1326801,0001193125-12-282349,2012-06-25,2012-06-24,8-K,sec_edgar,2026-08-06 23:15:34.711786+00:00
META,1326801,0001193125-12-316895,2012-07-26,2012-07-26,8-K,sec_edgar,2026-08-06 23:15:34.711786+00:00
META,1326801,0001193125-12-325997,2012-07-31,2012-06-30,10-Q,sec_edgar,2026-08-06 23:15:34.711786+00:00
META,1326801,0001193125-12-379221,2012-09-04,2012-08-30,8-K,sec_edgar,2026-08-06 23:15:34.711786+00:00
META,1326801,0001193125-12-423438,2012-10-15,2012-10-12,8-K,sec_edgar,2026-08-06 23:15:34.711786+00:00
META,1326801,0001193125-12-431558,2012-10-23,2012-10-23,8-K,sec_edgar,2026-08-06 23:15:34.711786+00:00
META,1326801,0001326801-12-000006,2012-10-24,2012-09-30,10-Q,sec_edgar,2026-08-06 23:15:34.711786+00:00
META,1326801,0001193125-12-439795,2012-10-29,2012-10-25,8-K,sec_edgar,2026-08-06 23:15:34.711786+00:00
META,1326801,0001193125-12-485803,2012-11-29,2012-11-28,8-K,sec_edgar,2026-08-06 23:15:34.711786+00:00
META,1326801,0001193125-13-029993,2013-01-30,2013-01-30,8-K,sec_edgar,2026-08-06 23:15:34.711786+00:00
META,1326801,0001326801-13-000003,2013-02-01,2012-12-31,10-K,sec_edgar,2026-08-06 23:15:34.711786+00:00
META,1326801,0001326801-13-000006,2013-03-06,2013-03-05,8-K,sec_edgar,2026-08-06 23:15:34.711786+00:00
META,1326801,0001193125-13-177980,2013-04-26,2013-04-23,8-K,sec_edgar,2026-08-06 23:15:34.711786+00:00
META,1326801,0001193125-13-192397,2013-05-01,2013-04-25,8-K,sec_edgar,2026-08-06 23:15:34.711786+00:00
META,1326801,0001326801-13-000011,2013-05-02,2013-03-31,10-Q,sec_edgar,2026-08-06 23:15:34.711786+00:00
META,1326801,0001326801-13-000013,2013-06-13,2013-06-11,8-K,sec_edgar,2026-08-06 23:15:34.711786+00:00
META,1326801,0001326801-13-000016,2013-07-24,2013-07-24,8-K,sec_edgar,2026-08-06 23:15:34.711786+00:00
META,1326801,0001326801-13-000019,2013-07-25,2013-06-30,10-Q,sec_edgar,2026-08-06 23:15:34.711786+00:00
META,1326801,0001326801-13-000022,2013-08-15,2013-08-15,8-K,sec_edgar,2026-08-06 23:15:34.711786+00:00
META,1326801,0001326801-13-000029,2013-10-30,2013-10-30,8-K,sec_edgar,2026-08-06 23:15:34.711786+00:00
META,1326801,0001326801-13-000031,2013-11-01,2013-09-30,10-Q,sec_edgar,2026-08-06 23:15:34.711786+00:00
META,1326801,0001193125-13-482943,2013-12-23,2013-12-20,8-K,sec_edgar,2026-08-06 23:15:34.711786+00:00
META,1326801,0001326801-14-000003,2014-01-29,2014-01-29,8-K,sec_edgar,2026-08-06 23:15:34.711786+00:00
META,1326801,0001326801-14-000007,2014-01-31,2013-12-31,10-K,sec_edgar,2026-08-06 23:15:34.711786+00:00
META,1326801,0001326801-14-000010,2014-02-19,2014-02-19,8-K,sec_edgar,2026-08-06 23:15:34.711786+00:00
META,1326801,0001326801-14-000012,2014-03-26,2014-03-24,8-K,sec_edgar,2026-08-06 23:15:34.711786+00:00
META,1326801,0001326801-14-000020,2014-04-23,2014-04-18,8-K,sec_edgar,2026-08-06 23:15:34.711786+00:00
META,1326801,0001326801-14-000023,2014-04-25,2014-03-31,10-Q,sec_edgar,2026-08-06 23:15:34.711786+00:00
META,1326801,0001326801-14-000025,2014-05-23,2014-05-22,8-K,sec_edgar,2026-08-06 23:15:34.711786+00:00
META,1326801,0001326801-14-000029,2014-07-23,2014-07-23,8-K,sec_edgar,2026-08-06 23:15:34.711786+00:00
META,1326801,0001326801-14-000032,2014-07-24,2014-06-30,10-Q,sec_edgar,2026-08-06 23:15:34.711786+00:00
META,1326801,0001326801-14-000037,2014-10-06,2014-10-04,8-K,sec_edgar,2026-08-06 23:15:34.711786+00:00
META,1326801,0001326801-14-000044,2014-10-28,2014-10-28,8-K,sec_edgar,2026-08-06 23:15:34.711786+00:00
META,1326801,0001326801-14-000064,2014-10-29,2014-10-29,8-K,sec_edgar,2026-08-06 23:15:34.711786+00:00
META,1326801,0001326801-14-000068,2014-10-30,2014-09-30,10-Q,sec_edgar,2026-08-06 23:15:34.711786+00:00
META,1326801,0001326801-15-000003,2015-01-28,2015-01-28,8-K,sec_edgar,2026-08-06 23:15:34.711786+00:00
META,1326801,0001326801-15-000006,2015-01-29,2014-12-31,10-K,sec_edgar,2026-08-06 23:15:34.711786+00:00
META,1326801,0001326801-15-000012,2015-04-22,2015-04-22,8-K,sec_edgar,2026-08-06 23:15:34.711786+00:00
META,1326801,0001326801-15-000015,2015-04-23,2015-03-31,10-Q,sec_edgar,2026-08-06 23:15:34.711786+00:00
META,1326801,0001326801-15-000023,2015-06-15,2015-06-11,8-K,sec_edgar,2026-08-06 23:15:34.711786+00:00
META,1326801,0001326801-15-000026,2015-07-29,2015-07-29,8-K,sec_edgar,2026-08-06 23:15:34.711786+00:00
META,1326801,0001326801-15-000028,2015-07-31,2015-06-30,10-Q,sec_edgar,2026-08-06 23:15:34.711786+00:00
META,1326801,0001326801-15-000030,2015-11-04,2015-11-04,8-K,sec_edgar,2026-08-06 23:15:34.711786+00:00
META,1326801,0001326801-15-000032,2015-11-05,2015-09-30,10-Q,sec_edgar,2026-08-06 23:15:34.711786+00:00
META,1326801,0001326801-15-000035,2015-12-01,2015-12-01,8-K,sec_edgar,2026-08-06 23:15:34.711786+00:00
META,1326801,0001326801-16-000038,2016-01-27,2016-01-27,8-K,sec_edgar,2026-08-06 23:15:34.711786+00:00
META,1326801,0001326801-16-000043,2016-01-28,2015-12-31,10-K,sec_edgar,2026-08-06 23:15:34.711786+00:00
META,1326801,0001326801-16-000060,2016-04-27,2016-04-27,8-K,sec_edgar,2026-08-06 23:15:34.711786+00:00
META,1326801,0001326801-16-000067,2016-04-28,2016-03-31,10-Q,sec_edgar,2026-08-06 23:15:34.711786+00:00
META,1326801,0001326801-16-000071,2016-05-20,2016-05-20,8-K,sec_edgar,2026-08-06 23:15:34.711786+00:00
META,1326801,0001326801-16-000077,2016-06-21,2016-06-20,8-K,sec_edgar,2026-08-06 23:15:34.711786+00:00
META,1326801,0001326801-16-000079,2016-07-27,2016-07-27,8-K,sec_edgar,2026-08-06 23:15:34.711786+00:00
META,1326801,0001326801-16-000082,2016-07-28,2016-06-30,10-Q,sec_edgar,2026-08-06 23:15:34.711786+00:00
META,1326801,0001326801-16-000084,2016-11-02,2016-11-02,8-K,sec_edgar,2026-08-06 23:15:34.711786+00:00
META,1326801,0001326801-16-000087,2016-11-03,2016-09-30,10-Q,sec_edgar,2026-08-06 23:15:34.711786+00:00
META,1326801,0001326801-16-000094,2016-11-18,2016-11-14,8-K,sec_edgar,2026-08-06 23:15:34.711786+00:00
META,1326801,0001326801-16-000093,2016-11-18,2016-11-18,8-K,sec_edgar,2026-08-06 23:15:34.711786+00:00
META,1326801,0001326801-17-000004,2017-02-01,2017-02-01,8-K,sec_edgar,2026-08-06 23:15:34.711786+00:00
META,1326801,0001326801-17-000007,2017-02-03,2016-12-31,10-K,sec_edgar,2026-08-06 23:15:34.711786+00:00
META,1326801,0001326801-17-000011,2017-03-07,2017-03-06,8-K,sec_edgar,2026-08-06 23:15:34.711786+00:00
META,1326801,0001326801-17-000021,2017-05-03,2017-05-03,8-K,sec_edgar,2026-08-06 23:15:34.711786+00:00
META,1326801,0001326801-17-000024,2017-05-04,2017-03-31,10-Q,sec_edgar,2026-08-06 23:15:34.711786+00:00
META,1326801,0001326801-17-000033,2017-06-06,2017-06-01,8-K,sec_edgar,2026-08-06 23:15:34.711786+00:00
META,1326801,0001326801-17-000035,2017-07-26,2017-07-26,8-K,sec_edgar,2026-08-06 23:15:34.711786+00:00
META,1326801,0001326801-17-000038,2017-07-27,2017-06-30,10-Q,sec_edgar,2026-08-06 23:15:34.711786+00:00
META,1326801,0001326801-17-000042,2017-09-22,2017-09-21,8-K,sec_edgar,2026-08-06 23:15:34.711786+00:00
META,1326801,0001326801-17-000046,2017-11-01,2017-11-01,8-K,sec_edgar,2026-08-06 23:15:34.711786+00:00
META,1326801,0001326801-17-000053,2017-11-02,2017-09-30,10-Q,sec_edgar,2026-08-06 23:15:34.711786+00:00
META,1326801,0001326801-18-000003,2018-01-18,2018-01-17,8-K,sec_edgar,2026-08-06 23:15:34.711786+00:00
META,1326801,0001326801-18-000006,2018-01-31,2018-01-31,8-K,sec_edgar,2026-08-06 23:15:34.711786+00:00
META,1326801,0001326801-18-000009,2018-02-01,2017-12-31,10-K,sec_edgar,2026-08-06 23:15:34.711786+00:00
META,1326801,0001326801-18-000026,2018-04-25,2018-04-25,8-K,sec_edgar,2026-08-06 23:15:34.711786+00:00
META,1326801,0001326801-18-000032,2018-04-26,2018-03-31,10-Q,sec_edgar,2026-08-06 23:15:34.711786+00:00
META,1326801,0001193125-18-145181,2018-05-01,2018-04-30,8-K,sec_edgar,2026-08-06 23:15:34.711786+00:00
META,1326801,0001326801-18-000037,2018-05-08,2018-05-07,8-K,sec_edgar,2026-08-06 23:15:34.711786+00:00
META,1326801,0001326801-18-000049,2018-06-05,2018-05-31,8-K,sec_edgar,2026-08-06 23:15:34.711786+00:00
META,1326801,0001326801-18-000053,2018-07-25,2018-07-25,8-K,sec_edgar,2026-08-06 23:15:34.711786+00:00
META,1326801,0001326801-18-000057,2018-07-26,2018-06-30,10-Q,sec_edgar,2026-08-06 23:15:34.711786+00:00
META,1326801,0001326801-18-000060,2018-10-24,2018-10-24,8-K,sec_edgar,2026-08-06 23:15:34.711786+00:00
META,1326801,0001326801-18-000063,2018-10-30,2018-10-30,8-K,sec_edgar,2026-08-06 23:15:34.711786+00:00
META,1326801,0001326801-18-000067,2018-10-31,2018-09-30,10-Q,sec_edgar,2026-08-06 23:15:34.711786+00:00
META,1326801,0001326801-18-000069,2018-12-07,2018-12-06,8-K,sec_edgar,2026-08-06 23:15:34.711786+00:00
META,1326801,0001326801-19-000003,2019-01-30,2019-01-30,8-K,sec_edgar,2026-08-06 23:15:34.711786+00:00
META,1326801,0001326801-19-000009,2019-01-31,2018-12-31,10-K,sec_edgar,2026-08-06 23:15:34.711786+00:00
META,1326801,0001326801-19-000016,2019-03-14,2019-03-11,8-K,sec_edgar,2026-08-06 23:15:34.711786+00:00
META,1326801,0001326801-19-000029,2019-04-15,2019-04-10,8-K,sec_edgar,2026-08-06 23:15:34.711786+00:00
META,1326801,0001326801-19-000035,2019-04-24,2019-04-24,8-K,sec_edgar,2026-08-06 23:15:34.711786+00:00
META,1326801,0001326801-19-000037,2019-04-25,2019-03-31,10-Q,sec_edgar,2026-08-06 23:15:34.711786+00:00
META,1326801,0001326801-19-000043,2019-06-03,2019-05-30,8-K,sec_edgar,2026-08-06 23:15:34.711786+00:00
META,1326801,0001326801-19-000053,2019-07-24,2019-07-24,8-K,sec_edgar,2026-08-06 23:15:34.711786+00:00
META,1326801,0001326801-19-000055,2019-07-25,2019-06-30,10-Q,sec_edgar,2026-08-06 23:15:34.711786+00:00
META,1326801,0001326801-19-000066,2019-10-30,2019-10-27,8-K,sec_edgar,2026-08-06 23:15:34.711786+00:00
META,1326801,0001326801-19-000069,2019-10-31,2019-09-30,10-Q,sec_edgar,2026-08-06 23:15:34.711786+00:00
META,1326801,0001326801-20-000010,2020-01-29,2020-01-29,8-K,sec_edgar,2026-08-06 23:15:34.711786+00:00
META,1326801,0001326801-20-000013,2020-01-30,2019-12-31,10-K,sec_edgar,2026-08-06 23:15:34.711786+00:00
META,1326801,0001326801-20-000018,2020-02-03,2020-02-03,8-K,sec_edgar,2026-08-06 23:15:34.711786+00:00
META,1326801,0001326801-20-000023,2020-03-09,2020-03-05,8-K,sec_edgar,2026-08-06 23:15:34.711786+00:00
META,1326801,0001326801-20-000028,2020-03-13,2020-03-11,8-K,sec_edgar,2026-08-06 23:15:34.711786+00:00
META,1326801,0001326801-20-000031,2020-03-26,2020-03-23,8-K,sec_edgar,2026-08-06 23:15:34.711786+00:00
META,1326801,0001326801-20-000046,2020-04-29,2020-04-29,8-K,sec_edgar,2026-08-06 23:15:34.711786+00:00
META,1326801,0001326801-20-000048,2020-04-30,2020-03-31,10-Q,sec_edgar,2026-08-06 23:15:34.711786+00:00
META,1326801,0001326801-20-000058,2020-05-29,2020-05-27,8-K,sec_edgar,2026-08-06 23:15:34.711786+00:00
META,1326801,0001326801-20-000073,2020-07-30,2020-07-30,8-K,sec_edgar,2026-08-06 23:15:34.711786+00:00
META,1326801,0001326801-20-000076,2020-07-31,2020-06-30,10-Q,sec_edgar,2026-08-06 23:15:34.711786+00:00
META,1326801,0001326801-20-000081,2020-10-29,2020-10-29,8-K,sec_edgar,2026-08-06 23:15:34.711786+00:00
META,1326801,0001326801-20-000084,2020-10-30,2020-09-30,10-Q,sec_edgar,2026-08-06 23:15:34.711786+00:00
META,1326801,0001326801-21-000011,2021-01-27,2021-01-27,8-K,sec_edgar,2026-08-06 23:15:34.711786+00:00
META,1326801,0001326801-21-000014,2021-01-28,2020-12-31,10-K,sec_edgar,2026-08-06 23:15:34.711786+00:00
META,1326801,0001326801-21-000031,2021-04-28,2021-04-28,8-K,sec_edgar,2026-08-06 23:15:34.711786+00:00
META,1326801,0001326801-21-000033,2021-04-29,2021-03-31,10-Q,sec_edgar,2026-08-06 23:15:34.711786+00:00
META,1326801,0001326801-21-000040,2021-05-27,2021-05-26,8-K,sec_edgar,2026-08-06 23:15:34.711786+00:00
META,1326801,0001326801-21-000047,2021-07-28,2021-07-28,8-K,sec_edgar,2026-08-06 23:15:34.711786+00:00
META,1326801,0001326801-21-000049,2021-07-29,2021-06-30,10-Q,sec_edgar,2026-08-06 23:15:34.711786+00:00
META,1326801,0001326801-21-000053,2021-09-22,2021-09-20,8-K,sec_edgar,2026-08-06 23:15:34.711786+00:00
META,1326801,0001326801-21-000062,2021-10-25,2021-10-25,8-K,sec_edgar,2026-08-06 23:15:34.711786+00:00
META,1326801,0001326801-21-000065,2021-10-26,2021-09-30,10-Q,sec_edgar,2026-08-06 23:15:34.711786+00:00
META,1326801,0001326801-21-000071,2021-10-28,2021-10-28,8-K,sec_edgar,2026-08-06 23:15:34.711786+00:00
META,1326801,0001326801-22-000006,2022-01-11,2022-01-10,8-K,sec_edgar,2026-08-06 23:15:34.711786+00:00
META,1326801,0001326801-22-000015,2022-02-02,2022-02-02,8-K,sec_edgar,2026-08-06 23:15:34.711786+00:00
META,1326801,0001326801-22-000018,2022-02-03,2021-12-31,10-K,sec_edgar,2026-08-06 23:15:34.711786+00:00
META,1326801,0001326801-22-000030,2022-02-10,2022-02-05,8-K,sec_edgar,2026-08-06 23:15:34.711786+00:00
META,1326801,0001326801-22-000054,2022-04-27,2022-04-27,8-K,sec_edgar,2026-08-06 23:15:34.711786+00:00
META,1326801,0001326801-22-000057,2022-04-28,2022-03-31,10-Q,sec_edgar,2026-08-06 23:15:34.711786+00:00
META,1326801,0001326801-22-000066,2022-05-27,2022-05-25,8-K,sec_edgar,2026-08-06 23:15:34.711786+00:00
META,1326801,0001326801-22-000070,2022-05-31,2022-05-31,8-K,sec_edgar,2026-08-06 23:15:34.711786+00:00
META,1326801,0001326801-22-000073,2022-06-01,2022-05-28,8-K,sec_edgar,2026-08-06 23:15:34.711786+00:00
META,1326801,0001326801-22-000079,2022-07-27,2022-07-27,8-K,sec_edgar,2026-08-06 23:15:34.711786+00:00
META,1326801,0001326801-22-000085,2022-07-28,2022-07-24,8-K,sec_edgar,2026-08-06 23:15:34.711786+00:00
META,1326801,0001326801-22-000082,2022-07-28,2022-06-30,10-Q,sec_edgar,2026-08-06 23:15:34.711786+00:00
META,1326801,0000950103-22-013666,2022-08-04,2022-08-04,8-K,sec_edgar,2026-08-06 23:15:34.711786+00:00
META,1326801,0000950103-22-013830,2022-08-09,2022-08-09,8-K,sec_edgar,2026-08-06 23:15:34.711786+00:00
META,1326801,0001326801-22-000094,2022-09-30,2022-09-26,8-K,sec_edgar,2026-08-06 23:15:34.711786+00:00
META,1326801,0001326801-22-000105,2022-10-26,2022-10-26,8-K,sec_edgar,2026-08-06 23:15:34.711786+00:00
META,1326801,0001326801-22-000108,2022-10-27,2022-09-30,10-Q,sec_edgar,2026-08-06 23:15:34.711786+00:00
META,1326801,0001326801-22-000116,2022-11-09,2022-11-09,8-K,sec_edgar,2026-08-06 23:15:34.711786+00:00
META,1326801,0001326801-23-000008,2023-02-01,2023-02-01,8-K,sec_edgar,2026-08-06 23:15:34.711786+00:00
META,1326801,0001326801-23-000015,2023-02-02,2023-01-27,8-K,sec_edgar,2026-08-06 23:15:34.711786+00:00
META,1326801,0001326801-23-000013,2023-02-02,2022-12-31,10-K,sec_edgar,2026-08-06 23:15:34.711786+00:00
META,1326801,0001326801-23-000019,2023-02-13,2023-02-08,8-K,sec_edgar,2026-08-06 23:15:34.711786+00:00
META,1326801,0001326801-23-000023,2023-02-15,2023-02-09,8-K,sec_edgar,2026-08-06 23:15:34.711786+00:00
META,1326801,0001326801-23-000035,2023-03-14,2023-03-14,8-K,sec_edgar,2026-08-06 23:15:34.711786+00:00
META,1326801,0001326801-23-000038,2023-04-10,2023-04-07,8-K,sec_edgar,2026-08-06 23:15:34.711786+00:00
META,1326801,0001326801-23-000063,2023-04-26,2023-04-26,8-K,sec_edgar,2026-08-06 23:15:34.711786+00:00
META,1326801,0001326801-23-000067,2023-04-27,2023-03-31,10-Q,sec_edgar,2026-08-06 23:15:34.711786+00:00
META,1326801,0001193125-23-134410,2023-05-03,2023-05-01,8-K,sec_edgar,2026-08-06 23:15:34.711786+00:00
META,1326801,0001326801-23-000083,2023-06-02,2023-05-31,8-K,sec_edgar,2026-08-06 23:15:34.711786+00:00
META,1326801,0001326801-23-000089,2023-07-26,2023-07-26,8-K,sec_edgar,2026-08-06 23:15:34.711786+00:00
META,1326801,0001326801-23-000093,2023-07-27,2023-06-30,10-Q,sec_edgar,2026-08-06 23:15:34.711786+00:00
META,1326801,0001326801-23-000100,2023-10-25,2023-10-25,8-K,sec_edgar,2026-08-06 23:15:34.711786+00:00
META,1326801,0001326801-23-000103,2023-10-26,2023-09-30,10-Q,sec_edgar,2026-08-06 23:15:34.711786+00:00
META,1326801,0001326801-24-000003,2024-01-18,2024-01-16,8-K,sec_edgar,2026-08-06 23:15:34.711786+00:00
META,1326801,0001326801-24-000010,2024-02-01,2024-02-01,8-K,sec_edgar,2026-08-06 23:15:34.711786+00:00
META,1326801,0001326801-24-000012,2024-02-02,2023-12-31,10-K,sec_edgar,2026-08-06 23:15:34.711786+00:00
META,1326801,0001326801-24-000019,2024-02-14,2024-02-13,8-K,sec_edgar,2026-08-06 23:15:34.711786+00:00
META,1326801,0001326801-24-000044,2024-04-24,2024-04-24,8-K,sec_edgar,2026-08-06 23:15:34.711786+00:00
META,1326801,0001326801-24-000049,2024-04-25,2024-03-31,10-Q,sec_edgar,2026-08-06 23:15:34.711786+00:00
META,1326801,0001326801-24-000057,2024-05-31,2024-05-29,8-K,sec_edgar,2026-08-06 23:15:34.711786+00:00
META,1326801,0001326801-24-000065,2024-07-31,2024-07-31,8-K,sec_edgar,2026-08-06 23:15:34.711786+00:00
META,1326801,0001326801-24-000069,2024-08-01,2024-06-30,10-Q,sec_edgar,2026-08-06 23:15:34.711786+00:00
META,1326801,0001193125-24-197873,2024-08-09,2024-08-07,8-K,sec_edgar,2026-08-06 23:15:34.711786+00:00
META,1326801,0001326801-24-000072,2024-09-10,2024-09-05,8-K,sec_edgar,2026-08-06 23:15:34.711786+00:00
META,1326801,0001326801-24-000077,2024-10-30,2024-10-30,8-K,sec_edgar,2026-08-06 23:15:34.711786+00:00
META,1326801,0001326801-24-000081,2024-10-31,2024-09-30,10-Q,sec_edgar,2026-08-06 23:15:34.711786+00:00
META,1326801,0001326801-25-000005,2025-01-06,2024-12-30,8-K,sec_edgar,2026-08-06 23:15:34.711786+00:00
META,1326801,0001326801-25-000014,2025-01-29,2025-01-29,8-K,sec_edgar,2026-08-06 23:15:34.711786+00:00
META,1326801,0001326801-25-000017,2025-01-30,2024-12-31,10-K,sec_edgar,2026-08-06 23:15:34.711786+00:00
META,1326801,0001326801-25-000021,2025-02-20,2025-02-13,8-K,sec_edgar,2026-08-06 23:15:34.711786+00:00
META,1326801,0001326801-25-000027,2025-04-11,2025-04-11,8-K,sec_edgar,2026-08-06 23:15:34.711786+00:00
META,1326801,0001326801-25-000050,2025-04-30,2025-04-30,8-K,sec_edgar,2026-08-06 23:15:34.711786+00:00
META,1326801,0001326801-25-000054,2025-05-01,2025-03-31,10-Q,sec_edgar,2026-08-06 23:15:34.711786+00:00
META,1326801,0001326801-25-000090,2025-05-30,2025-05-28,8-K,sec_edgar,2026-08-06 23:15:34.711786+00:00
META,1326801,0001628280-25-036719,2025-07-30,2025-07-30,8-K,sec_edgar,2026-08-06 23:15:34.711786+00:00
META,1326801,0001628280-25-036791,2025-07-31,2025-06-30,10-Q,sec_edgar,2026-08-06 23:15:34.711786+00:00
META,1326801,0001628280-25-047114,2025-10-29,2025-10-29,8-K,sec_edgar,2026-08-06 23:15:34.711786+00:00
META,1326801,0001628280-25-047240,2025-10-30,2025-09-30,10-Q,sec_edgar,2026-08-06 23:15:34.711786+00:00
META,1326801,0001193125-25-262593,2025-11-03,2025-10-30,8-K,sec_edgar,2026-08-06 23:15:34.711786+00:00
META,1326801,0001628280-25-056768,2025-12-12,2025-12-05,8-K,sec_edgar,2026-08-06 23:15:34.711786+00:00
META,1326801,0001628280-25-058337,2025-12-19,2025-12-19,8-K,sec_edgar,2026-08-06 23:15:34.711786+00:00
META,1326801,0001628280-26-002429,2026-01-16,2026-01-12,8-K,sec_edgar,2026-08-06 23:15:34.711786+00:00
META,1326801,0001628280-26-003832,2026-01-28,2026-01-28,8-K,sec_edgar,2026-08-06 23:15:34.711786+00:00
META,1326801,0001628280-26-003942,2026-01-29,2025-12-31,10-K,sec_edgar,2026-08-06 23:15:34.711786+00:00
META,1326801,0001628280-26-025108,2026-04-14,2026-04-08,8-K,sec_edgar,2026-08-06 23:15:34.711786+00:00
META,1326801,0001628280-26-028364,2026-04-29,2026-04-29,8-K,sec_edgar,2026-08-06 23:15:34.711786+00:00
META,1326801,0001628280-26-028526,2026-04-30,2026-03-31,10-Q,sec_edgar,2026-08-06 23:15:34.711786+00:00
META,1326801,0001193125-26-204128,2026-05-04,2026-04-30,8-K,sec_edgar,2026-08-06 23:15:34.711786+00:00
META,1326801,0001628280-26-039193,2026-05-29,2026-05-27,8-K,sec_edgar,2026-08-06 23:15:34.711786+00:00
META,1326801,0001628280-26-050596,2026-07-29,2026-07-29,8-K,sec_edgar,2026-08-06 23:15:34.711786+00:00
META,1326801,0001628280-26-050705,2026-07-30,2026-06-30,10-Q,sec_edgar,2026-08-06 23:15:34.711786+00:00
MSFT,789019,0000950109-94-000252,1994-02-14,1993-12-31,10-Q,sec_edgar,2026-08-06 23:15:34.711786+00:00
MSFT,789019,0000891020-94-000070,1994-05-03,1994-03-31,10-Q,sec_edgar,2026-08-06 23:15:34.711786+00:00
MSFT,789019,0000891020-94-000114,1994-07-29,1994-07-29,8-K,sec_edgar,2026-08-06 23:15:34.711786+00:00
MSFT,789019,0000891020-94-000175,1994-09-27,1994-06-30,10-K,sec_edgar,2026-08-06 23:15:34.711786+00:00
MSFT,789019,0000891020-94-000198,1994-11-14,1994-09-30,10-Q,sec_edgar,2026-08-06 23:15:34.711786+00:00
MSFT,789019,0000891020-95-000027,1995-02-14,1994-12-31,10-Q,sec_edgar,2026-08-06 23:15:34.711786+00:00
MSFT,789019,0000891020-95-000161,1995-05-12,1995-03-31,10-Q,sec_edgar,2026-08-06 23:15:34.711786+00:00
MSFT,789019,0000891020-95-000433,1995-09-25,1995-06-30,10-K,sec_edgar,2026-08-06 23:15:34.711786+00:00
MSFT,789019,0000891020-95-000534,1995-11-14,1995-09-30,10-Q,sec_edgar,2026-08-06 23:15:34.711786+00:00
MSFT,789019,0000891020-96-000086,1996-02-13,1995-12-31,10-Q,sec_edgar,2026-08-06 23:15:34.711786+00:00
MSFT,789019,0000891020-96-000492,1996-05-15,1996-03-31,10-Q,sec_edgar,2026-08-06 23:15:34.711786+00:00
MSFT,789019,0000891020-96-001130,1996-09-27,1996-06-30,10-K,sec_edgar,2026-08-06 23:15:34.711786+00:00
MSFT,789019,0000891020-96-001463,1996-11-14,1996-09-30,10-Q,sec_edgar,2026-08-06 23:15:34.711786+00:00
MSFT,789019,0000891020-97-000207,1997-02-14,1996-12-31,10-Q,sec_edgar,2026-08-06 23:15:34.711786+00:00
MSFT,789019,0000891020-97-000879,1997-05-15,1997-03-31,10-Q,sec_edgar,2026-08-06 23:15:34.711786+00:00
MSFT,789019,0001017062-97-001764,1997-09-29,1997-06-30,10-K,sec_edgar,2026-08-06 23:15:34.711786+00:00
MSFT,789019,0000898430-97-004575,1997-10-29,1997-09-30,10-Q,sec_edgar,2026-08-06 23:15:34.711786+00:00
MSFT,789019,0001032210-98-000171,1998-02-17,1997-12-31,10-Q,sec_edgar,2026-08-06 23:15:34.711786+00:00
MSFT,789019,0001032210-98-000519,1998-05-15,1998-03-31,10-Q,sec_edgar,2026-08-06 23:15:34.711786+00:00
MSFT,789019,0001032210-98-001067,1998-09-25,1998-06-30,10-K,sec_edgar,2026-08-06 23:15:34.711786+00:00
MSFT,789019,0001032210-98-001218,1998-11-12,1998-09-30,10-Q,sec_edgar,2026-08-06 23:15:34.711786+00:00
MSFT,789019,0001032210-99-000191,1999-02-12,1998-12-31,10-Q,sec_edgar,2026-08-06 23:15:34.711786+00:00
MSFT,789019,0001032210-99-000791,1999-05-14,1999-03-31,10-Q,sec_edgar,2026-08-06 23:15:34.711786+00:00
MSFT,789019,0001032210-99-001062,1999-07-19,1999-07-19,8-K,sec_edgar,2026-08-06 23:15:34.711786+00:00
MSFT,789019,0001032210-99-001375,1999-09-28,1999-06-30,10-K,sec_edgar,2026-08-06 23:15:34.711786+00:00
MSFT,789019,0001032210-99-001526,1999-11-05,1999-09-30,10-Q,sec_edgar,2026-08-06 23:15:34.711786+00:00
MSFT,789019,0001032210-00-000218,2000-02-11,1999-12-31,10-Q,sec_edgar,2026-08-06 23:15:34.711786+00:00
MSFT,789019,0001032210-00-001019,2000-05-12,2000-03-31,10-Q,sec_edgar,2026-08-06 23:15:34.711786+00:00
MSFT,789019,0001032210-00-001222,2000-06-16,2000-06-07,8-K,sec_edgar,2026-08-06 23:15:34.711786+00:00
MSFT,789019,0001032210-00-001961,2000-09-28,2000-06-30,10-K,sec_edgar,2026-08-06 23:15:34.711786+00:00
MSFT,789019,0001032210-00-500038,2000-11-14,2000-09-30,10-Q,sec_edgar,2026-08-06 23:15:34.711786+00:00
MSFT,789019,0001032210-01-000273,2001-02-14,2000-12-31,10-Q,sec_edgar,2026-08-06 23:15:34.711786+00:00
MSFT,789019,0001032210-01-500604,2001-05-15,2001-03-31,10-Q,sec_edgar,2026-08-06 23:15:34.711786+00:00
MSFT,789019,0001032210-01-501099,2001-09-18,2001-06-30,10-K,sec_edgar,2026-08-06 23:15:34.711786+00:00
MSFT,789019,0001032210-01-501233,2001-10-26,2001-09-30,10-Q,sec_edgar,2026-08-06 23:15:34.711786+00:00
MSFT,789019,0001032210-02-000132,2002-02-08,2001-12-31,10-Q,sec_edgar,2026-08-06 23:15:34.711786+00:00
MSFT,789019,0001032210-02-000709,2002-04-30,2002-03-31,10-Q,sec_edgar,2026-08-06 23:15:34.711786+00:00
MSFT,789019,0001032210-02-001353,2002-09-06,2002-09-06,8-K,sec_edgar,2026-08-06 23:15:34.711786+00:00
MSFT,789019,0001032210-02-001352,2002-09-06,2002-09-05,8-K,sec_edgar,2026-08-06 23:15:34.711786+00:00
MSFT,789019,0001032210-02-001351,2002-09-06,2002-06-30,10-K,sec_edgar,2026-08-06 23:15:34.711786+00:00
MSFT,789019,0001032210-02-001615,2002-11-14,2002-11-14,8-K,sec_edgar,2026-08-06 23:15:34.711786+00:00
MSFT,789019,0001032210-02-001614,2002-11-14,2002-09-30,10-Q,sec_edgar,2026-08-06 23:15:34.711786+00:00
MSFT,789019,0001032210-03-000121,2003-01-31,2002-12-31,10-Q,sec_edgar,2026-08-06 23:15:34.711786+00:00
MSFT,789019,0001032210-03-000123,2003-02-03,2003-01-31,8-K,sec_edgar,2026-08-06 23:15:34.711786+00:00
MSFT,789019,0001032210-03-000609,2003-04-15,2003-04-15,8-K,sec_edgar,2026-08-06 23:15:34.711786+00:00
MSFT,789019,0001032210-03-000810,2003-05-12,2003-05-12,8-K,sec_edgar,2026-08-06 23:15:34.711786+00:00
MSFT,789019,0001032210-03-000809,2003-05-12,2003-03-31,10-Q,sec_edgar,2026-08-06 23:15:34.711786+00:00
MSFT,789019,0001193125-03-020704,2003-07-17,2003-07-17,8-K,sec_edgar,2026-08-06 23:15:34.711786+00:00
MSFT,789019,0001193125-03-045788,2003-09-05,2003-09-05,8-K,sec_edgar,2026-08-06 23:15:34.711786+00:00
MSFT,789019,0001193125-03-045632,2003-09-05,2003-06-30,10-K,sec_edgar,2026-08-06 23:15:34.711786+00:00
MSFT,789019,0001193125-03-066282,2003-10-23,2003-10-23,8-K,sec_edgar,2026-08-06 23:15:34.711786+00:00
MSFT,789019,0001193125-03-066832,2003-10-24,2003-10-23,8-K,sec_edgar,2026-08-06 23:15:34.711786+00:00
MSFT,789019,0001193125-03-080369,2003-11-13,2003-11-13,8-K,sec_edgar,2026-08-06 23:15:34.711786+00:00
MSFT,789019,0001193125-03-080353,2003-11-13,2003-09-30,10-Q,sec_edgar,2026-08-06 23:15:34.711786+00:00
MSFT,789019,0001193125-04-007454,2004-01-22,2004-01-22,8-K,sec_edgar,2026-08-06 23:15:34.711786+00:00
MSFT,789019,0001193125-04-016325,2004-02-06,2004-02-06,8-K,sec_edgar,2026-08-06 23:15:34.711786+00:00
MSFT,789019,0001193125-04-016249,2004-02-06,2003-12-31,10-Q,sec_edgar,2026-08-06 23:15:34.711786+00:00
MSFT,789019,0001193125-04-067650,2004-04-23,2004-04-22,8-K,sec_edgar,2026-08-06 23:15:34.711786+00:00
MSFT,789019,0001193125-04-071887,2004-04-28,2004-04-22,8-K,sec_edgar,2026-08-06 23:15:34.711786+00:00
MSFT,789019,0001193125-04-076818,2004-05-03,2004-05-03,8-K,sec_edgar,2026-08-06 23:15:34.711786+00:00
MSFT,789019,0001193125-04-076795,2004-05-03,2004-03-31,10-Q,sec_edgar,2026-08-06 23:15:34.711786+00:00
MSFT,789019,0001193125-04-122829,2004-07-22,2004-07-22,8-K,sec_edgar,2026-08-06 23:15:34.711786+00:00
MSFT,789019,0001193125-04-150689,2004-09-01,2004-06-30,10-K,sec_edgar,2026-08-06 23:15:34.711786+00:00
MSFT,789019,0001193125-04-154038,2004-09-09,2004-09-09,8-K,sec_edgar,2026-08-06 23:15:34.711786+00:00
MSFT,789019,0001193125-04-175515,2004-10-21,2004-10-21,8-K,sec_edgar,2026-08-06 23:15:34.711786+00:00
MSFT,789019,0001193125-04-189631,2004-11-08,2004-11-08,8-K,sec_edgar,2026-08-06 23:15:34.711786+00:00
MSFT,789019,0001193125-04-189841,2004-11-09,2004-09-30,10-Q,sec_edgar,2026-08-06 23:15:34.711786+00:00
MSFT,789019,0001193125-04-193194,2004-11-12,2004-11-09,8-K,sec_edgar,2026-08-06 23:15:34.711786+00:00
MSFT,789019,0001193125-04-197513,2004-11-15,2004-11-09,8-K,sec_edgar,2026-08-06 23:15:34.711786+00:00
MSFT,789019,0001193125-05-004747,2005-01-11,2004-11-09,8-K,sec_edgar,2026-08-06 23:15:34.711786+00:00
MSFT,789019,0001193125-05-013148,2005-01-27,2005-01-27,8-K,sec_edgar,2026-08-06 23:15:34.711786+00:00
MSFT,789019,0001193125-05-013133,2005-01-27,2004-12-31,10-Q,sec_edgar,2026-08-06 23:15:34.711786+00:00
MSFT,789019,0001193125-05-020639,2005-02-07,2005-01-27,8-K,sec_edgar,2026-08-06 23:15:34.711786+00:00
MSFT,789019,0001193125-05-058694,2005-03-23,2005-03-22,8-K,sec_edgar,2026-08-06 23:15:34.711786+00:00
MSFT,789019,0001193125-05-073959,2005-04-11,2005-04-11,8-K,sec_edgar,2026-08-06 23:15:34.711786+00:00
MSFT,789019,0001193125-05-084018,2005-04-25,2005-04-25,8-K,sec_edgar,2026-08-06 23:15:34.711786+00:00
MSFT,789019,0001193125-05-088610,2005-04-28,2005-04-28,8-K,sec_edgar,2026-08-06 23:15:34.711786+00:00
MSFT,789019,0001193125-05-088562,2005-04-28,2005-03-31,10-Q,sec_edgar,2026-08-06 23:15:34.711786+00:00
MSFT,789019,0001193125-05-095930,2005-05-04,2005-04-28,8-K,sec_edgar,2026-08-06 23:15:34.711786+00:00
MSFT,789019,0001193125-05-113172,2005-05-23,2005-05-23,8-K,sec_edgar,2026-08-06 23:15:34.711786+00:00
MSFT,789019,0001193125-05-134850,2005-06-29,2005-06-20,8-K,sec_edgar,2026-08-06 23:15:34.711786+00:00
MSFT,789019,0001193125-05-146318,2005-07-21,2005-07-21,8-K,sec_edgar,2026-08-06 23:15:34.711786+00:00
MSFT,789019,0001193125-05-157825,2005-08-04,2005-07-28,8-K,sec_edgar,2026-08-06 23:15:34.711786+00:00
MSFT,789019,0001193125-05-174825,2005-08-26,2005-06-30,10-K,sec_edgar,2026-08-06 23:15:34.711786+00:00
MSFT,789019,0001193125-05-193215,2005-09-28,2005-08-26,8-K,sec_edgar,2026-08-06 23:15:34.711786+00:00
MSFT,789019,0001193125-05-193211,2005-09-28,2005-09-20,8-K,sec_edgar,2026-08-06 23:15:34.711786+00:00
MSFT,789019,0001193125-05-210036,2005-10-27,2005-10-27,8-K,sec_edgar,2026-08-06 23:15:34.711786+00:00
MSFT,789019,0001193125-05-209978,2005-10-27,2005-09-30,10-Q,sec_edgar,2026-08-06 23:15:34.711786+00:00
MSFT,789019,0001193125-05-223327,2005-11-14,2005-11-07,8-K,sec_edgar,2026-08-06 23:15:34.711786+00:00
MSFT,789019,0001193125-05-230197,2005-11-21,2005-11-15,8-K,sec_edgar,2026-08-06 23:15:34.711786+00:00
MSFT,789019,0001193125-05-233350,2005-11-29,2005-10-27,8-K,sec_edgar,2026-08-06 23:15:34.711786+00:00
MSFT,789019,0001193125-06-009363,2006-01-20,2006-01-16,8-K,sec_edgar,2026-08-06 23:15:34.711786+00:00
MSFT,789019,0001193125-06-012783,2006-01-26,2006-01-26,8-K,sec_edgar,2026-08-06 23:15:34.711786+00:00
MSFT,789019,0001193125-06-012779,2006-01-26,2005-12-31,10-Q,sec_edgar,2026-08-06 23:15:34.711786+00:00
MSFT,789019,0001193125-06-019761,2006-02-03,2006-01-30,8-K,sec_edgar,2026-08-06 23:15:34.711786+00:00
MSFT,789019,0001193125-06-050847,2006-03-10,2006-01-26,8-K,sec_edgar,2026-08-06 23:15:34.711786+00:00
MSFT,789019,0001193125-06-079650,2006-04-13,2006-04-13,8-K,sec_edgar,2026-08-06 23:15:34.711786+00:00
MSFT,789019,0001193125-06-091040,2006-04-27,2006-04-27,8-K,sec_edgar,2026-08-06 23:15:34.711786+00:00
MSFT,789019,0001193125-06-091033,2006-04-27,2006-03-31,10-Q,sec_edgar,2026-08-06 23:15:34.711786+00:00
MSFT,789019,0001193125-06-128216,2006-06-12,2006-04-27,8-K,sec_edgar,2026-08-06 23:15:34.711786+00:00
MSFT,789019,0001193125-06-131072,2006-06-16,2006-06-15,8-K,sec_edgar,2026-08-06 23:15:34.711786+00:00
MSFT,789019,0001193125-06-147789,2006-07-17,2006-07-17,8-K,sec_edgar,2026-08-06 23:15:34.711786+00:00
MSFT,789019,0001193125-06-150261,2006-07-20,2006-06-21,8-K,sec_edgar,2026-08-06 23:15:34.711786+00:00
MSFT,789019,0001193125-06-180011,2006-08-25,2006-08-22,8-K,sec_edgar,2026-08-06 23:15:34.711786+00:00
MSFT,789019,0001193125-06-180008,2006-08-25,2006-06-30,10-K,sec_edgar,2026-08-06 23:15:34.711786+00:00
MSFT,789019,0001193125-06-205609,2006-10-10,2006-08-25,8-K,sec_edgar,2026-08-06 23:15:34.711786+00:00
MSFT,789019,0001193125-06-213894,2006-10-24,2006-10-24,8-K,sec_edgar,2026-08-06 23:15:34.711786+00:00
MSFT,789019,0001193125-06-215924,2006-10-26,2006-10-26,8-K,sec_edgar,2026-08-06 23:15:34.711786+00:00
MSFT,789019,0001193125-06-215912,2006-10-26,2006-09-30,10-Q,sec_edgar,2026-08-06 23:15:34.711786+00:00
MSFT,789019,0001193125-06-235137,2006-11-14,2006-10-26,8-K,sec_edgar,2026-08-06 23:15:34.711786+00:00
MSFT,789019,0001193125-07-013039,2007-01-25,2007-01-25,8-K,sec_edgar,2026-08-06 23:15:34.711786+00:00
MSFT,789019,0001193125-07-013034,2007-01-25,2006-12-31,10-Q,sec_edgar,2026-08-06 23:15:34.711786+00:00
MSFT,789019,0001193125-07-039978,2007-02-27,2007-01-25,8-K,sec_edgar,2026-08-06 23:15:34.711786+00:00
MSFT,789019,0001193125-07-064353,2007-03-26,2007-03-26,8-K,sec_edgar,2026-08-06 23:15:34.711786+00:00
MSFT,789019,0001193125-07-091818,2007-04-26,2007-04-26,8-K,sec_edgar,2026-08-06 23:15:34.711786+00:00
MSFT,789019,0001193125-07-091808,2007-04-26,2007-03-31,10-Q,sec_edgar,2026-08-06 23:15:34.711786+00:00
MSFT,789019,0001193125-07-116258,2007-05-16,2007-04-26,8-K,sec_edgar,2026-08-06 23:15:34.711786+00:00
MSFT,789019,0001193125-07-122687,2007-05-24,2007-05-18,8-K,sec_edgar,2026-08-06 23:15:34.711786+00:00
MSFT,789019,0001193125-07-150125,2007-07-05,2007-07-05,8-K,sec_edgar,2026-08-06 23:15:34.711786+00:00
MSFT,789019,0001193125-07-158174,2007-07-19,2007-07-19,8-K,sec_edgar,2026-08-06 23:15:34.711786+00:00
MSFT,789019,0001193125-07-170817,2007-08-03,2007-06-30,10-K,sec_edgar,2026-08-06 23:15:34.711786+00:00
MSFT,789019,0001193125-07-180380,2007-08-13,2007-08-10,8-K,sec_edgar,2026-08-06 23:15:34.711786+00:00
MSFT,789019,0001193125-07-221457,2007-10-19,2007-08-03,8-K,sec_edgar,2026-08-06 23:15:34.711786+00:00
MSFT,789019,0001193125-07-225860,2007-10-25,2007-10-25,8-K,sec_edgar,2026-08-06 23:15:34.711786+00:00
MSFT,789019,0001193125-07-225854,2007-10-25,2007-09-30,10-Q,sec_edgar,2026-08-06 23:15:34.711786+00:00
MSFT,789019,0001193125-07-253878,2007-11-27,2007-10-25,8-K,sec_edgar,2026-08-06 23:15:34.711786+00:00
MSFT,789019,0001193125-07-259490,2007-12-05,2007-10-25,8-K,sec_edgar,2026-08-06 23:15:34.711786+00:00
MSFT,789019,0001193125-08-005141,2008-01-11,2008-01-10,8-K,sec_edgar,2026-08-06 23:15:34.711786+00:00
MSFT,789019,0001193125-08-011480,2008-01-24,2008-01-24,8-K,sec_edgar,2026-08-06 23:15:34.711786+00:00
MSFT,789019,0001193125-08-011476,2008-01-24,2007-12-31,10-Q,sec_edgar,2026-08-06 23:15:34.711786+00:00
MSFT,789019,0000950123-08-001037,2008-02-01,2008-02-01,8-K,sec_edgar,2026-08-06 23:15:34.711786+00:00
MSFT,789019,0000950123-08-001444,2008-02-12,2008-02-11,8-K,sec_edgar,2026-08-06 23:15:34.711786+00:00
MSFT,789019,0001193125-08-031558,2008-02-14,2008-01-24,8-K,sec_edgar,2026-08-06 23:15:34.711786+00:00
MSFT,789019,0001193125-08-076257,2008-04-07,2008-04-05,8-K,sec_edgar,2026-08-06 23:15:34.711786+00:00
MSFT,789019,0001193125-08-089475,2008-04-24,2008-04-24,8-K,sec_edgar,2026-08-06 23:15:34.711786+00:00
MSFT,789019,0001193125-08-089362,2008-04-24,2008-03-31,10-Q,sec_edgar,2026-08-06 23:15:34.711786+00:00
MSFT,789019,0001193125-08-089345,2008-04-24,2008-04-24,8-K,sec_edgar,2026-08-06 23:15:34.711786+00:00
MSFT,789019,0001193125-08-101910,2008-05-05,2008-05-03,8-K,sec_edgar,2026-08-06 23:15:34.711786+00:00
MSFT,789019,0001193125-08-118094,2008-05-19,2008-05-18,8-K,sec_edgar,2026-08-06 23:15:34.711786+00:00
MSFT,789019,0001193125-08-135263,2008-06-17,2008-06-17,8-K,sec_edgar,2026-08-06 23:15:34.711786+00:00
MSFT,789019,0001193125-08-152822,2008-07-17,2008-07-17,8-K,sec_edgar,2026-08-06 23:15:34.711786+00:00
MSFT,789019,0001193125-08-157953,2008-07-25,2008-07-23,8-K,sec_edgar,2026-08-06 23:15:34.711786+00:00
MSFT,789019,0001193125-08-162768,2008-07-31,2008-06-30,10-K,sec_edgar,2026-08-06 23:15:34.711786+00:00
MSFT,789019,0001193125-08-162828,2008-08-01,2008-07-31,8-K,sec_edgar,2026-08-06 23:15:34.711786+00:00
MSFT,789019,0001193125-08-199030,2008-09-22,2008-09-22,8-K,sec_edgar,2026-08-06 23:15:34.711786+00:00
MSFT,789019,0001193125-08-201369,2008-09-25,2008-09-25,8-K,sec_edgar,2026-08-06 23:15:34.711786+00:00
MSFT,789019,0001193125-08-215214,2008-10-23,2008-10-23,8-K,sec_edgar,2026-08-06 23:15:34.711786+00:00
MSFT,789019,0001193125-08-215209,2008-10-23,2008-10-23,8-K,sec_edgar,2026-08-06 23:15:34.711786+00:00
MSFT,789019,0001193125-08-215207,2008-10-23,2008-09-30,10-Q,sec_edgar,2026-08-06 23:15:34.711786+00:00
MSFT,789019,0001193125-08-239752,2008-11-20,2008-11-20,8-K,sec_edgar,2026-08-06 23:15:34.711786+00:00
MSFT,789019,0001193125-09-009388,2009-01-22,2009-01-22,8-K,sec_edgar,2026-08-06 23:15:34.711786+00:00
MSFT,789019,0001193125-09-009386,2009-01-22,2008-12-31,10-Q,sec_edgar,2026-08-06 23:15:34.711786+00:00
MSFT,789019,0001193125-09-048817,2009-03-10,2009-03-09,8-K,sec_edgar,2026-08-06 23:15:34.711786+00:00
MSFT,789019,0001193125-09-054006,2009-03-13,2009-01-22,8-K,sec_edgar,2026-08-06 23:15:34.711786+00:00
MSFT,789019,0001193125-09-085785,2009-04-23,2009-04-23,8-K,sec_edgar,2026-08-06 23:15:34.711786+00:00
MSFT,789019,0001193125-09-085779,2009-04-23,2009-03-31,10-Q,sec_edgar,2026-08-06 23:15:34.711786+00:00
MSFT,789019,0001193125-09-113054,2009-05-15,2009-05-11,8-K,sec_edgar,2026-08-06 23:15:34.711786+00:00
MSFT,789019,0001193125-09-154028,2009-07-23,2009-07-23,8-K,sec_edgar,2026-08-06 23:15:34.711786+00:00
MSFT,789019,0001193125-09-158735,2009-07-30,2009-06-30,10-K,sec_edgar,2026-08-06 23:15:34.711786+00:00
MSFT,789019,0001193125-09-190661,2009-09-11,2009-09-11,8-K,sec_edgar,2026-08-06 23:15:34.711786+00:00
MSFT,789019,0001193125-09-212454,2009-10-23,2009-09-30,10-Q,sec_edgar,2026-08-06 23:15:34.711786+00:00
MSFT,789019,0001193125-09-212453,2009-10-23,2009-10-23,8-K,sec_edgar,2026-08-06 23:15:34.711786+00:00
MSFT,789019,0001193125-09-241522,2009-11-24,2009-11-19,8-K,sec_edgar,2026-08-06 23:15:34.711786+00:00
MSFT,789019,0001193125-09-247599,2009-12-04,2009-12-01,8-K,sec_edgar,2026-08-06 23:15:34.711786+00:00
MSFT,789019,0001193125-10-015598,2010-01-28,2009-12-31,10-Q,sec_edgar,2026-08-06 23:15:34.711786+00:00
MSFT,789019,0001193125-10-015589,2010-01-28,2010-01-28,8-K,sec_edgar,2026-08-06 23:15:34.711786+00:00
MSFT,789019,0001193125-10-090116,2010-04-22,2010-03-31,10-Q,sec_edgar,2026-08-06 23:15:34.711786+00:00
MSFT,789019,0001193125-10-090109,2010-04-22,2010-04-22,8-K,sec_edgar,2026-08-06 23:15:34.711786+00:00
MSFT,789019,0001193125-10-128133,2010-05-25,2010-05-25,8-K,sec_edgar,2026-08-06 23:15:34.711786+00:00
MSFT,789019,0001193125-10-135038,2010-06-08,2010-06-08,8-K,sec_edgar,2026-08-06 23:15:34.711786+00:00
MSFT,789019,0001193125-10-136086,2010-06-09,2010-06-08,8-K,sec_edgar,2026-08-06 23:15:34.711786+00:00
MSFT,789019,0001193125-10-142376,2010-06-18,2010-06-14,8-K,sec_edgar,2026-08-06 23:15:34.711786+00:00
MSFT,789019,0001193125-10-163839,2010-07-22,2010-07-22,8-K,sec_edgar,2026-08-06 23:15:34.711786+00:00
MSFT,789019,0001193125-10-171791,2010-07-30,2010-06-30,10-K,sec_edgar,2026-08-06 23:15:34.711786+00:00
MSFT,789019,0001193125-10-209027,2010-09-13,2010-09-09,8-K,sec_edgar,2026-08-06 23:15:34.711786+00:00
MSFT,789019,0001193125-10-216531,2010-09-27,2010-09-22,8-K,sec_edgar,2026-08-06 23:15:34.711786+00:00
MSFT,789019,0001193125-10-239825,2010-10-28,2010-09-30,10-Q,sec_edgar,2026-08-06 23:15:34.711786+00:00
MSFT,789019,0001193125-10-239800,2010-10-28,2010-10-28,8-K,sec_edgar,2026-08-06 23:15:34.711786+00:00
MSFT,789019,0001193125-10-265243,2010-11-19,2010-11-16,8-K,sec_edgar,2026-08-06 23:15:34.711786+00:00
MSFT,789019,0001193125-11-015947,2011-01-27,2010-12-31,10-Q,sec_edgar,2026-08-06 23:15:34.711786+00:00
MSFT,789019,0001193125-11-015944,2011-01-27,2011-01-27,8-K,sec_edgar,2026-08-06 23:15:34.711786+00:00
MSFT,789019,0001193125-11-026916,2011-02-08,2011-02-03,8-K,sec_edgar,2026-08-06 23:15:34.711786+00:00
MSFT,789019,0001193125-11-115186,2011-04-28,2011-03-31,10-Q,sec_edgar,2026-08-06 23:15:34.711786+00:00
MSFT,789019,0001193125-11-115162,2011-04-28,2011-04-28,8-K,sec_edgar,2026-08-06 23:15:34.711786+00:00
MSFT,789019,0001193125-11-134416,2011-05-10,2011-05-10,8-K,sec_edgar,2026-08-06 23:15:34.711786+00:00
MSFT,789019,0001193125-11-193631,2011-07-21,2011-07-21,8-K,sec_edgar,2026-08-06 23:15:34.711786+00:00
MSFT,789019,0001193125-11-200680,2011-07-28,2011-06-30,10-K,sec_edgar,2026-08-06 23:15:34.711786+00:00
MSFT,789019,0001193125-11-276022,2011-10-20,2011-09-30,10-Q,sec_edgar,2026-08-06 23:15:34.711786+00:00
MSFT,789019,0001193125-11-276018,2011-10-20,2011-10-20,8-K,sec_edgar,2026-08-06 23:15:34.711786+00:00
MSFT,789019,0001193125-11-315709,2011-11-17,2011-11-15,8-K,sec_edgar,2026-08-06 23:15:34.711786+00:00
MSFT,789019,0001193125-12-017029,2012-01-19,2011-12-31,10-Q,sec_edgar,2026-08-06 23:15:34.711786+00:00
MSFT,789019,0001193125-12-017015,2012-01-19,2012-01-19,8-K,sec_edgar,2026-08-06 23:15:34.711786+00:00
MSFT,789019,0001193125-12-070173,2012-02-21,2012-02-17,8-K,sec_edgar,2026-08-06 23:15:34.711786+00:00
MSFT,789019,0001193125-12-170665,2012-04-19,2012-03-31,10-Q,sec_edgar,2026-08-06 23:15:34.711786+00:00
MSFT,789019,0001193125-12-170657,2012-04-19,2012-04-19,8-K,sec_edgar,2026-08-06 23:15:34.711786+00:00
MSFT,789019,0001193125-12-208858,2012-05-03,2012-05-03,8-K,sec_edgar,2026-08-06 23:15:34.711786+00:00
MSFT,789019,0001193125-12-273856,2012-06-18,2012-06-14,8-K,sec_edgar,2026-08-06 23:15:34.711786+00:00
MSFT,789019,0001193125-12-292236,2012-07-02,2012-06-28,8-K,sec_edgar,2026-08-06 23:15:34.711786+00:00
MSFT,789019,0001193125-12-307447,2012-07-19,2012-07-19,8-K,sec_edgar,2026-08-06 23:15:34.711786+00:00
MSFT,789019,0001193125-12-316848,2012-07-26,2012-06-30,10-K,sec_edgar,2026-08-06 23:15:34.711786+00:00
MSFT,789019,0001193125-12-395523,2012-09-18,2012-09-18,8-K,sec_edgar,2026-08-06 23:15:34.711786+00:00
MSFT,789019,0001193125-12-418686,2012-10-09,2012-10-09,8-K,sec_edgar,2026-08-06 23:15:34.711786+00:00
MSFT,789019,0001193125-12-427209,2012-10-18,2012-09-30,10-Q,sec_edgar,2026-08-06 23:15:34.711786+00:00
MSFT,789019,0001193125-12-427207,2012-10-18,2012-10-18,8-K,sec_edgar,2026-08-06 23:15:34.711786+00:00
MSFT,789019,0001193125-12-448011,2012-11-02,2012-11-02,8-K,sec_edgar,2026-08-06 23:15:34.711786+00:00
MSFT,789019,0001193125-12-456267,2012-11-07,2012-11-02,8-K,sec_edgar,2026-08-06 23:15:34.711786+00:00
MSFT,789019,0001193125-12-474208,2012-11-16,2012-11-12,8-K,sec_edgar,2026-08-06 23:15:34.711786+00:00
MSFT,789019,0001193125-12-485805,2012-11-29,2012-11-28,8-K,sec_edgar,2026-08-06 23:15:34.711786+00:00
MSFT,789019,0001193125-13-022207,2013-01-24,2012-12-31,10-Q,sec_edgar,2026-08-06 23:15:34.711786+00:00
MSFT,789019,0001193125-13-022190,2013-01-24,2013-01-24,8-K,sec_edgar,2026-08-06 23:15:34.711786+00:00
MSFT,789019,0001193125-13-160968,2013-04-18,2013-04-12,8-K,sec_edgar,2026-08-06 23:15:34.711786+00:00
MSFT,789019,0001193125-13-160748,2013-04-18,2013-03-31,10-Q,sec_edgar,2026-08-06 23:15:34.711786+00:00
MSFT,789019,0001193125-13-160734,2013-04-18,2013-04-18,8-K,sec_edgar,2026-08-06 23:15:34.711786+00:00
MSFT,789019,0001193125-13-192843,2013-05-01,2013-04-25,8-K,sec_edgar,2026-08-06 23:15:34.711786+00:00
MSFT,789019,0001193125-13-216952,2013-05-13,2013-05-08,8-K,sec_edgar,2026-08-06 23:15:34.711786+00:00
MSFT,789019,0001193125-13-282853,2013-07-03,2013-06-25,8-K,sec_edgar,2026-08-06 23:15:34.711786+00:00
MSFT,789019,0001193125-13-288230,2013-07-11,2013-07-10,8-K,sec_edgar,2026-08-06 23:15:34.711786+00:00
MSFT,789019,0001193125-13-294305,2013-07-18,2013-07-18,8-K,sec_edgar,2026-08-06 23:15:34.711786+00:00
MSFT,789019,0001193125-13-310206,2013-07-30,2013-06-30,10-K,sec_edgar,2026-08-06 23:15:34.711786+00:00
MSFT,789019,0001193125-13-345446,2013-08-23,2013-08-23,8-K,sec_edgar,2026-08-06 23:15:34.711786+00:00
MSFT,789019,0001193125-13-354149,2013-08-30,2013-08-28,8-K,sec_edgar,2026-08-06 23:15:34.711786+00:00
MSFT,789019,0001193125-13-354733,2013-09-03,2013-09-02,8-K,sec_edgar,2026-08-06 23:15:34.711786+00:00
MSFT,789019,0001193125-13-372141,2013-09-20,2013-09-19,8-K,sec_edgar,2026-08-06 23:15:34.711786+00:00
MSFT,789019,0001193125-13-374821,2013-09-23,2013-09-19,8-K,sec_edgar,2026-08-06 23:15:34.711786+00:00
MSFT,789019,0001193125-13-380142,2013-09-26,2013-09-21,8-K,sec_edgar,2026-08-06 23:15:34.711786+00:00
MSFT,789019,0001193125-13-379566,2013-09-26,2013-09-26,8-K,sec_edgar,2026-08-06 23:15:34.711786+00:00
MSFT,789019,0001193125-13-409855,2013-10-24,2013-09-30,10-Q,sec_edgar,2026-08-06 23:15:34.711786+00:00
MSFT,789019,0001193125-13-409837,2013-10-24,2013-10-24,8-K,sec_edgar,2026-08-06 23:15:34.711786+00:00
MSFT,789019,0001193125-13-448625,2013-11-20,2013-11-19,8-K,sec_edgar,2026-08-06 23:15:34.711786+00:00
MSFT,789019,0001193125-13-455144,2013-11-26,2013-11-26,8-K,sec_edgar,2026-08-06 23:15:34.711786+00:00
MSFT,789019,0001193125-13-464138,2013-12-06,2013-12-03,8-K,sec_edgar,2026-08-06 23:15:34.711786+00:00
MSFT,789019,0001193125-14-018634,2014-01-23,2013-12-31,10-Q,sec_edgar,2026-08-06 23:15:34.711786+00:00
MSFT,789019,0001193125-14-018629,2014-01-23,2014-01-23,8-K,sec_edgar,2026-08-06 23:15:34.711786+00:00
MSFT,789019,0001193125-14-035080,2014-02-04,2014-02-04,8-K,sec_edgar,2026-08-06 23:15:34.711786+00:00
MSFT,789019,0001193125-14-094551,2014-03-12,2014-03-11,8-K,sec_edgar,2026-08-06 23:15:34.711786+00:00
MSFT,789019,0001193125-14-108251,2014-03-20,2014-03-17,8-K,sec_edgar,2026-08-06 23:15:34.711786+00:00
MSFT,789019,0001193125-14-157088,2014-04-24,2014-03-31,10-Q,sec_edgar,2026-08-06 23:15:34.711786+00:00
MSFT,789019,0001193125-14-157077,2014-04-24,2014-04-24,8-K,sec_edgar,2026-08-06 23:15:34.711786+00:00
MSFT,789019,0001193125-14-271285,2014-07-17,2014-07-17,8-K,sec_edgar,2026-08-06 23:15:34.711786+00:00
MSFT,789019,0001193125-14-275529,2014-07-22,2014-07-22,8-K,sec_edgar,2026-08-06 23:15:34.711786+00:00
MSFT,789019,0001193125-14-289961,2014-07-31,2014-06-30,10-K,sec_edgar,2026-08-06 23:15:34.711786+00:00
MSFT,789019,0001193125-14-288136,2014-07-31,2014-07-30,8-K,sec_edgar,2026-08-06 23:15:34.711786+00:00
MSFT,789019,0001193125-14-314623,2014-08-19,2014-08-19,8-K,sec_edgar,2026-08-06 23:15:34.711786+00:00
MSFT,789019,0001193125-14-343628,2014-09-17,2014-09-16,8-K,sec_edgar,2026-08-06 23:15:34.711786+00:00
MSFT,789019,0001193125-14-380252,2014-10-23,2014-09-30,10-Q,sec_edgar,2026-08-06 23:15:34.711786+00:00
MSFT,789019,0001193125-14-380219,2014-10-23,2014-10-23,8-K,sec_edgar,2026-08-06 23:15:34.711786+00:00
MSFT,789019,0001193125-14-433614,2014-12-04,2014-12-03,8-K,sec_edgar,2026-08-06 23:15:34.711786+00:00
MSFT,789019,0001193125-15-020351,2015-01-26,2014-12-31,10-Q,sec_edgar,2026-08-06 23:15:34.711786+00:00
MSFT,789019,0001193125-15-020342,2015-01-26,2015-01-26,8-K,sec_edgar,2026-08-06 23:15:34.711786+00:00
MSFT,789019,0001193125-15-045564,2015-02-12,2015-02-09,8-K,sec_edgar,2026-08-06 23:15:34.711786+00:00
MSFT,789019,0001193125-15-144151,2015-04-23,2015-03-31,10-Q,sec_edgar,2026-08-06 23:15:34.711786+00:00
MSFT,789019,0001193125-15-144132,2015-04-23,2015-04-23,8-K,sec_edgar,2026-08-06 23:15:34.711786+00:00
MSFT,789019,0001193125-15-247530,2015-07-08,2015-07-08,8-K,sec_edgar,2026-08-06 23:15:34.711786+00:00
MSFT,789019,0001193125-15-258359,2015-07-21,2015-07-21,8-K,sec_edgar,2026-08-06 23:15:34.711786+00:00
MSFT,789019,0001193125-15-272806,2015-07-31,2015-06-30,10-K,sec_edgar,2026-08-06 23:15:34.711786+00:00
MSFT,789019,0001193125-15-282470,2015-08-07,2015-08-07,8-K,sec_edgar,2026-08-06 23:15:34.711786+00:00
MSFT,789019,0001193125-15-318450,2015-09-11,2015-09-11,8-K,sec_edgar,2026-08-06 23:15:34.711786+00:00
MSFT,789019,0001193125-15-331408,2015-09-29,2015-09-29,8-K,sec_edgar,2026-08-06 23:15:34.711786+00:00
MSFT,789019,0001193125-15-350718,2015-10-22,2015-09-30,10-Q,sec_edgar,2026-08-06 23:15:34.711786+00:00
MSFT,789019,0001193125-15-350712,2015-10-22,2015-10-22,8-K,sec_edgar,2026-08-06 23:15:34.711786+00:00
MSFT,789019,0001193125-15-353706,2015-10-27,2015-10-26,8-K,sec_edgar,2026-08-06 23:15:34.711786+00:00
MSFT,789019,0001193125-15-363226,2015-11-03,2015-10-29,8-K,sec_edgar,2026-08-06 23:15:34.711786+00:00
MSFT,789019,0001193125-15-394364,2015-12-03,2015-12-02,8-K,sec_edgar,2026-08-06 23:15:34.711786+00:00
MSFT,789019,0001193125-15-395460,2015-12-04,2015-12-04,8-K,sec_edgar,2026-08-06 23:15:34.711786+00:00
MSFT,789019,0001193125-16-441821,2016-01-28,2015-12-31,10-Q,sec_edgar,2026-08-06 23:15:34.711786+00:00
MSFT,789019,0001193125-16-441813,2016-01-28,2016-01-28,8-K,sec_edgar,2026-08-06 23:15:34.711786+00:00
MSFT,789019,0001193125-16-508738,2016-03-17,2016-03-15,8-K,sec_edgar,2026-08-06 23:15:34.711786+00:00
MSFT,789019,0001193125-16-550254,2016-04-21,2016-03-31,10-Q,sec_edgar,2026-08-06 23:15:34.711786+00:00
MSFT,789019,0001193125-16-550250,2016-04-21,2016-04-21,8-K,sec_edgar,2026-08-06 23:15:34.711786+00:00
MSFT,789019,0001193125-16-601931,2016-05-25,2016-05-25,8-K,sec_edgar,2026-08-06 23:15:34.711786+00:00
MSFT,789019,0001193125-16-619689,2016-06-13,2016-06-11,8-K,sec_edgar,2026-08-06 23:15:34.711786+00:00
MSFT,789019,0001193125-16-641678,2016-07-05,2016-07-01,8-K,sec_edgar,2026-08-06 23:15:34.711786+00:00
MSFT,789019,0001193125-16-643151,2016-07-07,2016-06-30,8-K,sec_edgar,2026-08-06 23:15:34.711786+00:00
MSFT,789019,0001193125-16-651176,2016-07-19,2016-07-19,8-K,sec_edgar,2026-08-06 23:15:34.711786+00:00
MSFT,789019,0001193125-16-662209,2016-07-28,2016-06-30,10-K,sec_edgar,2026-08-06 23:15:34.711786+00:00
MSFT,789019,0001193125-16-673577,2016-08-05,2016-08-01,8-K,sec_edgar,2026-08-06 23:15:34.711786+00:00
MSFT,789019,0001193125-16-716834,2016-09-22,2016-09-20,8-K,sec_edgar,2026-08-06 23:15:34.711786+00:00
MSFT,789019,0001193125-16-742796,2016-10-20,2016-09-30,10-Q,sec_edgar,2026-08-06 23:15:34.711786+00:00
MSFT,789019,0001193125-16-742793,2016-10-20,2016-10-20,8-K,sec_edgar,2026-08-06 23:15:34.711786+00:00
MSFT,789019,0001193125-16-782569,2016-12-01,2016-11-30,8-K,sec_edgar,2026-08-06 23:15:34.711786+00:00
MSFT,789019,0001193125-16-788575,2016-12-08,2016-12-08,8-K,sec_edgar,2026-08-06 23:15:34.711786+00:00
MSFT,789019,0001564590-17-000654,2017-01-26,2016-12-31,10-Q,sec_edgar,2026-08-06 23:15:34.711786+00:00
MSFT,789019,0001193125-17-019726,2017-01-26,2017-01-26,8-K,sec_edgar,2026-08-06 23:15:34.711786+00:00
MSFT,789019,0001193125-17-030734,2017-02-03,2017-01-30,8-K,sec_edgar,2026-08-06 23:15:34.711786+00:00
MSFT,789019,0001193125-17-082168,2017-03-14,2017-03-14,8-K,sec_edgar,2026-08-06 23:15:34.711786+00:00
MSFT,789019,0001564590-17-007547,2017-04-27,2017-03-31,10-Q,sec_edgar,2026-08-06 23:15:34.711786+00:00
MSFT,789019,0001193125-17-142963,2017-04-27,2017-04-27,8-K,sec_edgar,2026-08-06 23:15:34.711786+00:00
MSFT,789019,0001193125-17-203579,2017-06-14,2017-06-13,8-K,sec_edgar,2026-08-06 23:15:34.711786+00:00
MSFT,789019,0001193125-17-232047,2017-07-20,2017-07-20,8-K,sec_edgar,2026-08-06 23:15:34.711786+00:00
MSFT,789019,0001564590-17-014900,2017-08-02,2017-06-30,10-K,sec_edgar,2026-08-06 23:15:34.711786+00:00
MSFT,789019,0001193125-17-247395,2017-08-03,2017-08-03,8-K,sec_edgar,2026-08-06 23:15:34.711786+00:00
MSFT,789019,0001193125-17-288464,2017-09-19,2017-09-19,8-K,sec_edgar,2026-08-06 23:15:34.711786+00:00
MSFT,789019,0001564590-17-020171,2017-10-26,2017-09-30,10-Q,sec_edgar,2026-08-06 23:15:34.711786+00:00
MSFT,789019,0001193125-17-321202,2017-10-26,2017-10-26,8-K,sec_edgar,2026-08-06 23:15:34.711786+00:00
MSFT,789019,0001193125-17-357415,2017-11-30,2017-11-29,8-K,sec_edgar,2026-08-06 23:15:34.711786+00:00
MSFT,789019,0001564590-18-001129,2018-01-31,2017-12-31,10-Q,sec_edgar,2026-08-06 23:15:34.711786+00:00
MSFT,789019,0001193125-18-027377,2018-01-31,2018-01-31,8-K,sec_edgar,2026-08-06 23:15:34.711786+00:00
MSFT,789019,0001564590-18-009307,2018-04-26,2018-03-31,10-Q,sec_edgar,2026-08-06 23:15:34.711786+00:00
MSFT,789019,0001193125-18-134732,2018-04-26,2018-04-26,8-K,sec_edgar,2026-08-06 23:15:34.711786+00:00
MSFT,789019,0001193125-18-182975,2018-06-04,2018-06-04,8-K,sec_edgar,2026-08-06 23:15:34.711786+00:00
MSFT,789019,0001193125-18-221458,2018-07-19,2018-07-19,8-K,sec_edgar,2026-08-06 23:15:34.711786+00:00
MSFT,789019,0001564590-18-019062,2018-08-03,2018-06-30,10-K,sec_edgar,2026-08-06 23:15:34.711786+00:00
MSFT,789019,0001193125-18-277602,2018-09-19,2018-09-17,8-K,sec_edgar,2026-08-06 23:15:34.711786+00:00
MSFT,789019,0001564590-18-024893,2018-10-24,2018-09-30,10-Q,sec_edgar,2026-08-06 23:15:34.711786+00:00
MSFT,789019,0001193125-18-306365,2018-10-24,2018-10-24,8-K,sec_edgar,2026-08-06 23:15:34.711786+00:00
MSFT,789019,0001193125-18-337951,2018-11-29,2018-11-28,8-K,sec_edgar,2026-08-06 23:15:34.711786+00:00
MSFT,789019,0001564590-19-001392,2019-01-30,2018-12-31,10-Q,sec_edgar,2026-08-06 23:15:34.711786+00:00
MSFT,789019,0001193125-19-022553,2019-01-30,2019-01-30,8-K,sec_edgar,2026-08-06 23:15:34.711786+00:00
MSFT,789019,0001564590-19-012709,2019-04-24,2019-03-31,10-Q,sec_edgar,2026-08-06 23:15:34.711786+00:00
MSFT,789019,0001193125-19-117108,2019-04-24,2019-04-24,8-K,sec_edgar,2026-08-06 23:15:34.711786+00:00
MSFT,789019,0001193125-19-196501,2019-07-18,2019-07-18,8-K,sec_edgar,2026-08-06 23:15:34.711786+00:00
MSFT,789019,0001564590-19-027952,2019-08-01,2019-06-30,10-K,sec_edgar,2026-08-06 23:15:34.711786+00:00
MSFT,789019,0001193125-19-249565,2019-09-19,2019-09-19,8-K,sec_edgar,2026-08-06 23:15:34.711786+00:00
MSFT,789019,0001564590-19-037549,2019-10-23,2019-09-30,10-Q,sec_edgar,2026-08-06 23:15:34.711786+00:00
MSFT,789019,0001193125-19-272562,2019-10-23,2019-10-23,8-K,sec_edgar,2026-08-06 23:15:34.711786+00:00
MSFT,789019,0001193125-19-307138,2019-12-05,2019-12-04,8-K,sec_edgar,2026-08-06 23:15:34.711786+00:00
MSFT,789019,0001564590-20-002450,2020-01-29,2019-12-31,10-Q,sec_edgar,2026-08-06 23:15:34.711786+00:00
MSFT,789019,0001193125-20-018383,2020-01-29,2020-01-29,8-K,sec_edgar,2026-08-06 23:15:34.711786+00:00
MSFT,789019,0001193125-20-050232,2020-02-26,2020-02-26,8-K,sec_edgar,2026-08-06 23:15:34.711786+00:00
MSFT,789019,0001193125-20-073072,2020-03-13,2020-03-13,8-K,sec_edgar,2026-08-06 23:15:34.711786+00:00
MSFT,789019,0001193125-20-091746,2020-03-31,2020-03-28,8-K,sec_edgar,2026-08-06 23:15:34.711786+00:00
MSFT,789019,0001564590-20-019706,2020-04-29,2020-03-31,10-Q,sec_edgar,2026-08-06 23:15:34.711786+00:00
MSFT,789019,0001193125-20-126089,2020-04-29,2020-04-29,8-K,sec_edgar,2026-08-06 23:15:34.711786+00:00
MSFT,789019,0001193125-20-128779,2020-04-30,2020-04-30,8-K,sec_edgar,2026-08-06 23:15:34.711786+00:00
MSFT,789019,0001193125-20-142890,2020-05-14,2020-05-14,8-K,sec_edgar,2026-08-06 23:15:34.711786+00:00
MSFT,789019,0001193125-20-157234,2020-06-01,2020-05-29,8-K,sec_edgar,2026-08-06 23:15:34.711786+00:00
MSFT,789019,0001193125-20-180036,2020-06-26,2020-06-26,8-K,sec_edgar,2026-08-06 23:15:34.711786+00:00
MSFT,789019,0001193125-20-184744,2020-07-01,2020-07-01,8-K,sec_edgar,2026-08-06 23:15:34.711786+00:00
MSFT,789019,0001193125-20-188481,2020-07-07,2020-07-01,8-K,sec_edgar,2026-08-06 23:15:34.711786+00:00
MSFT,789019,0001193125-20-197109,2020-07-22,2020-07-22,8-K,sec_edgar,2026-08-06 23:15:34.711786+00:00
MSFT,789019,0001564590-20-034944,2020-07-30,2020-06-30,10-K,sec_edgar,2026-08-06 23:15:34.711786+00:00
MSFT,789019,0001193125-20-207517,2020-08-03,2020-08-02,8-K,sec_edgar,2026-08-06 23:15:34.711786+00:00
MSFT,789019,0001193125-20-250163,2020-09-21,2020-09-21,8-K,sec_edgar,2026-08-06 23:15:34.711786+00:00
MSFT,789019,0001564590-20-047996,2020-10-27,2020-09-30,10-Q,sec_edgar,2026-08-06 23:15:34.711786+00:00
MSFT,789019,0001193125-20-278410,2020-10-27,2020-10-27,8-K,sec_edgar,2026-08-06 23:15:34.711786+00:00
MSFT,789019,0001193125-20-310549,2020-12-04,2020-12-02,8-K,sec_edgar,2026-08-06 23:15:34.711786+00:00
MSFT,789019,0001564590-21-002316,2021-01-26,2020-12-31,10-Q,sec_edgar,2026-08-06 23:15:34.711786+00:00
MSFT,789019,0001193125-21-017683,2021-01-26,2021-01-26,8-K,sec_edgar,2026-08-06 23:15:34.711786+00:00
MSFT,789019,0001193125-21-044940,2021-02-16,2021-02-16,8-K,sec_edgar,2026-08-06 23:15:34.711786+00:00
MSFT,789019,0001193125-21-065751,2021-03-02,2021-03-02,8-K,sec_edgar,2026-08-06 23:15:34.711786+00:00
MSFT,789019,0001193125-21-084239,2021-03-17,2021-03-16,8-K,sec_edgar,2026-08-06 23:15:34.711786+00:00
MSFT,789019,0001193125-21-112687,2021-04-12,2021-04-12,8-K,sec_edgar,2026-08-06 23:15:34.711786+00:00
MSFT,789019,0001564590-21-020891,2021-04-27,2021-03-31,10-Q,sec_edgar,2026-08-06 23:15:34.711786+00:00
MSFT,789019,0001193125-21-134213,2021-04-27,2021-04-27,8-K,sec_edgar,2026-08-06 23:15:34.711786+00:00
MSFT,789019,0001193125-21-167940,2021-05-20,2021-05-20,8-K,sec_edgar,2026-08-06 23:15:34.711786+00:00
MSFT,789019,0001193125-21-192783,2021-06-17,2021-06-16,8-K,sec_edgar,2026-08-06 23:15:34.711786+00:00
MSFT,789019,0001193125-21-210827,2021-07-08,2021-07-08,8-K,sec_edgar,2026-08-06 23:15:34.711786+00:00
MSFT,789019,0001193125-21-225746,2021-07-27,2021-07-27,8-K,sec_edgar,2026-08-06 23:15:34.711786+00:00
MSFT,789019,0001564590-21-039151,2021-07-29,2021-06-30,10-K,sec_edgar,2026-08-06 23:15:34.711786+00:00
MSFT,789019,0001564590-21-051992,2021-10-26,2021-09-30,10-Q,sec_edgar,2026-08-06 23:15:34.711786+00:00
MSFT,789019,0001193125-21-307941,2021-10-26,2021-10-26,8-K,sec_edgar,2026-08-06 23:15:34.711786+00:00
MSFT,789019,0001193125-21-343711,2021-11-30,2021-11-30,8-K,sec_edgar,2026-08-06 23:15:34.711786+00:00
MSFT,789019,0001193125-22-010667,2022-01-18,2022-01-18,8-K,sec_edgar,2026-08-06 23:15:34.711786+00:00
MSFT,789019,0001564590-22-002324,2022-01-25,2021-12-31,10-Q,sec_edgar,2026-08-06 23:15:34.711786+00:00
MSFT,789019,0001193125-22-017041,2022-01-25,2022-01-25,8-K,sec_edgar,2026-08-06 23:15:34.711786+00:00
MSFT,789019,0001564590-22-015675,2022-04-26,2022-03-31,10-Q,sec_edgar,2026-08-06 23:15:34.711786+00:00
MSFT,789019,0001193125-22-120207,2022-04-26,2022-04-26,8-K,sec_edgar,2026-08-06 23:15:34.711786+00:00
MSFT,789019,0001193125-22-165839,2022-06-02,2022-06-02,8-K,sec_edgar,2026-08-06 23:15:34.711786+00:00
MSFT,789019,0001193125-22-202034,2022-07-26,2022-07-26,8-K,sec_edgar,2026-08-06 23:15:34.711786+00:00
MSFT,789019,0001564590-22-026876,2022-07-28,2022-06-30,10-K,sec_edgar,2026-08-06 23:15:34.711786+00:00
MSFT,789019,0001564590-22-035087,2022-10-25,2022-09-30,10-Q,sec_edgar,2026-08-06 23:15:34.711786+00:00
MSFT,789019,0001193125-22-268356,2022-10-25,2022-10-25,8-K,sec_edgar,2026-08-06 23:15:34.711786+00:00
MSFT,789019,0001193125-22-306591,2022-12-16,2022-12-13,8-K,sec_edgar,2026-08-06 23:15:34.711786+00:00
MSFT,789019,0001193125-23-009934,2023-01-18,2023-01-18,8-K,sec_edgar,2026-08-06 23:15:34.711786+00:00
MSFT,789019,0001564590-23-000733,2023-01-24,2022-12-31,10-Q,sec_edgar,2026-08-06 23:15:34.711786+00:00
MSFT,789019,0001193125-23-014230,2023-01-24,2023-01-24,8-K,sec_edgar,2026-08-06 23:15:34.711786+00:00
MSFT,789019,0000950170-23-014423,2023-04-25,2023-03-31,10-Q,sec_edgar,2026-08-06 23:15:34.711786+00:00
MSFT,789019,0001193125-23-115280,2023-04-25,2023-04-25,8-K,sec_edgar,2026-08-06 23:15:34.711786+00:00
MSFT,789019,0001193125-23-181341,2023-07-03,2023-07-01,8-K,sec_edgar,2026-08-06 23:15:34.711786+00:00
MSFT,789019,0000950170-23-034400,2023-07-25,2023-07-25,8-K,sec_edgar,2026-08-06 23:15:34.711786+00:00
MSFT,789019,0000950170-23-035122,2023-07-27,2023-06-30,10-K,sec_edgar,2026-08-06 23:15:34.711786+00:00
MSFT,789019,0001193125-23-254151,2023-10-11,2023-10-11,8-K,sec_edgar,2026-08-06 23:15:34.711786+00:00
MSFT,789019,0001193125-23-255762,2023-10-13,2023-10-13,8-K,sec_edgar,2026-08-06 23:15:34.711786+00:00
MSFT,789019,0001104659-23-109428,2023-10-16,2023-10-16,8-K,sec_edgar,2026-08-06 23:15:34.711786+00:00
MSFT,789019,0000950170-23-054855,2023-10-24,2023-09-30,10-Q,sec_edgar,2026-08-06 23:15:34.711786+00:00
MSFT,789019,0000950170-23-054848,2023-10-24,2023-10-24,8-K,sec_edgar,2026-08-06 23:15:34.711786+00:00
MSFT,789019,0001193125-23-265616,2023-10-30,2023-10-27,8-K,sec_edgar,2026-08-06 23:15:34.711786+00:00
MSFT,789019,0001193125-23-271376,2023-11-06,2023-11-06,8-K,sec_edgar,2026-08-06 23:15:34.711786+00:00
MSFT,789019,0001193125-23-291720,2023-12-08,2023-12-07,8-K,sec_edgar,2026-08-06 23:15:34.711786+00:00
MSFT,789019,0001193125-24-011295,2024-01-19,2024-01-17,8-K,sec_edgar,2026-08-06 23:15:34.711786+00:00
MSFT,789019,0000950170-24-008814,2024-01-30,2023-12-31,10-Q,sec_edgar,2026-08-06 23:15:34.711786+00:00
MSFT,789019,0000950170-24-008809,2024-01-30,2024-01-30,8-K,sec_edgar,2026-08-06 23:15:34.711786+00:00
MSFT,789019,0000950170-24-048288,2024-04-25,2024-03-31,10-Q,sec_edgar,2026-08-06 23:15:34.711786+00:00
MSFT,789019,0000950170-24-048268,2024-04-25,2024-04-25,8-K,sec_edgar,2026-08-06 23:15:34.711786+00:00
MSFT,789019,0000950170-24-087843,2024-07-30,2024-06-30,10-K,sec_edgar,2026-08-06 23:15:34.711786+00:00
MSFT,789019,0000950170-24-087835,2024-07-30,2024-07-30,8-K,sec_edgar,2026-08-06 23:15:34.711786+00:00
MSFT,789019,0001193125-24-204403,2024-08-21,2024-08-21,8-K,sec_edgar,2026-08-06 23:15:34.711786+00:00
MSFT,789019,0000950170-24-118967,2024-10-30,2024-09-30,10-Q,sec_edgar,2026-08-06 23:15:34.711786+00:00
MSFT,789019,0000950170-24-118955,2024-10-30,2024-10-30,8-K,sec_edgar,2026-08-06 23:15:34.711786+00:00
MSFT,789019,0000950170-24-132722,2024-12-03,2024-12-03,8-K,sec_edgar,2026-08-06 23:15:34.711786+00:00
MSFT,789019,0001193125-24-275524,2024-12-11,2024-12-10,8-K,sec_edgar,2026-08-06 23:15:34.711786+00:00
MSFT,789019,0001193125-25-010492,2025-01-22,2025-01-22,8-K,sec_edgar,2026-08-06 23:15:34.711786+00:00
MSFT,789019,0000950170-25-010491,2025-01-29,2024-12-31,10-Q,sec_edgar,2026-08-06 23:15:34.711786+00:00
MSFT,789019,0000950170-25-010484,2025-01-29,2025-01-29,8-K,sec_edgar,2026-08-06 23:15:34.711786+00:00
MSFT,789019,0000950170-25-061046,2025-04-30,2025-03-31,10-Q,sec_edgar,2026-08-06 23:15:34.711786+00:00
MSFT,789019,0000950170-25-061032,2025-04-30,2025-04-30,8-K,sec_edgar,2026-08-06 23:15:34.711786+00:00
MSFT,789019,0001193125-25-154103,2025-07-01,2025-07-01,8-K,sec_edgar,2026-08-06 23:15:34.711786+00:00
MSFT,789019,0000950170-25-100235,2025-07-30,2025-06-30,10-K,sec_edgar,2026-08-06 23:15:34.711786+00:00
MSFT,789019,0000950170-25-100226,2025-07-30,2025-07-30,8-K,sec_edgar,2026-08-06 23:15:34.711786+00:00
MSFT,789019,0001193125-25-225125,2025-09-30,2025-09-24,8-K,sec_edgar,2026-08-06 23:15:34.711786+00:00
MSFT,789019,0001193125-25-256321,2025-10-29,2025-09-30,10-Q,sec_edgar,2026-08-06 23:15:34.711786+00:00
MSFT,789019,0001193125-25-256310,2025-10-29,2025-10-28,8-K,sec_edgar,2026-08-06 23:15:34.711786+00:00
MSFT,789019,0001193125-25-311196,2025-12-08,2025-12-05,8-K,sec_edgar,2026-08-06 23:15:34.711786+00:00
MSFT,789019,0001193125-26-027207,2026-01-28,2025-12-31,10-Q,sec_edgar,2026-08-06 23:15:34.711786+00:00
MSFT,789019,0001193125-26-027198,2026-01-28,2026-01-28,8-K,sec_edgar,2026-08-06 23:15:34.711786+00:00
MSFT,789019,0001193125-26-191507,2026-04-29,2026-03-31,10-Q,sec_edgar,2026-08-06 23:15:34.711786+00:00
MSFT,789019,0001193125-26-191457,2026-04-29,2026-04-29,8-K,sec_edgar,2026-08-06 23:15:34.711786+00:00
MSFT,789019,0001193125-26-224155,2026-05-14,2026-05-13,8-K,sec_edgar,2026-08-06 23:15:34.711786+00:00
MSFT,789019,0001193125-26-258667,2026-06-05,2026-06-02,8-K,sec_edgar,2026-08-06 23:15:34.711786+00:00
MSFT,789019,0001193125-26-323660,2026-07-29,2026-06-30,10-K,sec_edgar,2026-08-06 23:15:34.711786+00:00
MSFT,789019,0001193125-26-323632,2026-07-29,2026-07-29,8-K,sec_edgar,2026-08-06 23:15:34.711786+00:00
NVDA,1045810,0001012870-99-001954,1999-06-15,1999-05-02,10-Q,sec_edgar,2026-08-06 23:15:34.711786+00:00
NVDA,1045810,0000898430-99-003541,1999-09-10,1999-08-01,10-Q,sec_edgar,2026-08-06 23:15:34.711786+00:00
NVDA,1045810,0001012870-99-004592,1999-12-10,1999-10-31,10-Q,sec_edgar,2026-08-06 23:15:34.711786+00:00
NVDA,1045810,0001012870-00-003358,2000-06-14,2000-04-30,10-Q,sec_edgar,2026-08-06 23:15:34.711786+00:00
NVDA,1045810,0001012870-00-004766,2000-09-13,2000-07-30,10-Q,sec_edgar,2026-08-06 23:15:34.711786+00:00
NVDA,1045810,0001012870-00-005003,2000-09-28,2000-09-28,8-K,sec_edgar,2026-08-06 23:15:34.711786+00:00
NVDA,1045810,0001012870-00-005147,2000-10-05,2000-10-05,8-K,sec_edgar,2026-08-06 23:15:34.711786+00:00
NVDA,1045810,0001012870-00-006127,2000-12-08,2000-10-29,10-Q,sec_edgar,2026-08-06 23:15:34.711786+00:00
NVDA,1045810,0001012870-01-500581,2001-05-03,2001-04-18,8-K,sec_edgar,2026-08-06 23:15:34.711786+00:00
NVDA,1045810,0001012870-01-501180,2001-06-12,2001-04-29,10-Q,sec_edgar,2026-08-06 23:15:34.711786+00:00
NVDA,1045810,0001012870-01-501827,2001-09-10,2001-07-29,10-Q,sec_edgar,2026-08-06 23:15:34.711786+00:00
NVDA,1045810,0001012870-01-502932,2001-11-23,2001-10-28,10-Q,sec_edgar,2026-08-06 23:15:34.711786+00:00
NVDA,1045810,0000950168-02-001118,2002-04-29,2002-04-23,8-K,sec_edgar,2026-08-06 23:15:34.711786+00:00
NVDA,1045810,0000950168-02-001116,2002-04-29,2002-04-29,8-K,sec_edgar,2026-08-06 23:15:34.711786+00:00
NVDA,1045810,0001012870-02-002054,2002-05-01,2002-04-29,8-K,sec_edgar,2026-08-06 23:15:34.711786+00:00
NVDA,1045810,0001012870-02-002262,2002-05-14,2002-01-27,10-K,sec_edgar,2026-08-06 23:15:34.711786+00:00
NVDA,1045810,0001012870-02-002660,2002-06-10,2002-04-28,10-Q,sec_edgar,2026-08-06 23:15:34.711786+00:00
NVDA,1045810,0001012870-02-003669,2002-08-30,2002-08-30,8-K,sec_edgar,2026-08-06 23:15:34.711786+00:00
NVDA,1045810,0001012870-02-003728,2002-09-10,2002-07-28,10-Q,sec_edgar,2026-08-06 23:15:34.711786+00:00
NVDA,1045810,0001012870-02-004623,2002-12-10,2002-10-27,10-Q,sec_edgar,2026-08-06 23:15:34.711786+00:00
NVDA,1045810,0001045969-03-001196,2003-04-25,2003-01-26,10-K,sec_edgar,2026-08-06 23:15:34.711786+00:00
NVDA,1045810,0000891092-03-001003,2003-05-08,2003-05-08,8-K,sec_edgar,2026-08-06 23:15:34.711786+00:00
NVDA,1045810,0001012870-03-002787,2003-05-22,2003-04-27,10-Q,sec_edgar,2026-08-06 23:15:34.711786+00:00
NVDA,1045810,0000891092-03-001853,2003-07-30,2003-07-28,8-K,sec_edgar,2026-08-06 23:15:34.711786+00:00
NVDA,1045810,0000891092-03-001967,2003-08-05,2003-08-04,8-K,sec_edgar,2026-08-06 23:15:34.711786+00:00
NVDA,1045810,0000891092-03-002009,2003-08-07,2003-08-07,8-K,sec_edgar,2026-08-06 23:15:34.711786+00:00
NVDA,1045810,0000891092-03-002251,2003-08-22,2003-08-19,8-K,sec_edgar,2026-08-06 23:15:34.711786+00:00
NVDA,1045810,0001193125-03-047111,2003-09-09,2003-07-27,10-Q,sec_edgar,2026-08-06 23:15:34.711786+00:00
NVDA,1045810,0000891092-03-002448,2003-09-12,2003-09-11,8-K,sec_edgar,2026-08-06 23:15:34.711786+00:00
NVDA,1045810,0000891092-03-002498,2003-09-17,2003-09-17,8-K,sec_edgar,2026-08-06 23:15:34.711786+00:00
NVDA,1045810,0001045810-03-000007,2003-11-06,2003-11-06,8-K,sec_edgar,2026-08-06 23:15:34.711786+00:00
NVDA,1045810,0001045810-03-000010,2003-11-21,2003-10-26,10-Q,sec_edgar,2026-08-06 23:15:34.711786+00:00
NVDA,1045810,0001045810-04-000005,2004-02-12,2004-02-12,8-K,sec_edgar,2026-08-06 23:15:34.711786+00:00
NVDA,1045810,0001045810-04-000007,2004-03-29,2004-01-25,10-K,sec_edgar,2026-08-06 23:15:34.711786+00:00
NVDA,1045810,0001045810-04-000009,2004-04-26,2004-04-19,8-K,sec_edgar,2026-08-06 23:15:34.711786+00:00
NVDA,1045810,0001045810-04-000011,2004-05-06,2004-05-06,8-K,sec_edgar,2026-08-06 23:15:34.711786+00:00
NVDA,1045810,0001045810-04-000015,2004-05-20,2004-04-25,10-Q,sec_edgar,2026-08-06 23:15:34.711786+00:00
NVDA,1045810,0001045810-04-000020,2004-08-05,2004-08-05,8-K,sec_edgar,2026-08-06 23:15:34.711786+00:00
NVDA,1045810,0001045810-04-000021,2004-08-11,2004-08-09,8-K,sec_edgar,2026-08-06 23:15:34.711786+00:00
NVDA,1045810,0001045810-04-000023,2004-08-19,2004-07-25,10-Q,sec_edgar,2026-08-06 23:15:34.711786+00:00
NVDA,1045810,0001045810-04-000025,2004-08-20,2004-08-19,8-K,sec_edgar,2026-08-06 23:15:34.711786+00:00
NVDA,1045810,0001045810-04-000028,2004-10-27,2004-10-25,8-K,sec_edgar,2026-08-06 23:15:34.711786+00:00
NVDA,1045810,0001045810-04-000030,2004-11-04,2004-11-04,8-K,sec_edgar,2026-08-06 23:15:34.711786+00:00
NVDA,1045810,0001045810-04-000034,2004-11-22,2004-10-24,10-Q,sec_edgar,2026-08-06 23:15:34.711786+00:00
NVDA,1045810,0001045810-05-000002,2005-02-02,2005-01-31,8-K,sec_edgar,2026-08-06 23:15:34.711786+00:00
NVDA,1045810,0001045810-05-000004,2005-02-11,2005-02-07,8-K,sec_edgar,2026-08-06 23:15:34.711786+00:00
NVDA,1045810,0001045810-05-000006,2005-02-17,2005-02-17,8-K,sec_edgar,2026-08-06 23:15:34.711786+00:00
NVDA,1045810,0001045810-05-000008,2005-03-22,2005-01-30,10-K,sec_edgar,2026-08-06 23:15:34.711786+00:00
NVDA,1045810,0001045810-05-000012,2005-05-12,2005-05-12,8-K,sec_edgar,2026-08-06 23:15:34.711786+00:00
NVDA,1045810,0001045810-05-000014,2005-05-16,2005-05-10,8-K,sec_edgar,2026-08-06 23:15:34.711786+00:00
NVDA,1045810,0001045810-05-000016,2005-05-20,2005-05-16,8-K,sec_edgar,2026-08-06 23:15:34.711786+00:00
NVDA,1045810,0001045810-05-000020,2005-06-02,2005-05-01,10-Q,sec_edgar,2026-08-06 23:15:34.711786+00:00
NVDA,1045810,0001045810-05-000022,2005-08-11,2005-08-11,8-K,sec_edgar,2026-08-06 23:15:34.711786+00:00
NVDA,1045810,0001045810-05-000024,2005-08-25,2005-07-31,10-Q,sec_edgar,2026-08-06 23:15:34.711786+00:00
NVDA,1045810,0001045810-05-000026,2005-11-09,2005-11-09,8-K,sec_edgar,2026-08-06 23:15:34.711786+00:00
NVDA,1045810,0001045810-05-000028,2005-11-23,2005-10-30,10-Q,sec_edgar,2026-08-06 23:15:34.711786+00:00
NVDA,1045810,0001045810-05-000030,2005-12-15,2005-12-14,8-K,sec_edgar,2026-08-06 23:15:34.711786+00:00
NVDA,1045810,0001045810-05-000032,2005-12-22,2005-12-19,8-K,sec_edgar,2026-08-06 23:15:34.711786+00:00
NVDA,1045810,0001045810-06-000004,2006-02-16,2006-02-16,8-K,sec_edgar,2026-08-06 23:15:34.711786+00:00
NVDA,1045810,0001045810-06-000007,2006-02-24,2006-02-20,8-K,sec_edgar,2026-08-06 23:15:34.711786+00:00
NVDA,1045810,0001045810-06-000010,2006-03-07,2006-03-02,8-K,sec_edgar,2026-08-06 23:15:34.711786+00:00
NVDA,1045810,0001045810-06-000012,2006-03-13,2006-03-07,8-K,sec_edgar,2026-08-06 23:15:34.711786+00:00
NVDA,1045810,0001045810-06-000014,2006-03-16,2006-01-29,10-K,sec_edgar,2026-08-06 23:15:34.711786+00:00
NVDA,1045810,0001045810-06-000018,2006-04-03,2006-03-28,8-K,sec_edgar,2026-08-06 23:15:34.711786+00:00
NVDA,1045810,0001045810-06-000020,2006-05-11,2006-05-11,8-K,sec_edgar,2026-08-06 23:15:34.711786+00:00
NVDA,1045810,0001045810-06-000023,2006-05-31,2006-04-30,10-Q,sec_edgar,2026-08-06 23:15:34.711786+00:00
NVDA,1045810,0001045810-06-000027,2006-08-10,2006-08-10,8-K,sec_edgar,2026-08-06 23:15:34.711786+00:00
NVDA,1045810,0001193125-06-189092,2006-09-12,2006-09-11,8-K,sec_edgar,2026-08-06 23:15:34.711786+00:00
NVDA,1045810,0001193125-06-223958,2006-11-06,2006-11-01,8-K,sec_edgar,2026-08-06 23:15:34.711786+00:00
NVDA,1045810,0001193125-06-230621,2006-11-09,2006-11-06,8-K,sec_edgar,2026-08-06 23:15:34.711786+00:00
NVDA,1045810,0001193125-06-230536,2006-11-09,2006-11-09,8-K,sec_edgar,2026-08-06 23:15:34.711786+00:00
NVDA,1045810,0001193125-06-243229,2006-11-29,2006-07-30,10-Q,sec_edgar,2026-08-06 23:15:34.711786+00:00
NVDA,1045810,0001045810-06-000030,2006-12-01,2006-11-27,8-K,sec_edgar,2026-08-06 23:15:34.711786+00:00
NVDA,1045810,0001045810-06-000032,2006-12-04,2006-12-01,8-K,sec_edgar,2026-08-06 23:15:34.711786+00:00
NVDA,1045810,0001045810-06-000035,2006-12-07,2006-10-29,10-Q,sec_edgar,2026-08-06 23:15:34.711786+00:00
NVDA,1045810,0001045810-07-000002,2007-01-11,2007-01-05,8-K,sec_edgar,2026-08-06 23:15:34.711786+00:00
NVDA,1045810,0001045810-07-000004,2007-02-13,2007-02-13,8-K,sec_edgar,2026-08-06 23:15:34.711786+00:00
NVDA,1045810,0001045810-07-000008,2007-03-16,2007-01-28,10-K,sec_edgar,2026-08-06 23:15:34.711786+00:00
NVDA,1045810,0001045810-07-000010,2007-04-05,2007-03-30,8-K,sec_edgar,2026-08-06 23:15:34.711786+00:00
NVDA,1045810,0001045810-07-000012,2007-04-30,2007-04-24,8-K,sec_edgar,2026-08-06 23:15:34.711786+00:00
NVDA,1045810,0001045810-07-000014,2007-05-10,2007-05-10,8-K,sec_edgar,2026-08-06 23:15:34.711786+00:00
NVDA,1045810,0001045810-07-000019,2007-05-24,2007-04-29,10-Q,sec_edgar,2026-08-06 23:15:34.711786+00:00
NVDA,1045810,0001045810-07-000025,2007-06-08,2007-06-08,8-K,sec_edgar,2026-08-06 23:15:34.711786+00:00
NVDA,1045810,0001193125-07-137575,2007-06-18,2007-06-18,8-K,sec_edgar,2026-08-06 23:15:34.711786+00:00
NVDA,1045810,0001193125-07-137218,2007-06-18,2007-06-18,8-K,sec_edgar,2026-08-06 23:15:34.711786+00:00
NVDA,1045810,0001193125-07-144216,2007-06-27,2007-06-21,8-K,sec_edgar,2026-08-06 23:15:34.711786+00:00
NVDA,1045810,0001045810-07-000042,2007-08-09,2007-08-05,8-K,sec_edgar,2026-08-06 23:15:34.711786+00:00
NVDA,1045810,0001045810-07-000041,2007-08-09,2007-08-09,8-K,sec_edgar,2026-08-06 23:15:34.711786+00:00
NVDA,1045810,0001045810-07-000045,2007-08-22,2007-08-22,10-Q,sec_edgar,2026-08-06 23:15:34.711786+00:00
NVDA,1045810,0001045810-07-000048,2007-09-21,2007-09-17,8-K,sec_edgar,2026-08-06 23:15:34.711786+00:00
NVDA,1045810,0001193125-07-231042,2007-10-31,2007-10-26,8-K,sec_edgar,2026-08-06 23:15:34.711786+00:00
NVDA,1045810,0001045810-07-000050,2007-11-08,2007-11-08,8-K,sec_edgar,2026-08-06 23:15:34.711786+00:00
NVDA,1045810,0001045810-07-000053,2007-11-21,2007-11-21,10-Q,sec_edgar,2026-08-06 23:15:34.711786+00:00
NVDA,1045810,0001193125-08-021771,2008-02-06,2008-01-31,8-K,sec_edgar,2026-08-06 23:15:34.711786+00:00
NVDA,1045810,0001045810-08-000003,2008-02-13,2008-02-13,8-K,sec_edgar,2026-08-06 23:15:34.711786+00:00
NVDA,1045810,0001045810-08-000011,2008-03-21,2008-03-21,10-K,sec_edgar,2026-08-06 23:15:34.711786+00:00
NVDA,1045810,0001193125-08-066644,2008-03-27,2008-03-21,8-K,sec_edgar,2026-08-06 23:15:34.711786+00:00
NVDA,1045810,0001193125-08-085676,2008-04-21,2008-04-15,8-K,sec_edgar,2026-08-06 23:15:34.711786+00:00
NVDA,1045810,0001045810-08-000014,2008-05-08,2008-05-08,8-K,sec_edgar,2026-08-06 23:15:34.711786+00:00
NVDA,1045810,0001045810-08-000016,2008-05-22,2008-04-27,10-Q,sec_edgar,2026-08-06 23:15:34.711786+00:00
NVDA,1045810,0001193125-08-145974,2008-07-02,2008-07-02,8-K,sec_edgar,2026-08-06 23:15:34.711786+00:00
NVDA,1045810,0001045810-08-000018,2008-08-12,2008-08-12,8-K,sec_edgar,2026-08-06 23:15:34.711786+00:00
NVDA,1045810,0001045810-08-000020,2008-08-21,2008-08-21,10-Q,sec_edgar,2026-08-06 23:15:34.711786+00:00
NVDA,1045810,0001045810-08-000022,2008-09-08,2008-09-03,8-K,sec_edgar,2026-08-06 23:15:34.711786+00:00
NVDA,1045810,0001193125-08-198086,2008-09-18,2008-09-18,8-K,sec_edgar,2026-08-06 23:15:34.711786+00:00
NVDA,1045810,0001193125-08-199382,2008-09-22,2008-09-19,8-K,sec_edgar,2026-08-06 23:15:34.711786+00:00
NVDA,1045810,0001193125-08-200658,2008-09-24,2008-09-09,8-K,sec_edgar,2026-08-06 23:15:34.711786+00:00
NVDA,1045810,0001045810-08-000025,2008-10-16,2008-10-10,8-K,sec_edgar,2026-08-06 23:15:34.711786+00:00
NVDA,1045810,0001045810-08-000027,2008-11-06,2008-11-06,8-K,sec_edgar,2026-08-06 23:15:34.711786+00:00
NVDA,1045810,0001045810-08-000028,2008-11-10,2008-11-10,8-K,sec_edgar,2026-08-06 23:15:34.711786+00:00
NVDA,1045810,0001045810-08-000030,2008-12-02,2008-12-01,10-Q,sec_edgar,2026-08-06 23:15:34.711786+00:00
NVDA,1045810,0001045810-09-000002,2009-01-16,2009-01-15,8-K,sec_edgar,2026-08-06 23:15:34.711786+00:00
NVDA,1045810,0001045810-09-000005,2009-02-10,2009-02-10,8-K,sec_edgar,2026-08-06 23:15:34.711786+00:00
NVDA,1045810,0001045810-09-000007,2009-02-11,2009-02-05,8-K,sec_edgar,2026-08-06 23:15:34.711786+00:00
NVDA,1045810,0001193125-09-033113,2009-02-19,2009-02-12,8-K,sec_edgar,2026-08-06 23:15:34.711786+00:00
NVDA,1045810,0001193125-09-040147,2009-02-27,2009-02-27,8-K,sec_edgar,2026-08-06 23:15:34.711786+00:00
NVDA,1045810,0001045810-09-000013,2009-03-13,2009-01-25,10-K,sec_edgar,2026-08-06 23:15:34.711786+00:00
NVDA,1045810,0001193125-09-075632,2009-04-08,2009-03-17,8-K,sec_edgar,2026-08-06 23:15:34.711786+00:00
NVDA,1045810,0001045810-09-000015,2009-05-07,2009-05-07,8-K,sec_edgar,2026-08-06 23:15:34.711786+00:00
NVDA,1045810,0001045810-09-000017,2009-05-20,2009-04-26,10-Q,sec_edgar,2026-08-06 23:15:34.711786+00:00
NVDA,1045810,0001045810-09-000021,2009-08-06,2009-08-06,8-K,sec_edgar,2026-08-06 23:15:34.711786+00:00
NVDA,1045810,0001045810-09-000024,2009-08-20,2009-07-26,10-Q,sec_edgar,2026-08-06 23:15:34.711786+00:00
NVDA,1045810,0001045810-09-000031,2009-11-05,2009-11-05,8-K,sec_edgar,2026-08-06 23:15:34.711786+00:00
NVDA,1045810,0001045810-09-000036,2009-11-19,2009-10-25,10-Q,sec_edgar,2026-08-06 23:15:34.711786+00:00
NVDA,1045810,0001045810-10-000002,2010-02-17,2010-02-17,8-K,sec_edgar,2026-08-06 23:15:34.711786+00:00
NVDA,1045810,0001045810-10-000006,2010-03-18,2010-01-31,10-K,sec_edgar,2026-08-06 23:15:34.711786+00:00
NVDA,1045810,0001045810-10-000010,2010-05-05,2010-05-05,8-K,sec_edgar,2026-08-06 23:15:34.711786+00:00
NVDA,1045810,0001045810-10-000015,2010-05-13,2010-05-13,8-K,sec_edgar,2026-08-06 23:15:34.711786+00:00
NVDA,1045810,0001045810-10-000018,2010-05-21,2010-05-02,10-Q,sec_edgar,2026-08-06 23:15:34.711786+00:00
NVDA,1045810,0001045810-10-000022,2010-08-12,2010-08-12,8-K,sec_edgar,2026-08-06 23:15:34.711786+00:00
NVDA,1045810,0001045810-10-000024,2010-08-13,2010-08-12,8-K,sec_edgar,2026-08-06 23:15:34.711786+00:00
NVDA,1045810,0001104659-10-045738,2010-08-24,2010-08-18,8-K,sec_edgar,2026-08-06 23:15:34.711786+00:00
NVDA,1045810,0001045810-10-000029,2010-08-30,2010-08-01,10-Q,sec_edgar,2026-08-06 23:15:34.711786+00:00
NVDA,1045810,0001045810-10-000033,2010-09-13,2010-09-07,8-K,sec_edgar,2026-08-06 23:15:34.711786+00:00
NVDA,1045810,0001045810-10-000038,2010-11-12,2010-11-11,8-K,sec_edgar,2026-08-06 23:15:34.711786+00:00
NVDA,1045810,0001045810-10-000045,2010-12-07,2010-10-31,10-Q,sec_edgar,2026-08-06 23:15:34.711786+00:00
NVDA,1045810,0001193125-11-005134,2011-01-10,2011-01-10,8-K,sec_edgar,2026-08-06 23:15:34.711786+00:00
NVDA,1045810,0001045810-11-000006,2011-02-16,2011-02-16,8-K,sec_edgar,2026-08-06 23:15:34.711786+00:00
NVDA,1045810,0001193125-11-067233,2011-03-15,2011-03-09,8-K,sec_edgar,2026-08-06 23:15:34.711786+00:00
NVDA,1045810,0001045810-11-000015,2011-03-16,2011-01-30,10-K,sec_edgar,2026-08-06 23:15:34.711786+00:00
NVDA,1045810,0001045810-11-000018,2011-03-25,2011-03-21,8-K,sec_edgar,2026-08-06 23:15:34.711786+00:00
NVDA,1045810,0001045810-11-000022,2011-05-12,2011-05-12,8-K,sec_edgar,2026-08-06 23:15:34.711786+00:00
NVDA,1045810,0001193125-11-149200,2011-05-24,2011-05-18,8-K,sec_edgar,2026-08-06 23:15:34.711786+00:00
NVDA,1045810,0001045810-11-000031,2011-05-27,2011-05-01,10-Q,sec_edgar,2026-08-06 23:15:34.711786+00:00
NVDA,1045810,0001045810-11-000039,2011-08-11,2011-08-11,8-K,sec_edgar,2026-08-06 23:15:34.711786+00:00
NVDA,1045810,0001045810-11-000046,2011-08-25,2011-07-31,10-Q,sec_edgar,2026-08-06 23:15:34.711786+00:00
NVDA,1045810,0001045810-11-000052,2011-11-10,2011-11-10,8-K,sec_edgar,2026-08-06 23:15:34.711786+00:00
NVDA,1045810,0001045810-11-000056,2011-11-22,2011-10-30,10-Q,sec_edgar,2026-08-06 23:15:34.711786+00:00
NVDA,1045810,0001045810-11-000060,2011-12-14,2011-12-08,8-K,sec_edgar,2026-08-06 23:15:34.711786+00:00
NVDA,1045810,0001045810-12-000004,2012-02-09,2012-02-07,8-K,sec_edgar,2026-08-06 23:15:34.711786+00:00
NVDA,1045810,0001045810-12-000008,2012-02-15,2012-02-15,8-K,sec_edgar,2026-08-06 23:15:34.711786+00:00
NVDA,1045810,0001045810-12-000013,2012-03-13,2012-01-29,10-K,sec_edgar,2026-08-06 23:15:34.711786+00:00
NVDA,1045810,0001045810-12-000015,2012-03-28,2012-03-22,8-K,sec_edgar,2026-08-06 23:15:34.711786+00:00
NVDA,1045810,0001045810-12-000024,2012-05-11,2012-05-11,8-K,sec_edgar,2026-08-06 23:15:34.711786+00:00
NVDA,1045810,0001045810-12-000027,2012-05-23,2012-04-29,10-Q,sec_edgar,2026-08-06 23:15:34.711786+00:00
NVDA,1045810,0001045810-12-000032,2012-08-09,2012-08-09,8-K,sec_edgar,2026-08-06 23:15:34.711786+00:00
NVDA,1045810,0001045810-12-000036,2012-08-22,2012-07-29,10-Q,sec_edgar,2026-08-06 23:15:34.711786+00:00
NVDA,1045810,0001045810-12-000055,2012-11-08,2012-11-08,8-K,sec_edgar,2026-08-06 23:15:34.711786+00:00
NVDA,1045810,0001045810-12-000060,2012-11-19,2012-10-28,10-Q,sec_edgar,2026-08-06 23:15:34.711786+00:00
NVDA,1045810,0001045810-13-000003,2013-02-13,2013-02-13,8-K,sec_edgar,2026-08-06 23:15:34.711786+00:00
NVDA,1045810,0001045810-13-000005,2013-03-05,2013-02-27,8-K,sec_edgar,2026-08-06 23:15:34.711786+00:00
NVDA,1045810,0001045810-13-000008,2013-03-12,2013-01-27,10-K,sec_edgar,2026-08-06 23:15:34.711786+00:00
NVDA,1045810,0001045810-13-000024,2013-04-02,2013-03-27,8-K,sec_edgar,2026-08-06 23:15:34.711786+00:00
NVDA,1045810,0001045810-13-000029,2013-05-09,2013-05-09,8-K,sec_edgar,2026-08-06 23:15:34.711786+00:00
NVDA,1045810,0001045810-13-000031,2013-05-14,2013-05-14,8-K,sec_edgar,2026-08-06 23:15:34.711786+00:00
NVDA,1045810,0001045810-13-000046,2013-05-21,2013-05-15,8-K,sec_edgar,2026-08-06 23:15:34.711786+00:00
NVDA,1045810,0001045810-13-000054,2013-05-22,2013-04-28,10-Q,sec_edgar,2026-08-06 23:15:34.711786+00:00
NVDA,1045810,0001045810-13-000064,2013-07-23,2013-07-17,8-K,sec_edgar,2026-08-06 23:15:34.711786+00:00
NVDA,1045810,0001045810-13-000069,2013-08-08,2013-08-08,8-K,sec_edgar,2026-08-06 23:15:34.711786+00:00
NVDA,1045810,0001045810-13-000075,2013-08-21,2013-07-28,10-Q,sec_edgar,2026-08-06 23:15:34.711786+00:00
NVDA,1045810,0001045810-13-000080,2013-09-16,2013-09-11,8-K,sec_edgar,2026-08-06 23:15:34.711786+00:00
NVDA,1045810,0001045810-13-000104,2013-11-07,2013-11-07,8-K,sec_edgar,2026-08-06 23:15:34.711786+00:00
NVDA,1045810,0001045810-13-000106,2013-11-14,2013-11-11,8-K,sec_edgar,2026-08-06 23:15:34.711786+00:00
NVDA,1045810,0001045810-13-000109,2013-11-19,2013-10-27,10-Q,sec_edgar,2026-08-06 23:15:34.711786+00:00
NVDA,1045810,0001193125-13-459385,2013-12-02,2013-11-25,8-K,sec_edgar,2026-08-06 23:15:34.711786+00:00
NVDA,1045810,0001045810-14-000004,2014-02-12,2014-02-12,8-K,sec_edgar,2026-08-06 23:15:34.711786+00:00
NVDA,1045810,0001045810-14-000006,2014-02-14,2014-02-14,8-K,sec_edgar,2026-08-06 23:15:34.711786+00:00
NVDA,1045810,0001045810-14-000030,2014-03-13,2014-01-26,10-K,sec_edgar,2026-08-06 23:15:34.711786+00:00
NVDA,1045810,0001045810-14-000062,2014-04-15,2014-04-09,8-K,sec_edgar,2026-08-06 23:15:34.711786+00:00
NVDA,1045810,0001045810-14-000071,2014-05-06,2014-05-06,8-K,sec_edgar,2026-08-06 23:15:34.711786+00:00
NVDA,1045810,0001045810-14-000076,2014-05-08,2014-05-08,8-K,sec_edgar,2026-08-06 23:15:34.711786+00:00
NVDA,1045810,0001045810-14-000085,2014-05-21,2014-04-27,10-Q,sec_edgar,2026-08-06 23:15:34.711786+00:00
NVDA,1045810,0001045810-14-000101,2014-05-28,2014-05-23,8-K,sec_edgar,2026-08-06 23:15:34.711786+00:00
NVDA,1045810,0001045810-14-000149,2014-08-07,2014-08-07,8-K,sec_edgar,2026-08-06 23:15:34.711786+00:00
NVDA,1045810,0001045810-14-000158,2014-08-20,2014-07-27,10-Q,sec_edgar,2026-08-06 23:15:34.711786+00:00
NVDA,1045810,0001045810-14-000182,2014-11-06,2014-11-06,8-K,sec_edgar,2026-08-06 23:15:34.711786+00:00
NVDA,1045810,0001045810-14-000188,2014-11-19,2014-10-26,10-Q,sec_edgar,2026-08-06 23:15:34.711786+00:00
NVDA,1045810,0001045810-15-000013,2015-02-11,2015-02-11,8-K,sec_edgar,2026-08-06 23:15:34.711786+00:00
NVDA,1045810,0001045810-15-000033,2015-03-11,2015-03-11,8-K,sec_edgar,2026-08-06 23:15:34.711786+00:00
NVDA,1045810,0001045810-15-000036,2015-03-12,2015-01-25,10-K,sec_edgar,2026-08-06 23:15:34.711786+00:00
NVDA,1045810,0001045810-15-000070,2015-04-10,2015-04-07,8-K,sec_edgar,2026-08-06 23:15:34.711786+00:00
NVDA,1045810,0001045810-15-000087,2015-05-07,2015-05-04,8-K,sec_edgar,2026-08-06 23:15:34.711786+00:00
NVDA,1045810,0001045810-15-000097,2015-05-20,2015-04-26,10-Q,sec_edgar,2026-08-06 23:15:34.711786+00:00
NVDA,1045810,0001045810-15-000117,2015-05-26,2015-05-20,8-K,sec_edgar,2026-08-06 23:15:34.711786+00:00
NVDA,1045810,0001045810-15-000124,2015-06-23,2015-06-19,8-K,sec_edgar,2026-08-06 23:15:34.711786+00:00
NVDA,1045810,0001045810-15-000131,2015-08-06,2015-08-06,8-K,sec_edgar,2026-08-06 23:15:34.711786+00:00
NVDA,1045810,0001045810-15-000143,2015-08-19,2015-07-26,10-Q,sec_edgar,2026-08-06 23:15:34.711786+00:00
NVDA,1045810,0001045810-15-000165,2015-11-05,2015-11-05,8-K,sec_edgar,2026-08-06 23:15:34.711786+00:00
NVDA,1045810,0001045810-15-000173,2015-11-18,2015-10-25,10-Q,sec_edgar,2026-08-06 23:15:34.711786+00:00
NVDA,1045810,0001045810-16-000189,2016-02-17,2016-02-17,8-K,sec_edgar,2026-08-06 23:15:34.711786+00:00
NVDA,1045810,0001045810-16-000200,2016-03-14,2016-03-08,8-K,sec_edgar,2026-08-06 23:15:34.711786+00:00
NVDA,1045810,0001045810-16-000205,2016-03-17,2016-01-31,10-K,sec_edgar,2026-08-06 23:15:34.711786+00:00
NVDA,1045810,0001045810-16-000220,2016-03-23,2016-03-23,8-K,sec_edgar,2026-08-06 23:15:34.711786+00:00
NVDA,1045810,0001045810-16-000235,2016-05-02,2016-04-29,8-K,sec_edgar,2026-08-06 23:15:34.711786+00:00
NVDA,1045810,0001045810-16-000243,2016-05-12,2016-05-12,8-K,sec_edgar,2026-08-06 23:15:34.711786+00:00
NVDA,1045810,0001045810-16-000268,2016-05-23,2016-05-18,8-K,sec_edgar,2026-08-06 23:15:34.711786+00:00
NVDA,1045810,0001045810-16-000275,2016-05-25,2016-05-01,10-Q,sec_edgar,2026-08-06 23:15:34.711786+00:00
NVDA,1045810,0001045810-16-000284,2016-06-21,2016-06-16,8-K,sec_edgar,2026-08-06 23:15:34.711786+00:00
NVDA,1045810,0001045810-16-000292,2016-08-11,2016-08-11,8-K,sec_edgar,2026-08-06 23:15:34.711786+00:00
NVDA,1045810,0001045810-16-000300,2016-08-23,2016-07-31,10-Q,sec_edgar,2026-08-06 23:15:34.711786+00:00
NVDA,1045810,0001193125-16-711700,2016-09-16,2016-09-13,8-K,sec_edgar,2026-08-06 23:15:34.711786+00:00
NVDA,1045810,0001193125-16-737735,2016-10-13,2016-10-07,8-K,sec_edgar,2026-08-06 23:15:34.711786+00:00
NVDA,1045810,0001045810-16-000343,2016-11-10,2016-11-10,8-K,sec_edgar,2026-08-06 23:15:34.711786+00:00
NVDA,1045810,0001045810-16-000353,2016-11-22,2016-10-30,10-Q,sec_edgar,2026-08-06 23:15:34.711786+00:00
NVDA,1045810,0001045810-16-000356,2016-12-01,2016-11-29,8-K,sec_edgar,2026-08-06 23:15:34.711786+00:00
NVDA,1045810,0001045810-16-000358,2016-12-13,2016-12-12,8-K,sec_edgar,2026-08-06 23:15:34.711786+00:00
NVDA,1045810,0001045810-17-000006,2017-01-19,2017-01-18,8-K,sec_edgar,2026-08-06 23:15:34.711786+00:00
NVDA,1045810,0001045810-17-000012,2017-02-02,2017-01-27,8-K,sec_edgar,2026-08-06 23:15:34.711786+00:00
NVDA,1045810,0001045810-17-000016,2017-02-09,2017-02-09,8-K,sec_edgar,2026-08-06 23:15:34.711786+00:00
NVDA,1045810,0001045810-17-000027,2017-03-01,2017-01-29,10-K,sec_edgar,2026-08-06 23:15:34.711786+00:00
NVDA,1045810,0001045810-17-000038,2017-03-13,2017-03-07,8-K,sec_edgar,2026-08-06 23:15:34.711786+00:00
NVDA,1045810,0001045810-17-000068,2017-05-09,2017-05-09,8-K,sec_edgar,2026-08-06 23:15:34.711786+00:00
NVDA,1045810,0001045810-17-000075,2017-05-23,2017-04-30,10-Q,sec_edgar,2026-08-06 23:15:34.711786+00:00
NVDA,1045810,0001045810-17-000097,2017-05-30,2017-05-23,8-K,sec_edgar,2026-08-06 23:15:34.711786+00:00
NVDA,1045810,0001045810-17-000103,2017-06-05,2017-06-02,8-K,sec_edgar,2026-08-06 23:15:34.711786+00:00
NVDA,1045810,0001045810-17-000117,2017-08-10,2017-08-10,8-K,sec_edgar,2026-08-06 23:15:34.711786+00:00
NVDA,1045810,0001045810-17-000123,2017-08-23,2017-07-30,10-Q,sec_edgar,2026-08-06 23:15:34.711786+00:00
NVDA,1045810,0001045810-17-000164,2017-11-09,2017-11-06,8-K,sec_edgar,2026-08-06 23:15:34.711786+00:00
NVDA,1045810,0001045810-17-000172,2017-11-21,2017-10-29,10-Q,sec_edgar,2026-08-06 23:15:34.711786+00:00
NVDA,1045810,0001045810-17-000178,2017-12-15,2017-12-15,8-K,sec_edgar,2026-08-06 23:15:34.711786+00:00
NVDA,1045810,0001045810-18-000004,2018-02-08,2018-02-08,8-K,sec_edgar,2026-08-06 23:15:34.711786+00:00
NVDA,1045810,0001045810-18-000010,2018-02-28,2018-01-28,10-K,sec_edgar,2026-08-06 23:15:34.711786+00:00
NVDA,1045810,0001045810-18-000026,2018-03-13,2018-03-07,8-K,sec_edgar,2026-08-06 23:15:34.711786+00:00
NVDA,1045810,0001045810-18-000052,2018-05-10,2018-05-10,8-K,sec_edgar,2026-08-06 23:15:34.711786+00:00
NVDA,1045810,0001045810-18-000058,2018-05-21,2018-05-16,8-K,sec_edgar,2026-08-06 23:15:34.711786+00:00
NVDA,1045810,0001045810-18-000080,2018-05-22,2018-04-29,10-Q,sec_edgar,2026-08-06 23:15:34.711786+00:00
NVDA,1045810,0001045810-18-000114,2018-08-16,2018-07-29,10-Q,sec_edgar,2026-08-06 23:15:34.711786+00:00
NVDA,1045810,0001045810-18-000113,2018-08-16,2018-08-16,8-K,sec_edgar,2026-08-06 23:15:34.711786+00:00
NVDA,1045810,0001045810-18-000150,2018-11-15,2018-10-28,10-Q,sec_edgar,2026-08-06 23:15:34.711786+00:00
NVDA,1045810,0001045810-18-000148,2018-11-15,2018-11-15,8-K,sec_edgar,2026-08-06 23:15:34.711786+00:00
NVDA,1045810,0001045810-19-000004,2019-01-28,2019-01-28,8-K,sec_edgar,2026-08-06 23:15:34.711786+00:00
NVDA,1045810,0001045810-19-000007,2019-02-14,2019-02-14,8-K,sec_edgar,2026-08-06 23:15:34.711786+00:00
NVDA,1045810,0001045810-19-000023,2019-02-21,2019-01-27,10-K,sec_edgar,2026-08-06 23:15:34.711786+00:00
NVDA,1045810,0001045810-19-000031,2019-03-11,2019-03-10,8-K,sec_edgar,2026-08-06 23:15:34.711786+00:00
NVDA,1045810,0001045810-19-000029,2019-03-11,2019-03-06,8-K,sec_edgar,2026-08-06 23:15:34.711786+00:00
NVDA,1045810,0001045810-19-000060,2019-04-01,2019-03-30,8-K,sec_edgar,2026-08-06 23:15:34.711786+00:00
NVDA,1045810,0001045810-19-000079,2019-05-16,2019-04-28,10-Q,sec_edgar,2026-08-06 23:15:34.711786+00:00
NVDA,1045810,0001045810-19-000077,2019-05-16,2019-05-16,8-K,sec_edgar,2026-08-06 23:15:34.711786+00:00
NVDA,1045810,0001045810-19-000107,2019-05-29,2019-05-22,8-K,sec_edgar,2026-08-06 23:15:34.711786+00:00
NVDA,1045810,0001045810-19-000112,2019-06-17,2019-06-17,8-K,sec_edgar,2026-08-06 23:15:34.711786+00:00
NVDA,1045810,0001045810-19-000144,2019-08-15,2019-07-28,10-Q,sec_edgar,2026-08-06 23:15:34.711786+00:00
NVDA,1045810,0001045810-19-000140,2019-08-15,2019-08-15,8-K,sec_edgar,2026-08-06 23:15:34.711786+00:00
NVDA,1045810,0001045810-19-000170,2019-11-14,2019-10-27,10-Q,sec_edgar,2026-08-06 23:15:34.711786+00:00
NVDA,1045810,0001045810-19-000168,2019-11-14,2019-11-14,8-K,sec_edgar,2026-08-06 23:15:34.711786+00:00
NVDA,1045810,0001045810-20-000007,2020-02-13,2020-02-13,8-K,sec_edgar,2026-08-06 23:15:34.711786+00:00
NVDA,1045810,0001045810-20-000010,2020-02-20,2020-01-26,10-K,sec_edgar,2026-08-06 23:15:34.711786+00:00
NVDA,1045810,0001045810-20-000033,2020-03-10,2020-03-04,8-K,sec_edgar,2026-08-06 23:15:34.711786+00:00
NVDA,1045810,0001193125-20-092939,2020-03-31,2020-03-26,8-K,sec_edgar,2026-08-06 23:15:34.711786+00:00
NVDA,1045810,0001045810-20-000048,2020-04-17,2020-04-16,8-K,sec_edgar,2026-08-06 23:15:34.711786+00:00
NVDA,1045810,0001045810-20-000052,2020-04-27,2020-04-27,8-K,sec_edgar,2026-08-06 23:15:34.711786+00:00
NVDA,1045810,0001045810-20-000065,2020-05-21,2020-04-26,10-Q,sec_edgar,2026-08-06 23:15:34.711786+00:00
NVDA,1045810,0001045810-20-000063,2020-05-21,2020-05-21,8-K,sec_edgar,2026-08-06 23:15:34.711786+00:00
NVDA,1045810,0001045810-20-000103,2020-06-15,2020-06-09,8-K,sec_edgar,2026-08-06 23:15:34.711786+00:00
NVDA,1045810,0001045810-20-000127,2020-07-13,2020-07-13,8-K,sec_edgar,2026-08-06 23:15:34.711786+00:00
NVDA,1045810,0001045810-20-000147,2020-08-19,2020-07-26,10-Q,sec_edgar,2026-08-06 23:15:34.711786+00:00
NVDA,1045810,0001045810-20-000145,2020-08-19,2020-08-19,8-K,sec_edgar,2026-08-06 23:15:34.711786+00:00
NVDA,1045810,0001193125-20-244601,2020-09-14,2020-09-13,8-K,sec_edgar,2026-08-06 23:15:34.711786+00:00
NVDA,1045810,0001045810-20-000181,2020-11-09,2020-11-09,8-K,sec_edgar,2026-08-06 23:15:34.711786+00:00
NVDA,1045810,0001045810-20-000189,2020-11-18,2020-10-25,10-Q,sec_edgar,2026-08-06 23:15:34.711786+00:00
NVDA,1045810,0001045810-20-000187,2020-11-18,2020-11-18,8-K,sec_edgar,2026-08-06 23:15:34.711786+00:00
NVDA,1045810,0001045810-21-000007,2021-02-24,2021-02-24,8-K,sec_edgar,2026-08-06 23:15:34.711786+00:00
NVDA,1045810,0001045810-21-000010,2021-02-26,2021-01-31,10-K,sec_edgar,2026-08-06 23:15:34.711786+00:00
NVDA,1045810,0001045810-21-000034,2021-03-19,2021-03-15,8-K,sec_edgar,2026-08-06 23:15:34.711786+00:00
NVDA,1045810,0001045810-21-000047,2021-04-12,2021-04-12,8-K,sec_edgar,2026-08-06 23:15:34.711786+00:00
NVDA,1045810,0001045810-21-000056,2021-05-21,2021-05-21,8-K,sec_edgar,2026-08-06 23:15:34.711786+00:00
NVDA,1045810,0001045810-21-000064,2021-05-26,2021-05-02,10-Q,sec_edgar,2026-08-06 23:15:34.711786+00:00
NVDA,1045810,0001045810-21-000063,2021-05-26,2021-05-26,8-K,sec_edgar,2026-08-06 23:15:34.711786+00:00
NVDA,1045810,0001045810-21-000075,2021-06-07,2021-06-03,8-K,sec_edgar,2026-08-06 23:15:34.711786+00:00
NVDA,1045810,0001193125-21-192149,2021-06-16,2021-06-14,8-K,sec_edgar,2026-08-06 23:15:34.711786+00:00
NVDA,1045810,0001045810-21-000117,2021-06-28,2021-06-28,8-K,sec_edgar,2026-08-06 23:15:34.711786+00:00
NVDA,1045810,0001045810-21-000128,2021-08-18,2021-08-18,8-K,sec_edgar,2026-08-06 23:15:34.711786+00:00
NVDA,1045810,0001045810-21-000131,2021-08-20,2021-08-01,10-Q,sec_edgar,2026-08-06 23:15:34.711786+00:00
NVDA,1045810,0001045810-21-000160,2021-11-17,2021-11-17,8-K,sec_edgar,2026-08-06 23:15:34.711786+00:00
NVDA,1045810,0001045810-21-000163,2021-11-22,2021-10-31,10-Q,sec_edgar,2026-08-06 23:15:34.711786+00:00
NVDA,1045810,0001045810-22-000005,2022-02-08,2022-02-08,8-K,sec_edgar,2026-08-06 23:15:34.711786+00:00
NVDA,1045810,0001045810-22-000008,2022-02-16,2022-02-16,8-K,sec_edgar,2026-08-06 23:15:34.711786+00:00
NVDA,1045810,0001045810-22-000023,2022-03-09,2022-03-03,8-K,sec_edgar,2026-08-06 23:15:34.711786+00:00
NVDA,1045810,0001045810-22-000036,2022-03-18,2022-01-30,10-K,sec_edgar,2026-08-06 23:15:34.711786+00:00
NVDA,1045810,0001045810-22-000073,2022-05-25,2022-05-25,8-K,sec_edgar,2026-08-06 23:15:34.711786+00:00
NVDA,1045810,0001045810-22-000079,2022-05-27,2022-05-01,10-Q,sec_edgar,2026-08-06 23:15:34.711786+00:00
NVDA,1045810,0001045810-22-000088,2022-06-06,2022-06-02,8-K,sec_edgar,2026-08-06 23:15:34.711786+00:00
NVDA,1045810,0001045810-22-000133,2022-08-08,2022-08-08,8-K,sec_edgar,2026-08-06 23:15:34.711786+00:00
NVDA,1045810,0001045810-22-000136,2022-08-24,2022-08-24,8-K,sec_edgar,2026-08-06 23:15:34.711786+00:00
NVDA,1045810,0001045810-22-000147,2022-08-31,2022-07-31,10-Q,sec_edgar,2026-08-06 23:15:34.711786+00:00
NVDA,1045810,0001045810-22-000146,2022-08-31,2022-08-26,8-K,sec_edgar,2026-08-06 23:15:34.711786+00:00
NVDA,1045810,0001045810-22-000151,2022-09-01,2022-08-31,8-K,sec_edgar,2026-08-06 23:15:34.711786+00:00
NVDA,1045810,0001045810-22-000163,2022-11-16,2022-11-16,8-K,sec_edgar,2026-08-06 23:15:34.711786+00:00
NVDA,1045810,0001045810-22-000166,2022-11-18,2022-10-30,10-Q,sec_edgar,2026-08-06 23:15:34.711786+00:00
NVDA,1045810,0001045810-23-000014,2023-02-22,2023-02-22,8-K,sec_edgar,2026-08-06 23:15:34.711786+00:00
NVDA,1045810,0001045810-23-000017,2023-02-24,2023-01-29,10-K,sec_edgar,2026-08-06 23:15:34.711786+00:00
NVDA,1045810,0001045810-23-000039,2023-03-08,2023-03-02,8-K,sec_edgar,2026-08-06 23:15:34.711786+00:00
NVDA,1045810,0001045810-23-000087,2023-05-24,2023-05-24,8-K,sec_edgar,2026-08-06 23:15:34.711786+00:00
NVDA,1045810,0001045810-23-000093,2023-05-26,2023-04-30,10-Q,sec_edgar,2026-08-06 23:15:34.711786+00:00
NVDA,1045810,0001045810-23-000146,2023-06-27,2023-06-22,8-K,sec_edgar,2026-08-06 23:15:34.711786+00:00
NVDA,1045810,0001045810-23-000164,2023-07-24,2023-07-24,8-K,sec_edgar,2026-08-06 23:15:34.711786+00:00
NVDA,1045810,0001045810-23-000171,2023-08-23,2023-08-23,8-K,sec_edgar,2026-08-06 23:15:34.711786+00:00
NVDA,1045810,0001045810-23-000175,2023-08-28,2023-07-30,10-Q,sec_edgar,2026-08-06 23:15:34.711786+00:00
NVDA,1045810,0001045810-23-000217,2023-10-17,2023-10-17,8-K,sec_edgar,2026-08-06 23:15:34.711786+00:00
NVDA,1045810,0001045810-23-000221,2023-10-24,2023-10-23,8-K,sec_edgar,2026-08-06 23:15:34.711786+00:00
NVDA,1045810,0001045810-23-000227,2023-11-21,2023-10-29,10-Q,sec_edgar,2026-08-06 23:15:34.711786+00:00
NVDA,1045810,0001045810-23-000225,2023-11-21,2023-11-21,8-K,sec_edgar,2026-08-06 23:15:34.711786+00:00
NVDA,1045810,0001045810-24-000029,2024-02-21,2024-01-28,10-K,sec_edgar,2026-08-06 23:15:34.711786+00:00
NVDA,1045810,0001045810-24-000028,2024-02-21,2024-02-21,8-K,sec_edgar,2026-08-06 23:15:34.711786+00:00
NVDA,1045810,0001045810-24-000069,2024-03-14,2024-03-08,8-K,sec_edgar,2026-08-06 23:15:34.711786+00:00
NVDA,1045810,0001045810-24-000113,2024-05-22,2024-05-22,8-K,sec_edgar,2026-08-06 23:15:34.711786+00:00
NVDA,1045810,0001045810-24-000124,2024-05-29,2024-04-28,10-Q,sec_edgar,2026-08-06 23:15:34.711786+00:00
NVDA,1045810,0001045810-24-000144,2024-06-07,2024-06-07,8-K,sec_edgar,2026-08-06 23:15:34.711786+00:00
NVDA,1045810,0001045810-24-000206,2024-07-02,2024-06-26,8-K,sec_edgar,2026-08-06 23:15:34.711786+00:00
NVDA,1045810,0001045810-24-000264,2024-08-28,2024-07-28,10-Q,sec_edgar,2026-08-06 23:15:34.711786+00:00
NVDA,1045810,0001045810-24-000262,2024-08-28,2024-08-28,8-K,sec_edgar,2026-08-06 23:15:34.711786+00:00
NVDA,1045810,0001045810-24-000300,2024-11-07,2024-11-07,8-K,sec_edgar,2026-08-06 23:15:34.711786+00:00
NVDA,1045810,0001045810-24-000316,2024-11-20,2024-10-27,10-Q,sec_edgar,2026-08-06 23:15:34.711786+00:00
NVDA,1045810,0001045810-24-000315,2024-11-20,2024-11-20,8-K,sec_edgar,2026-08-06 23:15:34.711786+00:00
NVDA,1045810,0001045810-25-000007,2025-01-17,2025-01-13,8-K,sec_edgar,2026-08-06 23:15:34.711786+00:00
NVDA,1045810,0001045810-25-000023,2025-02-26,2025-01-26,10-K,sec_edgar,2026-08-06 23:15:34.711786+00:00
NVDA,1045810,0001045810-25-000021,2025-02-26,2025-02-26,8-K,sec_edgar,2026-08-06 23:15:34.711786+00:00
NVDA,1045810,0001045810-25-000039,2025-03-07,2025-03-03,8-K,sec_edgar,2026-08-06 23:15:34.711786+00:00
NVDA,1045810,0001045810-25-000082,2025-04-15,2025-04-09,8-K,sec_edgar,2026-08-06 23:15:34.711786+00:00
NVDA,1045810,0001045810-25-000116,2025-05-28,2025-04-27,10-Q,sec_edgar,2026-08-06 23:15:34.711786+00:00
NVDA,1045810,0001045810-25-000115,2025-05-28,2025-05-28,8-K,sec_edgar,2026-08-06 23:15:34.711786+00:00
NVDA,1045810,0001045810-25-000179,2025-07-01,2025-06-25,8-K,sec_edgar,2026-08-06 23:15:34.711786+00:00
NVDA,1045810,0001045810-25-000197,2025-08-05,2025-07-31,8-K,sec_edgar,2026-08-06 23:15:34.711786+00:00
NVDA,1045810,0001045810-25-000209,2025-08-27,2025-07-27,10-Q,sec_edgar,2026-08-06 23:15:34.711786+00:00
NVDA,1045810,0001045810-25-000207,2025-08-27,2025-08-27,8-K,sec_edgar,2026-08-06 23:15:34.711786+00:00
NVDA,1045810,0001045810-25-000230,2025-11-19,2025-10-26,10-Q,sec_edgar,2026-08-06 23:15:34.711786+00:00
NVDA,1045810,0001045810-25-000228,2025-11-19,2025-11-19,8-K,sec_edgar,2026-08-06 23:15:34.711786+00:00
NVDA,1045810,0001045810-26-000003,2026-01-23,2026-01-20,8-K,sec_edgar,2026-08-06 23:15:34.711786+00:00
NVDA,1045810,0001045810-26-000021,2026-02-25,2026-01-25,10-K,sec_edgar,2026-08-06 23:15:34.711786+00:00
NVDA,1045810,0001045810-26-000019,2026-02-25,2026-02-25,8-K,sec_edgar,2026-08-06 23:15:34.711786+00:00
NVDA,1045810,0001045810-26-000024,2026-03-06,2026-03-02,8-K,sec_edgar,2026-08-06 23:15:34.711786+00:00
NVDA,1045810,0001045810-26-000026,2026-04-27,2026-04-24,8-K,sec_edgar,2026-08-06 23:15:34.711786+00:00
NVDA,1045810,0001045810-26-000028,2026-05-08,2026-05-07,8-K,sec_edgar,2026-08-06 23:15:34.711786+00:00
NVDA,1045810,0001045810-26-000052,2026-05-20,2026-04-26,10-Q,sec_edgar,2026-08-06 23:15:34.711786+00:00
NVDA,1045810,0001045810-26-000051,2026-05-20,2026-05-20,8-K,sec_edgar,2026-08-06 23:15:34.711786+00:00
NVDA,1045810,0001193125-26-275783,2026-06-18,2026-06-15,8-K,sec_edgar,2026-08-06 23:15:34.711786+00:00
NVDA,1045810,0001045810-26-000056,2026-06-30,2026-06-24,8-K,sec_edgar,2026-08-06 23:15:34.711786+00:00
NVDA,1045810,0001045810-26-000060,2026-07-02,2026-06-28,8-K,sec_edgar,2026-08-06 23:15:34.711786+00:00
ORCL,1341439,0001193125-06-025340,2006-02-09,2006-02-09,8-K,sec_edgar,2026-08-06 23:15:34.711786+00:00
ORCL,1341439,0000950103-06-000293,2006-02-09,2006-02-03,8-K,sec_edgar,2026-08-06 23:15:34.711786+00:00
ORCL,1341439,0001193125-06-032719,2006-02-15,2006-02-09,8-K,sec_edgar,2026-08-06 23:15:34.711786+00:00
ORCL,1341439,0001193125-06-059084,2006-03-20,2006-03-20,8-K,sec_edgar,2026-08-06 23:15:34.711786+00:00
ORCL,1341439,0000950134-06-005601,2006-03-21,2006-03-15,8-K,sec_edgar,2026-08-06 23:15:34.711786+00:00
ORCL,1341439,0001193125-06-076643,2006-04-10,2006-02-28,10-Q,sec_edgar,2026-08-06 23:15:34.711786+00:00
ORCL,1341439,0001193125-06-114062,2006-05-17,2006-05-16,8-K,sec_edgar,2026-08-06 23:15:34.711786+00:00
ORCL,1341439,0001193125-06-131734,2006-06-19,2006-06-15,8-K,sec_edgar,2026-08-06 23:15:34.711786+00:00
ORCL,1341439,0001193125-06-134099,2006-06-22,2006-06-22,8-K,sec_edgar,2026-08-06 23:15:34.711786+00:00
ORCL,1341439,0001193125-06-147003,2006-07-14,2006-07-10,8-K,sec_edgar,2026-08-06 23:15:34.711786+00:00
ORCL,1341439,0001193125-06-151154,2006-07-21,2006-05-31,10-K,sec_edgar,2026-08-06 23:15:34.711786+00:00
ORCL,1341439,0000950134-06-016301,2006-08-16,2006-08-14,8-K,sec_edgar,2026-08-06 23:15:34.711786+00:00
ORCL,1341439,0001193125-06-176807,2006-08-21,2006-08-15,8-K,sec_edgar,2026-08-06 23:15:34.711786+00:00
ORCL,1341439,0001193125-06-178575,2006-08-23,2006-08-18,8-K,sec_edgar,2026-08-06 23:15:34.711786+00:00
ORCL,1341439,0001193125-06-193314,2006-09-19,2006-09-19,8-K,sec_edgar,2026-08-06 23:15:34.711786+00:00
ORCL,1341439,0001193125-06-196503,2006-09-25,2006-08-31,10-Q,sec_edgar,2026-08-06 23:15:34.711786+00:00
ORCL,1341439,0001193125-06-206828,2006-10-12,2006-10-09,8-K,sec_edgar,2026-08-06 23:15:34.711786+00:00
ORCL,1341439,0001193125-06-255311,2006-12-18,2006-12-18,8-K,sec_edgar,2026-08-06 23:15:34.711786+00:00
ORCL,1341439,0001193125-06-258170,2006-12-21,2006-11-30,10-Q,sec_edgar,2026-08-06 23:15:34.711786+00:00
ORCL,1341439,0000950134-07-002879,2007-02-13,2007-02-10,8-K,sec_edgar,2026-08-06 23:15:34.711786+00:00
ORCL,1341439,0000950103-07-000579,2007-03-06,2007-02-28,8-K,sec_edgar,2026-08-06 23:15:34.711786+00:00
ORCL,1341439,0001193125-07-054334,2007-03-14,2007-03-12,8-K,sec_edgar,2026-08-06 23:15:34.711786+00:00
ORCL,1341439,0001193125-07-059351,2007-03-20,2007-03-20,8-K,sec_edgar,2026-08-06 23:15:34.711786+00:00
ORCL,1341439,0001193125-07-065645,2007-03-27,2007-02-28,10-Q,sec_edgar,2026-08-06 23:15:34.711786+00:00
ORCL,1341439,0001193125-07-082660,2007-04-17,2007-04-11,8-K,sec_edgar,2026-08-06 23:15:34.711786+00:00
ORCL,1341439,0000950103-07-000999,2007-04-24,2007-04-19,8-K,sec_edgar,2026-08-06 23:15:34.711786+00:00
ORCL,1341439,0001193125-07-101469,2007-05-03,2007-04-30,8-K,sec_edgar,2026-08-06 23:15:34.711786+00:00
ORCL,1341439,0001193125-07-114396,2007-05-15,2007-05-10,8-K,sec_edgar,2026-08-06 23:15:34.711786+00:00
ORCL,1341439,0000891618-07-000384,2007-06-26,2007-06-26,8-K,sec_edgar,2026-08-06 23:15:34.711786+00:00
ORCL,1341439,0000950134-07-014478,2007-06-29,2007-05-31,10-K,sec_edgar,2026-08-06 23:15:34.711786+00:00
ORCL,1341439,0000891618-07-000562,2007-09-20,2007-09-20,8-K,sec_edgar,2026-08-06 23:15:34.711786+00:00
ORCL,1341439,0000950134-07-020490,2007-09-26,2007-08-31,10-Q,sec_edgar,2026-08-06 23:15:34.711786+00:00
ORCL,1341439,0000950134-07-025751,2007-12-19,2007-12-19,8-K,sec_edgar,2026-08-06 23:15:34.711786+00:00
ORCL,1341439,0000891618-07-000697,2007-12-21,2007-11-30,10-Q,sec_edgar,2026-08-06 23:15:34.711786+00:00
ORCL,1341439,0001193125-08-008568,2008-01-18,2008-01-16,8-K,sec_edgar,2026-08-06 23:15:34.711786+00:00
ORCL,1341439,0000891618-08-000036,2008-01-22,2008-01-15,8-K,sec_edgar,2026-08-06 23:15:34.711786+00:00
ORCL,1341439,0001193125-08-040489,2008-02-28,2008-02-27,8-K,sec_edgar,2026-08-06 23:15:34.711786+00:00
ORCL,1341439,0001193125-08-054418,2008-03-13,2008-03-10,8-K,sec_edgar,2026-08-06 23:15:34.711786+00:00
ORCL,1341439,0001193125-08-062759,2008-03-21,2008-03-18,8-K,sec_edgar,2026-08-06 23:15:34.711786+00:00
ORCL,1341439,0000891618-08-000179,2008-03-26,2008-03-26,8-K,sec_edgar,2026-08-06 23:15:34.711786+00:00
ORCL,1341439,0000891618-08-000197,2008-04-01,2008-02-29,10-Q,sec_edgar,2026-08-06 23:15:34.711786+00:00
ORCL,1341439,0001193125-08-077170,2008-04-08,2008-04-02,8-K,sec_edgar,2026-08-06 23:15:34.711786+00:00
ORCL,1341439,0001193125-08-094248,2008-04-29,2008-04-29,8-K,sec_edgar,2026-08-06 23:15:34.711786+00:00
ORCL,1341439,0000950134-08-011797,2008-06-25,2008-06-25,8-K,sec_edgar,2026-08-06 23:15:34.711786+00:00
ORCL,1341439,0000950134-08-012257,2008-07-02,2008-05-31,10-K,sec_edgar,2026-08-06 23:15:34.711786+00:00
ORCL,1341439,0000891618-08-000373,2008-07-30,2008-07-24,8-K,sec_edgar,2026-08-06 23:15:34.711786+00:00
ORCL,1341439,0000891618-08-000425,2008-08-27,2008-08-27,8-K,sec_edgar,2026-08-06 23:15:34.711786+00:00
ORCL,1341439,0000950134-08-016828,2008-09-18,2008-09-18,8-K,sec_edgar,2026-08-06 23:15:34.711786+00:00
ORCL,1341439,0000950134-08-016926,2008-09-22,2008-08-31,10-Q,sec_edgar,2026-08-06 23:15:34.711786+00:00
ORCL,1341439,0000950134-08-018035,2008-10-16,2008-10-10,8-K,sec_edgar,2026-08-06 23:15:34.711786+00:00
ORCL,1341439,0000950134-08-018177,2008-10-20,2008-10-20,8-K,sec_edgar,2026-08-06 23:15:34.711786+00:00
ORCL,1341439,0000891618-08-000508,2008-12-18,2008-12-18,8-K,sec_edgar,2026-08-06 23:15:34.711786+00:00
ORCL,1341439,0000950134-08-022578,2008-12-22,2008-11-30,10-Q,sec_edgar,2026-08-06 23:15:34.711786+00:00
ORCL,1341439,0000950134-09-005620,2009-03-18,2009-03-18,8-K,sec_edgar,2026-08-06 23:15:34.711786+00:00
ORCL,1341439,0000950134-09-005859,2009-03-23,2009-02-28,10-Q,sec_edgar,2026-08-06 23:15:34.711786+00:00
ORCL,1341439,0001193125-09-083550,2009-04-21,2009-04-19,8-K,sec_edgar,2026-08-06 23:15:34.711786+00:00
ORCL,1341439,0001193125-09-103352,2009-05-07,2009-05-07,8-K,sec_edgar,2026-08-06 23:15:34.711786+00:00
ORCL,1341439,0001193125-09-105084,2009-05-08,2009-05-08,8-K,sec_edgar,2026-08-06 23:15:34.711786+00:00
ORCL,1341439,0001193125-09-123725,2009-06-03,2009-06-02,8-K,sec_edgar,2026-08-06 23:15:34.711786+00:00
ORCL,1341439,0000950123-09-016332,2009-06-23,2009-06-23,8-K,sec_edgar,2026-08-06 23:15:34.711786+00:00
ORCL,1341439,0000950123-09-018689,2009-06-29,2009-05-31,10-K,sec_edgar,2026-08-06 23:15:34.711786+00:00
ORCL,1341439,0001193125-09-139836,2009-06-29,2009-06-26,8-K,sec_edgar,2026-08-06 23:15:34.711786+00:00
ORCL,1341439,0001193125-09-145686,2009-07-08,2009-06-30,8-K,sec_edgar,2026-08-06 23:15:34.711786+00:00
ORCL,1341439,0001193125-09-148407,2009-07-14,2009-07-14,8-K,sec_edgar,2026-08-06 23:15:34.711786+00:00
ORCL,1341439,0001193125-09-179142,2009-08-21,2009-08-20,8-K,sec_edgar,2026-08-06 23:15:34.711786+00:00
ORCL,1341439,0001193125-09-186804,2009-09-03,2009-09-03,8-K,sec_edgar,2026-08-06 23:15:34.711786+00:00
ORCL,1341439,0001193125-09-192836,2009-09-16,2009-09-16,8-K,sec_edgar,2026-08-06 23:15:34.711786+00:00
ORCL,1341439,0001193125-09-195193,2009-09-21,2009-08-31,10-Q,sec_edgar,2026-08-06 23:15:34.711786+00:00
ORCL,1341439,0001193125-09-205482,2009-10-08,2009-10-07,8-K,sec_edgar,2026-08-06 23:15:34.711786+00:00
ORCL,1341439,0001193125-09-229755,2009-11-10,2009-11-09,8-K,sec_edgar,2026-08-06 23:15:34.711786+00:00
ORCL,1341439,0001193125-09-254883,2009-12-17,2009-12-17,8-K,sec_edgar,2026-08-06 23:15:34.711786+00:00
ORCL,1341439,0001193125-09-257212,2009-12-22,2009-11-30,10-Q,sec_edgar,2026-08-06 23:15:34.711786+00:00
ORCL,1341439,0001193125-10-009519,2010-01-21,2010-01-14,8-K,sec_edgar,2026-08-06 23:15:34.711786+00:00
ORCL,1341439,0001193125-10-015241,2010-01-28,2010-01-26,8-K,sec_edgar,2026-08-06 23:15:34.711786+00:00
ORCL,1341439,0001193125-10-030711,2010-02-12,2010-02-09,8-K,sec_edgar,2026-08-06 23:15:34.711786+00:00
ORCL,1341439,0001193125-10-067110,2010-03-25,2010-03-25,8-K,sec_edgar,2026-08-06 23:15:34.711786+00:00
ORCL,1341439,0001193125-10-070192,2010-03-29,2010-02-28,10-Q,sec_edgar,2026-08-06 23:15:34.711786+00:00
ORCL,1341439,0001193125-10-120713,2010-05-14,2010-05-12,8-K,sec_edgar,2026-08-06 23:15:34.711786+00:00
ORCL,1341439,0001193125-10-133068,2010-06-04,2010-05-10,8-K,sec_edgar,2026-08-06 23:15:34.711786+00:00
ORCL,1341439,0001193125-10-146039,2010-06-24,2010-06-24,8-K,sec_edgar,2026-08-06 23:15:34.711786+00:00
ORCL,1341439,0001193125-10-151896,2010-07-01,2010-05-31,10-K,sec_edgar,2026-08-06 23:15:34.711786+00:00
ORCL,1341439,0001193125-10-159485,2010-07-15,2010-07-12,8-K,sec_edgar,2026-08-06 23:15:34.711786+00:00
ORCL,1341439,0001193125-10-205818,2010-09-08,2010-09-03,8-K,sec_edgar,2026-08-06 23:15:34.711786+00:00
ORCL,1341439,0001193125-10-211428,2010-09-16,2010-09-16,8-K,sec_edgar,2026-08-06 23:15:34.711786+00:00
ORCL,1341439,0001193125-10-213084,2010-09-20,2010-08-31,10-Q,sec_edgar,2026-08-06 23:15:34.711786+00:00
ORCL,1341439,0001193125-10-228727,2010-10-13,2010-10-06,8-K,sec_edgar,2026-08-06 23:15:34.711786+00:00
ORCL,1341439,0001193125-10-282428,2010-12-16,2010-12-16,8-K,sec_edgar,2026-08-06 23:15:34.711786+00:00
ORCL,1341439,0001193125-10-285703,2010-12-21,2010-11-30,10-Q,sec_edgar,2026-08-06 23:15:34.711786+00:00
ORCL,1341439,0001193125-11-076474,2011-03-24,2011-03-24,8-K,sec_edgar,2026-08-06 23:15:34.711786+00:00
ORCL,1341439,0001193125-11-081178,2011-03-29,2011-02-28,10-Q,sec_edgar,2026-08-06 23:15:34.711786+00:00
ORCL,1341439,0001193125-11-109701,2011-04-26,2011-04-25,8-K,sec_edgar,2026-08-06 23:15:34.711786+00:00
ORCL,1341439,0001193125-11-171863,2011-06-23,2011-06-23,8-K,sec_edgar,2026-08-06 23:15:34.711786+00:00
ORCL,1341439,0001193125-11-174819,2011-06-28,2011-05-31,10-K,sec_edgar,2026-08-06 23:15:34.711786+00:00
ORCL,1341439,0001193125-11-176479,2011-06-29,2011-06-29,8-K,sec_edgar,2026-08-06 23:15:34.711786+00:00
ORCL,1341439,0001193125-11-252306,2011-09-20,2011-09-20,8-K,sec_edgar,2026-08-06 23:15:34.711786+00:00
ORCL,1341439,0001193125-11-255436,2011-09-23,2011-08-31,10-Q,sec_edgar,2026-08-06 23:15:34.711786+00:00
ORCL,1341439,0001193125-11-271769,2011-10-14,2011-10-12,8-K,sec_edgar,2026-08-06 23:15:34.711786+00:00
ORCL,1341439,0001193125-11-347232,2011-12-20,2011-12-20,8-K,sec_edgar,2026-08-06 23:15:34.711786+00:00
ORCL,1341439,0001193125-11-351954,2011-12-23,2011-11-30,10-Q,sec_edgar,2026-08-06 23:15:34.711786+00:00
ORCL,1341439,0001193125-12-123530,2012-03-20,2012-03-20,8-K,sec_edgar,2026-08-06 23:15:34.711786+00:00
ORCL,1341439,0001193125-12-129918,2012-03-23,2012-02-29,10-Q,sec_edgar,2026-08-06 23:15:34.711786+00:00
ORCL,1341439,0001193125-12-274031,2012-06-18,2012-06-18,8-K,sec_edgar,2026-08-06 23:15:34.711786+00:00
ORCL,1341439,0001193125-12-277735,2012-06-21,2012-06-18,8-K,sec_edgar,2026-08-06 23:15:34.711786+00:00
ORCL,1341439,0001193125-12-284007,2012-06-26,2012-05-31,10-K,sec_edgar,2026-08-06 23:15:34.711786+00:00
ORCL,1341439,0001193125-12-398408,2012-09-20,2012-09-20,8-K,sec_edgar,2026-08-06 23:15:34.711786+00:00
ORCL,1341439,0001193125-12-401697,2012-09-24,2012-08-31,10-Q,sec_edgar,2026-08-06 23:15:34.711786+00:00
ORCL,1341439,0001193125-12-435493,2012-10-25,2012-10-18,8-K,sec_edgar,2026-08-06 23:15:34.711786+00:00
ORCL,1341439,0001193125-12-457785,2012-11-07,2012-11-07,8-K,sec_edgar,2026-08-06 23:15:34.711786+00:00
ORCL,1341439,0001193125-12-489156,2012-12-03,2012-12-03,8-K,sec_edgar,2026-08-06 23:15:34.711786+00:00
ORCL,1341439,0001193125-12-506536,2012-12-18,2012-12-18,8-K,sec_edgar,2026-08-06 23:15:34.711786+00:00
ORCL,1341439,0001193125-12-513009,2012-12-21,2012-11-30,10-Q,sec_edgar,2026-08-06 23:15:34.711786+00:00
ORCL,1341439,0001193125-13-037562,2013-02-05,2013-02-04,8-K,sec_edgar,2026-08-06 23:15:34.711786+00:00
ORCL,1341439,0001193125-13-117200,2013-03-20,2013-03-20,8-K,sec_edgar,2026-08-06 23:15:34.711786+00:00
ORCL,1341439,0001193125-13-122271,2013-03-22,2013-02-28,10-Q,sec_edgar,2026-08-06 23:15:34.711786+00:00
ORCL,1341439,0001193125-13-177852,2013-04-26,2013-04-22,8-K,sec_edgar,2026-08-06 23:15:34.711786+00:00
ORCL,1341439,0001193125-13-265781,2013-06-20,2013-06-20,8-K,sec_edgar,2026-08-06 23:15:34.711786+00:00
ORCL,1341439,0001193125-13-272832,2013-06-26,2013-05-31,10-K,sec_edgar,2026-08-06 23:15:34.711786+00:00
ORCL,1341439,0001193125-13-287255,2013-07-10,2013-07-10,8-K,sec_edgar,2026-08-06 23:15:34.711786+00:00
ORCL,1341439,0001193125-13-291787,2013-07-16,2013-07-16,8-K,sec_edgar,2026-08-06 23:15:34.711786+00:00
ORCL,1341439,0001193125-13-370408,2013-09-18,2013-09-18,8-K,sec_edgar,2026-08-06 23:15:34.711786+00:00
ORCL,1341439,0001193125-13-373455,2013-09-20,2013-08-31,10-Q,sec_edgar,2026-08-06 23:15:34.711786+00:00
ORCL,1341439,0001193125-13-423180,2013-11-01,2013-10-31,8-K,sec_edgar,2026-08-06 23:15:34.711786+00:00
ORCL,1341439,0001193125-13-477656,2013-12-18,2013-12-18,8-K,sec_edgar,2026-08-06 23:15:34.711786+00:00
ORCL,1341439,0001193125-13-481081,2013-12-20,2013-11-30,10-Q,sec_edgar,2026-08-06 23:15:34.711786+00:00
ORCL,1341439,0001193125-14-104432,2014-03-18,2014-03-18,8-K,sec_edgar,2026-08-06 23:15:34.711786+00:00
ORCL,1341439,0001193125-14-108126,2014-03-20,2014-01-31,10-Q,sec_edgar,2026-08-06 23:15:34.711786+00:00
ORCL,1341439,0001193125-14-242424,2014-06-19,2014-06-19,8-K,sec_edgar,2026-08-06 23:15:34.711786+00:00
ORCL,1341439,0001193125-14-246160,2014-06-24,2014-06-22,8-K,sec_edgar,2026-08-06 23:15:34.711786+00:00
ORCL,1341439,0001193125-14-251351,2014-06-26,2014-05-31,10-K,sec_edgar,2026-08-06 23:15:34.711786+00:00
ORCL,1341439,0001193125-14-263107,2014-07-08,2014-07-08,8-K,sec_edgar,2026-08-06 23:15:34.711786+00:00
ORCL,1341439,0001193125-14-345688,2014-09-18,2014-09-18,8-K,sec_edgar,2026-08-06 23:15:34.711786+00:00
ORCL,1341439,0001193125-14-350291,2014-09-23,2014-08-31,10-Q,sec_edgar,2026-08-06 23:15:34.711786+00:00
ORCL,1341439,0001193125-14-350215,2014-09-23,2014-09-18,8-K,sec_edgar,2026-08-06 23:15:34.711786+00:00
ORCL,1341439,0001193125-14-403609,2014-11-07,2014-11-05,8-K,sec_edgar,2026-08-06 23:15:34.711786+00:00
ORCL,1341439,0001193125-14-445350,2014-12-17,2014-12-17,8-K,sec_edgar,2026-08-06 23:15:34.711786+00:00
ORCL,1341439,0001193125-14-448728,2014-12-19,2014-11-30,10-Q,sec_edgar,2026-08-06 23:15:34.711786+00:00
ORCL,1341439,0001193125-15-018993,2015-01-23,2015-01-19,8-K,sec_edgar,2026-08-06 23:15:34.711786+00:00
ORCL,1341439,0001193125-15-095415,2015-03-17,2015-03-17,8-K,sec_edgar,2026-08-06 23:15:34.711786+00:00
ORCL,1341439,0001193125-15-098586,2015-03-19,2015-02-28,10-Q,sec_edgar,2026-08-06 23:15:34.711786+00:00
ORCL,1341439,0001193125-15-172238,2015-05-05,2015-05-05,8-K,sec_edgar,2026-08-06 23:15:34.711786+00:00
ORCL,1341439,0001193125-15-225867,2015-06-17,2015-06-17,8-K,sec_edgar,2026-08-06 23:15:34.711786+00:00
ORCL,1341439,0001193125-15-235239,2015-06-25,2015-05-31,10-K,sec_edgar,2026-08-06 23:15:34.711786+00:00
ORCL,1341439,0001193125-15-254267,2015-07-16,2015-07-16,8-K,sec_edgar,2026-08-06 23:15:34.711786+00:00
ORCL,1341439,0001193125-15-321413,2015-09-16,2015-09-16,8-K,sec_edgar,2026-08-06 23:15:34.711786+00:00
ORCL,1341439,0001193125-15-323532,2015-09-18,2015-08-31,10-Q,sec_edgar,2026-08-06 23:15:34.711786+00:00
ORCL,1341439,0001193125-15-383821,2015-11-20,2015-11-18,8-K,sec_edgar,2026-08-06 23:15:34.711786+00:00
ORCL,1341439,0001193125-15-404914,2015-12-16,2015-12-16,8-K,sec_edgar,2026-08-06 23:15:34.711786+00:00
ORCL,1341439,0001193125-15-407703,2015-12-18,2015-11-30,10-Q,sec_edgar,2026-08-06 23:15:34.711786+00:00
ORCL,1341439,0001193125-16-505164,2016-03-15,2016-03-15,8-K,sec_edgar,2026-08-06 23:15:34.711786+00:00
ORCL,1341439,0001193125-16-510333,2016-03-18,2016-02-29,10-Q,sec_edgar,2026-08-06 23:15:34.711786+00:00
ORCL,1341439,0001193125-16-582163,2016-05-06,2016-04-29,8-K,sec_edgar,2026-08-06 23:15:34.711786+00:00
ORCL,1341439,0001193125-16-623620,2016-06-16,2016-06-15,8-K,sec_edgar,2026-08-06 23:15:34.711786+00:00
ORCL,1341439,0001193125-16-628942,2016-06-22,2016-05-31,10-K,sec_edgar,2026-08-06 23:15:34.711786+00:00
ORCL,1341439,0001193125-16-643428,2016-07-07,2016-07-07,8-K,sec_edgar,2026-08-06 23:15:34.711786+00:00
ORCL,1341439,0001193125-16-666792,2016-08-01,2016-07-28,8-K,sec_edgar,2026-08-06 23:15:34.711786+00:00
ORCL,1341439,0001193125-16-702358,2016-09-07,2016-09-07,8-K,sec_edgar,2026-08-06 23:15:34.711786+00:00
ORCL,1341439,0001193125-16-710982,2016-09-15,2016-09-15,8-K,sec_edgar,2026-08-06 23:15:34.711786+00:00
ORCL,1341439,0001193125-16-713596,2016-09-19,2016-08-31,10-Q,sec_edgar,2026-08-06 23:15:34.711786+00:00
ORCL,1341439,0001193125-16-775079,2016-11-22,2016-11-16,8-K,sec_edgar,2026-08-06 23:15:34.711786+00:00
ORCL,1341439,0001193125-16-794455,2016-12-15,2016-12-15,8-K,sec_edgar,2026-08-06 23:15:34.711786+00:00
ORCL,1341439,0001193125-16-797253,2016-12-19,2016-11-30,10-Q,sec_edgar,2026-08-06 23:15:34.711786+00:00
ORCL,1341439,0001193125-17-083638,2017-03-15,2017-03-15,8-K,sec_edgar,2026-08-06 23:15:34.711786+00:00
ORCL,1341439,0001193125-17-087309,2017-03-17,2017-02-28,10-Q,sec_edgar,2026-08-06 23:15:34.711786+00:00
ORCL,1341439,0001193125-17-209415,2017-06-21,2017-06-21,8-K,sec_edgar,2026-08-06 23:15:34.711786+00:00
ORCL,1341439,0001193125-17-214833,2017-06-27,2017-05-31,10-K,sec_edgar,2026-08-06 23:15:34.711786+00:00
ORCL,1341439,0001193125-17-240675,2017-07-28,2017-07-27,8-K,sec_edgar,2026-08-06 23:15:34.711786+00:00
ORCL,1341439,0001193125-17-276868,2017-09-05,2017-09-05,8-K,sec_edgar,2026-08-06 23:15:34.711786+00:00
ORCL,1341439,0001193125-17-285108,2017-09-14,2017-09-14,8-K,sec_edgar,2026-08-06 23:15:34.711786+00:00
ORCL,1341439,0001193125-17-287455,2017-09-18,2017-08-31,10-Q,sec_edgar,2026-08-06 23:15:34.711786+00:00
ORCL,1341439,0001193125-17-338832,2017-11-09,2017-11-09,8-K,sec_edgar,2026-08-06 23:15:34.711786+00:00
ORCL,1341439,0001193125-17-347046,2017-11-17,2017-11-15,8-K,sec_edgar,2026-08-06 23:15:34.711786+00:00
ORCL,1341439,0001193125-17-369491,2017-12-14,2017-12-14,8-K,sec_edgar,2026-08-06 23:15:34.711786+00:00
ORCL,1341439,0001193125-17-372232,2017-12-18,2017-11-30,10-Q,sec_edgar,2026-08-06 23:15:34.711786+00:00
ORCL,1341439,0001193125-18-030760,2018-02-02,2018-02-01,8-K,sec_edgar,2026-08-06 23:15:34.711786+00:00
ORCL,1341439,0001564590-18-006208,2018-03-19,2018-03-19,8-K,sec_edgar,2026-08-06 23:15:34.711786+00:00
ORCL,1341439,0001193125-18-090646,2018-03-21,2018-02-28,10-Q,sec_edgar,2026-08-06 23:15:34.711786+00:00
ORCL,1341439,0001193125-18-160979,2018-05-11,2018-05-09,8-K,sec_edgar,2026-08-06 23:15:34.711786+00:00
ORCL,1341439,0001564590-18-015818,2018-06-19,2018-06-19,8-K,sec_edgar,2026-08-06 23:15:34.711786+00:00
ORCL,1341439,0001193125-18-201034,2018-06-22,2018-05-31,10-K,sec_edgar,2026-08-06 23:15:34.711786+00:00
ORCL,1341439,0001193125-18-231625,2018-07-30,2018-07-30,8-K,sec_edgar,2026-08-06 23:15:34.711786+00:00
ORCL,1341439,0001564590-18-023209,2018-09-17,2018-09-17,8-K,sec_edgar,2026-08-06 23:15:34.711786+00:00
ORCL,1341439,0001564590-18-023315,2018-09-19,2018-08-31,10-Q,sec_edgar,2026-08-06 23:15:34.711786+00:00
ORCL,1341439,0001193125-18-287698,2018-09-28,2018-09-28,8-K,sec_edgar,2026-08-06 23:15:34.711786+00:00
ORCL,1341439,0001193125-18-329009,2018-11-16,2018-11-14,8-K,sec_edgar,2026-08-06 23:15:34.711786+00:00
ORCL,1341439,0001564590-18-030992,2018-12-17,2018-12-17,8-K,sec_edgar,2026-08-06 23:15:34.711786+00:00
ORCL,1341439,0001564590-18-031113,2018-12-19,2018-11-30,10-Q,sec_edgar,2026-08-06 23:15:34.711786+00:00
ORCL,1341439,0001193125-19-042553,2019-02-15,2019-02-12,8-K,sec_edgar,2026-08-06 23:15:34.711786+00:00
ORCL,1341439,0001564590-19-007818,2019-03-14,2019-03-14,8-K,sec_edgar,2026-08-06 23:15:34.711786+00:00
ORCL,1341439,0001564590-19-008273,2019-03-18,2019-02-28,10-Q,sec_edgar,2026-08-06 23:15:34.711786+00:00
ORCL,1341439,0001564590-19-022864,2019-06-19,2019-06-19,8-K,sec_edgar,2026-08-06 23:15:34.711786+00:00
ORCL,1341439,0001564590-19-023119,2019-06-21,2019-05-31,10-K,sec_edgar,2026-08-06 23:15:34.711786+00:00
ORCL,1341439,0001193125-19-191922,2019-07-10,2019-07-03,8-K,sec_edgar,2026-08-06 23:15:34.711786+00:00
ORCL,1341439,0001193125-19-208925,2019-07-31,2019-07-31,8-K,sec_edgar,2026-08-06 23:15:34.711786+00:00
ORCL,1341439,0001564590-19-034522,2019-09-11,2019-09-11,8-K,sec_edgar,2026-08-06 23:15:34.711786+00:00
ORCL,1341439,0001564590-19-034717,2019-09-13,2019-08-31,10-Q,sec_edgar,2026-08-06 23:15:34.711786+00:00
ORCL,1341439,0001193125-19-269943,2019-10-18,2019-10-18,8-K,sec_edgar,2026-08-06 23:15:34.711786+00:00
ORCL,1341439,0001193125-19-298638,2019-11-22,2019-11-19,8-K,sec_edgar,2026-08-06 23:15:34.711786+00:00
ORCL,1341439,0001193125-19-309214,2019-12-09,2019-12-09,8-K,sec_edgar,2026-08-06 23:15:34.711786+00:00
ORCL,1341439,0001564590-19-045836,2019-12-12,2019-12-12,8-K,sec_edgar,2026-08-06 23:15:34.711786+00:00
ORCL,1341439,0001564590-19-045966,2019-12-13,2019-11-30,10-Q,sec_edgar,2026-08-06 23:15:34.711786+00:00
ORCL,1341439,0001564590-20-010464,2020-03-12,2020-03-12,8-K,sec_edgar,2026-08-06 23:15:34.711786+00:00
ORCL,1341439,0001564590-20-010833,2020-03-13,2020-02-29,10-Q,sec_edgar,2026-08-06 23:15:34.711786+00:00
ORCL,1341439,0001193125-20-094641,2020-04-01,2020-03-30,8-K,sec_edgar,2026-08-06 23:15:34.711786+00:00
ORCL,1341439,0001564590-20-029533,2020-06-16,2020-06-16,8-K,sec_edgar,2026-08-06 23:15:34.711786+00:00
ORCL,1341439,0001564590-20-030125,2020-06-22,2020-05-31,10-K,sec_edgar,2026-08-06 23:15:34.711786+00:00
ORCL,1341439,0001193125-20-227084,2020-08-21,2020-08-21,8-K,sec_edgar,2026-08-06 23:15:34.711786+00:00
ORCL,1341439,0001564590-20-043143,2020-09-10,2020-09-10,8-K,sec_edgar,2026-08-06 23:15:34.711786+00:00
ORCL,1341439,0001564590-20-043448,2020-09-15,2020-08-31,10-Q,sec_edgar,2026-08-06 23:15:34.711786+00:00
ORCL,1341439,0001193125-20-288009,2020-11-06,2020-11-04,8-K,sec_edgar,2026-08-06 23:15:34.711786+00:00
ORCL,1341439,0001564590-20-056722,2020-12-10,2020-12-10,8-K,sec_edgar,2026-08-06 23:15:34.711786+00:00
ORCL,1341439,0001564590-20-056896,2020-12-11,2020-11-30,10-Q,sec_edgar,2026-08-06 23:15:34.711786+00:00
ORCL,1341439,0001564590-21-012058,2021-03-10,2021-03-10,8-K,sec_edgar,2026-08-06 23:15:34.711786+00:00
ORCL,1341439,0001564590-21-012539,2021-03-11,2021-02-28,10-Q,sec_edgar,2026-08-06 23:15:34.711786+00:00
ORCL,1341439,0001193125-21-092631,2021-03-24,2021-03-22,8-K,sec_edgar,2026-08-06 23:15:34.711786+00:00
ORCL,1341439,0001564590-21-032994,2021-06-15,2021-06-15,8-K,sec_edgar,2026-08-06 23:15:34.711786+00:00
ORCL,1341439,0001564590-21-033616,2021-06-21,2021-05-31,10-K,sec_edgar,2026-08-06 23:15:34.711786+00:00
ORCL,1341439,0001193125-21-209906,2021-07-07,2021-06-30,8-K,sec_edgar,2026-08-06 23:15:34.711786+00:00
ORCL,1341439,0001193125-21-259458,2021-08-27,2021-08-27,8-K,sec_edgar,2026-08-06 23:15:34.711786+00:00
ORCL,1341439,0001564590-21-047772,2021-09-13,2021-08-31,10-Q,sec_edgar,2026-08-06 23:15:34.711786+00:00
ORCL,1341439,0001564590-21-047736,2021-09-13,2021-09-13,8-K,sec_edgar,2026-08-06 23:15:34.711786+00:00
ORCL,1341439,0001193125-21-328116,2021-11-12,2021-11-10,8-K,sec_edgar,2026-08-06 23:15:34.711786+00:00
ORCL,1341439,0001564590-21-059893,2021-12-09,2021-12-09,8-K,sec_edgar,2026-08-06 23:15:34.711786+00:00
ORCL,1341439,0001564590-21-060022,2021-12-10,2021-11-30,10-Q,sec_edgar,2026-08-06 23:15:34.711786+00:00
ORCL,1341439,0001193125-21-362532,2021-12-20,2021-12-20,8-K,sec_edgar,2026-08-06 23:15:34.711786+00:00
ORCL,1341439,0001193125-21-363742,2021-12-21,2021-12-20,8-K,sec_edgar,2026-08-06 23:15:34.711786+00:00
ORCL,1341439,0001564590-22-009640,2022-03-10,2022-03-10,8-K,sec_edgar,2026-08-06 23:15:34.711786+00:00
ORCL,1341439,0001564590-22-009859,2022-03-11,2022-02-28,10-Q,sec_edgar,2026-08-06 23:15:34.711786+00:00
ORCL,1341439,0001193125-22-083447,2022-03-24,2022-03-22,8-K,sec_edgar,2026-08-06 23:15:34.711786+00:00
ORCL,1341439,0001193125-22-169835,2022-06-08,2022-06-08,8-K,sec_edgar,2026-08-06 23:15:34.711786+00:00
ORCL,1341439,0001564590-22-023099,2022-06-13,2022-06-13,8-K,sec_edgar,2026-08-06 23:15:34.711786+00:00
ORCL,1341439,0001564590-22-023675,2022-06-21,2022-05-31,10-K,sec_edgar,2026-08-06 23:15:34.711786+00:00
ORCL,1341439,0001193125-22-187252,2022-07-01,2022-06-27,8-K,sec_edgar,2026-08-06 23:15:34.711786+00:00
ORCL,1341439,0001193125-22-191296,2022-07-11,2022-07-08,8-K,sec_edgar,2026-08-06 23:15:34.711786+00:00
ORCL,1341439,0001564590-22-031466,2022-09-12,2022-09-12,8-K,sec_edgar,2026-08-06 23:15:34.711786+00:00
ORCL,1341439,0001564590-22-031545,2022-09-13,2022-08-31,10-Q,sec_edgar,2026-08-06 23:15:34.711786+00:00
ORCL,1341439,0001193125-22-259611,2022-10-07,2022-10-04,8-K,sec_edgar,2026-08-06 23:15:34.711786+00:00
ORCL,1341439,0001193125-22-281194,2022-11-09,2022-11-09,8-K,sec_edgar,2026-08-06 23:15:34.711786+00:00
ORCL,1341439,0001193125-22-288990,2022-11-18,2022-11-16,8-K,sec_edgar,2026-08-06 23:15:34.711786+00:00
ORCL,1341439,0001564590-22-039236,2022-12-12,2022-12-12,8-K,sec_edgar,2026-08-06 23:15:34.711786+00:00
ORCL,1341439,0001564590-22-039278,2022-12-13,2022-11-30,10-Q,sec_edgar,2026-08-06 23:15:34.711786+00:00
ORCL,1341439,0001193125-23-025644,2023-02-06,2023-02-06,8-K,sec_edgar,2026-08-06 23:15:34.711786+00:00
ORCL,1341439,0001564590-23-003362,2023-03-09,2023-03-09,8-K,sec_edgar,2026-08-06 23:15:34.711786+00:00
ORCL,1341439,0001564590-23-003413,2023-03-10,2023-02-28,10-Q,sec_edgar,2026-08-06 23:15:34.711786+00:00
ORCL,1341439,0000950170-23-027490,2023-06-12,2023-06-12,8-K,sec_edgar,2026-08-06 23:15:34.711786+00:00
ORCL,1341439,0000950170-23-028914,2023-06-20,2023-05-31,10-K,sec_edgar,2026-08-06 23:15:34.711786+00:00
ORCL,1341439,0000950170-23-047471,2023-09-11,2023-09-11,8-K,sec_edgar,2026-08-06 23:15:34.711786+00:00
ORCL,1341439,0000950170-23-047713,2023-09-12,2023-08-31,10-Q,sec_edgar,2026-08-06 23:15:34.711786+00:00
ORCL,1341439,0001193125-23-279837,2023-11-17,2023-11-15,8-K,sec_edgar,2026-08-06 23:15:34.711786+00:00
ORCL,1341439,0000950170-23-069410,2023-12-11,2023-12-11,8-K,sec_edgar,2026-08-06 23:15:34.711786+00:00
ORCL,1341439,0000950170-23-069682,2023-12-12,2023-11-30,10-Q,sec_edgar,2026-08-06 23:15:34.711786+00:00
ORCL,1341439,0000950170-24-029250,2024-03-11,2024-03-11,8-K,sec_edgar,2026-08-06 23:15:34.711786+00:00
ORCL,1341439,0000950170-24-029904,2024-03-12,2024-02-29,10-Q,sec_edgar,2026-08-06 23:15:34.711786+00:00
ORCL,1341439,0000950170-24-071916,2024-06-11,2024-06-11,8-K,sec_edgar,2026-08-06 23:15:34.711786+00:00
ORCL,1341439,0000950170-24-075605,2024-06-20,2024-05-31,10-K,sec_edgar,2026-08-06 23:15:34.711786+00:00
ORCL,1341439,0000950170-24-104753,2024-09-09,2024-09-09,8-K,sec_edgar,2026-08-06 23:15:34.711786+00:00
ORCL,1341439,0000950170-24-104905,2024-09-10,2024-08-31,10-Q,sec_edgar,2026-08-06 23:15:34.711786+00:00
ORCL,1341439,0001193125-24-227971,2024-09-27,2024-09-27,8-K,sec_edgar,2026-08-06 23:15:34.711786+00:00
ORCL,1341439,0001193125-24-260986,2024-11-18,2024-11-14,8-K,sec_edgar,2026-08-06 23:15:34.711786+00:00
ORCL,1341439,0000950170-24-134537,2024-12-09,2024-12-09,8-K,sec_edgar,2026-08-06 23:15:34.711786+00:00
ORCL,1341439,0000950170-24-134973,2024-12-10,2024-11-30,10-Q,sec_edgar,2026-08-06 23:15:34.711786+00:00
ORCL,1341439,0001193125-25-005333,2025-01-13,2025-01-08,8-K,sec_edgar,2026-08-06 23:15:34.711786+00:00
ORCL,1341439,0001193125-25-010390,2025-01-22,2025-01-21,8-K,sec_edgar,2026-08-06 23:15:34.711786+00:00
ORCL,1341439,0001193125-25-019281,2025-02-03,2025-02-03,8-K,sec_edgar,2026-08-06 23:15:34.711786+00:00
ORCL,1341439,0000950170-25-036295,2025-03-10,2025-03-10,8-K,sec_edgar,2026-08-06 23:15:34.711786+00:00
ORCL,1341439,0000950170-25-037143,2025-03-11,2025-02-28,10-Q,sec_edgar,2026-08-06 23:15:34.711786+00:00
ORCL,1341439,0000950170-25-084831,2025-06-11,2025-06-11,8-K,sec_edgar,2026-08-06 23:15:34.711786+00:00
ORCL,1341439,0000950170-25-087926,2025-06-18,2025-05-31,10-K,sec_edgar,2026-08-06 23:15:34.711786+00:00
ORCL,1341439,0001193125-25-152035,2025-06-30,2025-06-30,8-K,sec_edgar,2026-08-06 23:15:34.711786+00:00
ORCL,1341439,0001193125-25-199175,2025-09-09,2025-09-09,8-K,sec_edgar,2026-08-06 23:15:34.711786+00:00
ORCL,1341439,0001193125-25-200095,2025-09-10,2025-08-31,10-Q,sec_edgar,2026-08-06 23:15:34.711786+00:00
ORCL,1341439,0001193125-25-210089,2025-09-22,2025-09-18,8-K,sec_edgar,2026-08-06 23:15:34.711786+00:00
ORCL,1341439,0001193125-25-220445,2025-09-26,2025-09-26,8-K,sec_edgar,2026-08-06 23:15:34.711786+00:00
ORCL,1341439,0001193125-25-291441,2025-11-21,2025-11-18,8-K,sec_edgar,2026-08-06 23:15:34.711786+00:00
ORCL,1341439,0001193125-25-314207,2025-12-10,2025-12-10,8-K,sec_edgar,2026-08-06 23:15:34.711786+00:00
ORCL,1341439,0001193125-25-315925,2025-12-11,2025-11-30,10-Q,sec_edgar,2026-08-06 23:15:34.711786+00:00
ORCL,1341439,0001193125-26-009002,2026-01-09,2026-01-05,8-K,sec_edgar,2026-08-06 23:15:34.711786+00:00
ORCL,1341439,0001193125-26-037840,2026-02-04,2026-02-02,8-K,sec_edgar,2026-08-06 23:15:34.711786+00:00
ORCL,1341439,0001193125-26-039344,2026-02-05,2026-02-02,8-K,sec_edgar,2026-08-06 23:15:34.711786+00:00
ORCL,1341439,0001193125-26-100148,2026-03-10,2026-03-10,8-K,sec_edgar,2026-08-06 23:15:34.711786+00:00
ORCL,1341439,0001193125-26-101045,2026-03-11,2026-02-28,10-Q,sec_edgar,2026-08-06 23:15:34.711786+00:00
ORCL,1341439,0001193125-26-142939,2026-04-06,2026-04-01,8-K,sec_edgar,2026-08-06 23:15:34.711786+00:00
ORCL,1341439,0001193125-26-219708,2026-05-12,2026-05-06,8-K,sec_edgar,2026-08-06 23:15:34.711786+00:00
ORCL,1341439,0001193125-26-265848,2026-06-10,2026-06-10,8-K,sec_edgar,2026-08-06 23:15:34.711786+00:00
ORCL,1341439,0001193125-26-277521,2026-06-22,2026-05-31,10-K,sec_edgar,2026-08-06 23:15:34.711786+00:00
TSLA,1318605,0001193125-10-177203,2010-08-04,2010-08-04,8-K,sec_edgar,2026-08-06 23:15:34.711786+00:00
TSLA,1318605,0001193125-10-188792,2010-08-13,2010-06-30,10-Q,sec_edgar,2026-08-06 23:15:34.711786+00:00
TSLA,1318605,0001193125-10-193098,2010-08-19,2010-08-13,8-K,sec_edgar,2026-08-06 23:15:34.711786+00:00
TSLA,1318605,0001193125-10-228867,2010-10-13,2010-10-06,8-K,sec_edgar,2026-08-06 23:15:34.711786+00:00
TSLA,1318605,0001193125-10-232709,2010-10-20,2010-10-19,8-K,sec_edgar,2026-08-06 23:15:34.711786+00:00
TSLA,1318605,0001193125-10-248220,2010-11-04,2010-11-02,8-K,sec_edgar,2026-08-06 23:15:34.711786+00:00
TSLA,1318605,0001193125-10-254219,2010-11-09,2010-11-09,8-K,sec_edgar,2026-08-06 23:15:34.711786+00:00
TSLA,1318605,0001193125-10-259068,2010-11-12,2010-09-30,10-Q,sec_edgar,2026-08-06 23:15:34.711786+00:00
TSLA,1318605,0001193125-10-281997,2010-12-16,2010-12-14,8-K,sec_edgar,2026-08-06 23:15:34.711786+00:00
TSLA,1318605,0001193125-11-002833,2011-01-06,2011-01-06,8-K,sec_edgar,2026-08-06 23:15:34.711786+00:00
TSLA,1318605,0001193125-11-002832,2011-01-06,2011-01-05,8-K,sec_edgar,2026-08-06 23:15:34.711786+00:00
TSLA,1318605,0001193125-11-036784,2011-02-15,2011-02-15,8-K,sec_edgar,2026-08-06 23:15:34.711786+00:00
TSLA,1318605,0001193125-11-054847,2011-03-03,2010-12-31,10-K,sec_edgar,2026-08-06 23:15:34.711786+00:00
TSLA,1318605,0001193125-11-126139,2011-05-04,2011-05-04,8-K,sec_edgar,2026-08-06 23:15:34.711786+00:00
TSLA,1318605,0001193125-11-139677,2011-05-13,2011-03-31,10-Q,sec_edgar,2026-08-06 23:15:34.711786+00:00
TSLA,1318605,0001193125-11-156213,2011-06-01,2011-05-25,8-K,sec_edgar,2026-08-06 23:15:34.711786+00:00
TSLA,1318605,0001193125-11-158545,2011-06-03,2011-06-01,8-K,sec_edgar,2026-08-06 23:15:34.711786+00:00
TSLA,1318605,0001193125-11-167522,2011-06-17,2011-06-13,8-K,sec_edgar,2026-08-06 23:15:34.711786+00:00
TSLA,1318605,0001193125-11-192198,2011-07-20,2011-07-15,8-K,sec_edgar,2026-08-06 23:15:34.711786+00:00
TSLA,1318605,0001193125-11-208287,2011-08-03,2011-08-03,8-K,sec_edgar,2026-08-06 23:15:34.711786+00:00
TSLA,1318605,0001193125-11-221497,2011-08-12,2011-06-30,10-Q,sec_edgar,2026-08-06 23:15:34.711786+00:00
TSLA,1318605,0001193125-11-230230,2011-08-24,2011-08-23,8-K,sec_edgar,2026-08-06 23:15:34.711786+00:00
TSLA,1318605,0001193125-11-267503,2011-10-11,2011-10-05,8-K,sec_edgar,2026-08-06 23:15:34.711786+00:00
TSLA,1318605,0001193125-11-292996,2011-11-02,2011-11-02,8-K,sec_edgar,2026-08-06 23:15:34.711786+00:00
TSLA,1318605,0001193125-11-308489,2011-11-14,2011-09-30,10-Q,sec_edgar,2026-08-06 23:15:34.711786+00:00
TSLA,1318605,0001193125-12-063402,2012-02-15,2012-02-15,8-K,sec_edgar,2026-08-06 23:15:34.711786+00:00
TSLA,1318605,0001193125-12-081990,2012-02-27,2011-12-31,10-K,sec_edgar,2026-08-06 23:15:34.711786+00:00
TSLA,1318605,0001193125-12-130763,2012-03-26,2012-03-20,8-K,sec_edgar,2026-08-06 23:15:34.711786+00:00
TSLA,1318605,0001193125-12-221988,2012-05-09,2012-05-09,8-K,sec_edgar,2026-08-06 23:15:34.711786+00:00
TSLA,1318605,0001193125-12-225825,2012-05-10,2012-03-31,10-Q,sec_edgar,2026-08-06 23:15:34.711786+00:00
TSLA,1318605,0001193125-12-265186,2012-06-08,2012-06-05,8-K,sec_edgar,2026-08-06 23:15:34.711786+00:00
TSLA,1318605,0001193125-12-314408,2012-07-25,2012-07-25,8-K,sec_edgar,2026-08-06 23:15:34.711786+00:00
TSLA,1318605,0001193125-12-332138,2012-08-02,2012-06-30,10-Q,sec_edgar,2026-08-06 23:15:34.711786+00:00
TSLA,1318605,0001193125-12-402293,2012-09-25,2012-09-24,8-K,sec_edgar,2026-08-06 23:15:34.711786+00:00
TSLA,1318605,0001193125-12-450383,2012-11-05,2012-11-05,8-K,sec_edgar,2026-08-06 23:15:34.711786+00:00
TSLA,1318605,0001193125-12-457610,2012-11-07,2012-09-30,10-Q,sec_edgar,2026-08-06 23:15:34.711786+00:00
TSLA,1318605,0001193125-12-506704,2012-12-18,2012-12-12,8-K,sec_edgar,2026-08-06 23:15:34.711786+00:00
TSLA,1318605,0001193125-13-067177,2013-02-20,2013-02-20,8-K,sec_edgar,2026-08-06 23:15:34.711786+00:00
TSLA,1318605,0001193125-13-096241,2013-03-07,2012-12-31,10-K,sec_edgar,2026-08-06 23:15:34.711786+00:00
TSLA,1318605,0001193125-13-096223,2013-03-07,2013-03-06,8-K,sec_edgar,2026-08-06 23:15:34.711786+00:00
TSLA,1318605,0001193125-13-135229,2013-04-01,2013-03-31,8-K,sec_edgar,2026-08-06 23:15:34.711786+00:00
TSLA,1318605,0001193125-13-207910,2013-05-08,2013-05-08,8-K,sec_edgar,2026-08-06 23:15:34.711786+00:00
TSLA,1318605,0001193125-13-212354,2013-05-10,2013-03-31,10-Q,sec_edgar,2026-08-06 23:15:34.711786+00:00
TSLA,1318605,0001193125-13-222376,2013-05-15,2013-05-14,8-K,sec_edgar,2026-08-06 23:15:34.711786+00:00
TSLA,1318605,0001193125-13-227959,2013-05-20,2013-05-14,8-K,sec_edgar,2026-08-06 23:15:34.711786+00:00
TSLA,1318605,0001193125-13-231437,2013-05-22,2013-05-16,8-K,sec_edgar,2026-08-06 23:15:34.711786+00:00
TSLA,1318605,0001193125-13-241569,2013-05-30,2013-05-24,8-K,sec_edgar,2026-08-06 23:15:34.711786+00:00
TSLA,1318605,0001193125-13-250185,2013-06-06,2013-06-04,8-K,sec_edgar,2026-08-06 23:15:34.711786+00:00
TSLA,1318605,0001193125-13-324129,2013-08-07,2013-08-07,8-K,sec_edgar,2026-08-06 23:15:34.711786+00:00
TSLA,1318605,0001193125-13-327916,2013-08-09,2013-06-30,10-Q,sec_edgar,2026-08-06 23:15:34.711786+00:00
TSLA,1318605,0001193125-13-416922,2013-10-30,2013-10-29,8-K,sec_edgar,2026-08-06 23:15:34.711786+00:00
TSLA,1318605,0001193125-13-427630,2013-11-05,2013-11-05,8-K,sec_edgar,2026-08-06 23:15:34.711786+00:00
TSLA,1318605,0001193125-13-435480,2013-11-08,2013-09-30,10-Q,sec_edgar,2026-08-06 23:15:34.711786+00:00
TSLA,1318605,0001193125-14-012002,2014-01-15,2014-01-14,8-K,sec_edgar,2026-08-06 23:15:34.711786+00:00
TSLA,1318605,0001193125-14-058778,2014-02-19,2014-02-19,8-K,sec_edgar,2026-08-06 23:15:34.711786+00:00
TSLA,1318605,0001193125-14-069779,2014-02-26,2014-02-26,8-K,sec_edgar,2026-08-06 23:15:34.711786+00:00
TSLA,1318605,0001193125-14-069704,2014-02-26,2014-02-26,8-K,sec_edgar,2026-08-06 23:15:34.711786+00:00
TSLA,1318605,0001193125-14-069681,2014-02-26,2013-12-31,10-K,sec_edgar,2026-08-06 23:15:34.711786+00:00
TSLA,1318605,0001193125-14-084484,2014-03-05,2014-02-27,8-K,sec_edgar,2026-08-06 23:15:34.711786+00:00
TSLA,1318605,0001193125-14-129178,2014-04-03,2014-03-28,8-K,sec_edgar,2026-08-06 23:15:34.711786+00:00
TSLA,1318605,0001193125-14-187459,2014-05-07,2014-05-07,8-K,sec_edgar,2026-08-06 23:15:34.711786+00:00
TSLA,1318605,0001193125-14-192606,2014-05-09,2014-03-31,10-Q,sec_edgar,2026-08-06 23:15:34.711786+00:00
TSLA,1318605,0001193125-14-228961,2014-06-06,2014-06-03,8-K,sec_edgar,2026-08-06 23:15:34.711786+00:00
TSLA,1318605,0001193125-14-289598,2014-07-31,2014-07-31,8-K,sec_edgar,2026-08-06 23:15:34.711786+00:00
TSLA,1318605,0001193125-14-290187,2014-08-01,2014-07-31,8-K,sec_edgar,2026-08-06 23:15:34.711786+00:00
TSLA,1318605,0001193125-14-297582,2014-08-06,2014-08-04,8-K,sec_edgar,2026-08-06 23:15:34.711786+00:00
TSLA,1318605,0001193125-14-303175,2014-08-08,2014-06-30,10-Q,sec_edgar,2026-08-06 23:15:34.711786+00:00
TSLA,1318605,0001193125-14-363488,2014-10-03,2014-10-01,8-K,sec_edgar,2026-08-06 23:15:34.711786+00:00
TSLA,1318605,0001193125-14-398650,2014-11-05,2014-11-05,8-K,sec_edgar,2026-08-06 23:15:34.711786+00:00
TSLA,1318605,0001193125-14-403635,2014-11-07,2014-09-30,10-Q,sec_edgar,2026-08-06 23:15:34.711786+00:00
TSLA,1318605,0001193125-15-044423,2015-02-11,2015-02-11,8-K,sec_edgar,2026-08-06 23:15:34.711786+00:00
TSLA,1318605,0001564590-15-001031,2015-02-26,2014-12-31,10-K,sec_edgar,2026-08-06 23:15:34.711786+00:00
TSLA,1318605,0001564590-15-001405,2015-03-06,2015-03-03,8-K,sec_edgar,2026-08-06 23:15:34.711786+00:00
TSLA,1318605,0001193125-15-118602,2015-04-03,2015-04-03,8-K,sec_edgar,2026-08-06 23:15:34.711786+00:00
TSLA,1318605,0001193125-15-174639,2015-05-06,2015-05-06,8-K,sec_edgar,2026-08-06 23:15:34.711786+00:00
TSLA,1318605,0001564590-15-003789,2015-05-11,2015-03-31,10-Q,sec_edgar,2026-08-06 23:15:34.711786+00:00
TSLA,1318605,0001193125-15-219469,2015-06-10,2015-06-08,8-K,sec_edgar,2026-08-06 23:15:34.711786+00:00
TSLA,1318605,0001193125-15-222013,2015-06-12,2015-06-10,8-K,sec_edgar,2026-08-06 23:15:34.711786+00:00
TSLA,1318605,0001193125-15-243538,2015-07-02,2015-07-02,8-K,sec_edgar,2026-08-06 23:15:34.711786+00:00
TSLA,1318605,0001193125-15-278803,2015-08-05,2015-08-05,8-K,sec_edgar,2026-08-06 23:15:34.711786+00:00
TSLA,1318605,0001564590-15-006666,2015-08-07,2015-06-30,10-Q,sec_edgar,2026-08-06 23:15:34.711786+00:00
TSLA,1318605,0001193125-15-296117,2015-08-19,2015-08-13,8-K,sec_edgar,2026-08-06 23:15:34.711786+00:00
TSLA,1318605,0001193125-15-336526,2015-10-02,2015-10-02,8-K,sec_edgar,2026-08-06 23:15:34.711786+00:00
TSLA,1318605,0001193125-15-364285,2015-11-03,2015-11-03,8-K,sec_edgar,2026-08-06 23:15:34.711786+00:00
TSLA,1318605,0001193125-15-364590,2015-11-04,2015-11-03,8-K,sec_edgar,2026-08-06 23:15:34.711786+00:00
TSLA,1318605,0001564590-15-009741,2015-11-05,2015-09-30,10-Q,sec_edgar,2026-08-06 23:15:34.711786+00:00
TSLA,1318605,0001193125-16-418701,2016-01-04,2016-01-03,8-K,sec_edgar,2026-08-06 23:15:34.711786+00:00
TSLA,1318605,0001193125-16-457674,2016-02-10,2016-02-09,8-K,sec_edgar,2026-08-06 23:15:34.711786+00:00
TSLA,1318605,0001564590-16-013195,2016-02-24,2015-12-31,10-K,sec_edgar,2026-08-06 23:15:34.711786+00:00
TSLA,1318605,0001564590-16-014593,2016-03-11,2016-03-11,8-K,sec_edgar,2026-08-06 23:15:34.711786+00:00
TSLA,1318605,0001564590-16-015857,2016-04-04,2016-04-04,8-K,sec_edgar,2026-08-06 23:15:34.711786+00:00
TSLA,1318605,0001193125-16-577582,2016-05-04,2016-05-04,8-K,sec_edgar,2026-08-06 23:15:34.711786+00:00
TSLA,1318605,0001564590-16-018886,2016-05-10,2016-03-31,10-Q,sec_edgar,2026-08-06 23:15:34.711786+00:00
TSLA,1318605,0001193125-16-600683,2016-05-24,2016-05-18,8-K,sec_edgar,2026-08-06 23:15:34.711786+00:00
TSLA,1318605,0001193125-16-602294,2016-05-25,2016-05-19,8-K,sec_edgar,2026-08-06 23:15:34.711786+00:00
TSLA,1318605,0001564590-16-020278,2016-06-03,2016-05-31,8-K,sec_edgar,2026-08-06 23:15:34.711786+00:00
TSLA,1318605,0001193125-16-627915,2016-06-21,2016-06-20,8-K,sec_edgar,2026-08-06 23:15:34.711786+00:00
TSLA,1318605,0001564590-16-021035,2016-07-05,2016-07-03,8-K,sec_edgar,2026-08-06 23:15:34.711786+00:00
TSLA,1318605,0001193125-16-665620,2016-08-01,2016-07-31,8-K,sec_edgar,2026-08-06 23:15:34.711786+00:00
TSLA,1318605,0001193125-16-670068,2016-08-03,2016-08-03,8-K,sec_edgar,2026-08-06 23:15:34.711786+00:00
TSLA,1318605,0001564590-16-023024,2016-08-05,2016-06-30,10-Q,sec_edgar,2026-08-06 23:15:34.711786+00:00
TSLA,1318605,0001564590-16-022836,2016-08-05,2016-08-05,8-K,sec_edgar,2026-08-06 23:15:34.711786+00:00
TSLA,1318605,0001564590-16-024985,2016-09-07,2016-08-31,8-K,sec_edgar,2026-08-06 23:15:34.711786+00:00
TSLA,1318605,0001564590-16-025408,2016-09-23,2016-09-23,8-K,sec_edgar,2026-08-06 23:15:34.711786+00:00
TSLA,1318605,0001564590-16-025573,2016-10-03,2016-10-02,8-K,sec_edgar,2026-08-06 23:15:34.711786+00:00
TSLA,1318605,0001193125-16-735804,2016-10-11,2016-10-11,8-K,sec_edgar,2026-08-06 23:15:34.711786+00:00
TSLA,1318605,0001193125-16-747973,2016-10-26,2016-10-26,8-K,sec_edgar,2026-08-06 23:15:34.711786+00:00
TSLA,1318605,0001564590-16-026820,2016-11-02,2016-09-30,10-Q,sec_edgar,2026-08-06 23:15:34.711786+00:00
TSLA,1318605,0001193125-16-767059,2016-11-14,2016-11-14,8-K,sec_edgar,2026-08-06 23:15:34.711786+00:00
TSLA,1318605,0001193125-16-772291,2016-11-18,2016-11-17,8-K,sec_edgar,2026-08-06 23:15:34.711786+00:00
TSLA,1318605,0001193125-16-773705,2016-11-21,2016-11-21,8-K,sec_edgar,2026-08-06 23:15:34.711786+00:00
TSLA,1318605,0001564590-16-030359,2016-12-20,2016-12-15,8-K,sec_edgar,2026-08-06 23:15:34.711786+00:00
TSLA,1318605,0001564590-17-000024,2017-01-03,2017-01-03,8-K,sec_edgar,2026-08-06 23:15:34.711786+00:00
TSLA,1318605,0001564590-17-000802,2017-02-01,2017-02-01,8-K,sec_edgar,2026-08-06 23:15:34.711786+00:00
TSLA,1318605,0001193125-17-052093,2017-02-22,2017-02-22,8-K,sec_edgar,2026-08-06 23:15:34.711786+00:00
TSLA,1318605,0001564590-17-002397,2017-02-24,2017-02-21,8-K,sec_edgar,2026-08-06 23:15:34.711786+00:00
TSLA,1318605,0001564590-17-003118,2017-03-01,2016-12-31,10-K,sec_edgar,2026-08-06 23:15:34.711786+00:00
TSLA,1318605,0001193125-17-083740,2017-03-15,2017-03-15,8-K,sec_edgar,2026-08-06 23:15:34.711786+00:00
TSLA,1318605,0001193125-17-087428,2017-03-17,2017-03-15,8-K,sec_edgar,2026-08-06 23:15:34.711786+00:00
TSLA,1318605,0001193125-17-092269,2017-03-22,2017-03-16,8-K,sec_edgar,2026-08-06 23:15:34.711786+00:00
TSLA,1318605,0001193125-17-104210,2017-03-30,2017-03-27,8-K,sec_edgar,2026-08-06 23:15:34.711786+00:00
TSLA,1318605,0001564590-17-005875,2017-04-03,2017-04-02,8-K,sec_edgar,2026-08-06 23:15:34.711786+00:00
TSLA,1318605,0001564590-17-008395,2017-05-03,2017-05-03,8-K,sec_edgar,2026-08-06 23:15:34.711786+00:00
TSLA,1318605,0001564590-17-009968,2017-05-10,2017-03-31,10-Q,sec_edgar,2026-08-06 23:15:34.711786+00:00
TSLA,1318605,0001564590-17-011982,2017-06-01,2017-05-31,8-K,sec_edgar,2026-08-06 23:15:34.711786+00:00
TSLA,1318605,0001564590-17-012264,2017-06-08,2017-06-06,8-K,sec_edgar,2026-08-06 23:15:34.711786+00:00
TSLA,1318605,0001564590-17-012932,2017-06-23,2017-06-19,8-K,sec_edgar,2026-08-06 23:15:34.711786+00:00
TSLA,1318605,0001564590-17-013123,2017-06-29,2017-06-29,8-K,sec_edgar,2026-08-06 23:15:34.711786+00:00
TSLA,1318605,0001564590-17-013176,2017-07-03,2017-07-03,8-K,sec_edgar,2026-08-06 23:15:34.711786+00:00
TSLA,1318605,0001564590-17-013276,2017-07-07,2017-07-07,8-K,sec_edgar,2026-08-06 23:15:34.711786+00:00
TSLA,1318605,0001564590-17-013548,2017-07-17,2017-07-17,8-K,sec_edgar,2026-08-06 23:15:34.711786+00:00
TSLA,1318605,0001564590-17-014920,2017-08-02,2017-08-02,8-K,sec_edgar,2026-08-06 23:15:34.711786+00:00
TSLA,1318605,0001564590-17-015705,2017-08-04,2017-06-30,10-Q,sec_edgar,2026-08-06 23:15:34.711786+00:00
TSLA,1318605,0001564590-17-017445,2017-08-11,2017-08-07,8-K,sec_edgar,2026-08-06 23:15:34.711786+00:00
TSLA,1318605,0001564590-17-017989,2017-08-23,2017-08-17,8-K,sec_edgar,2026-08-06 23:15:34.711786+00:00
TSLA,1318605,0001564590-17-019158,2017-10-02,2017-10-02,8-K,sec_edgar,2026-08-06 23:15:34.711786+00:00
TSLA,1318605,0001564590-17-019697,2017-10-20,2017-10-18,8-K,sec_edgar,2026-08-06 23:15:34.711786+00:00
TSLA,1318605,0001564590-17-020822,2017-11-01,2017-11-01,8-K,sec_edgar,2026-08-06 23:15:34.711786+00:00
TSLA,1318605,0001564590-17-021343,2017-11-03,2017-09-30,10-Q,sec_edgar,2026-08-06 23:15:34.711786+00:00
TSLA,1318605,0001564590-18-000054,2018-01-03,2018-01-03,8-K,sec_edgar,2026-08-06 23:15:34.711786+00:00
TSLA,1318605,0001193125-18-016648,2018-01-23,2018-01-23,8-K,sec_edgar,2026-08-06 23:15:34.711786+00:00
TSLA,1318605,0001564590-18-001521,2018-02-07,2018-02-07,8-K,sec_edgar,2026-08-06 23:15:34.711786+00:00
TSLA,1318605,0001564590-18-001693,2018-02-08,2018-02-02,8-K,sec_edgar,2026-08-06 23:15:34.711786+00:00
TSLA,1318605,0001564590-18-001786,2018-02-09,2018-02-09,8-K,sec_edgar,2026-08-06 23:15:34.711786+00:00
TSLA,1318605,0001564590-18-002956,2018-02-23,2017-12-31,10-K,sec_edgar,2026-08-06 23:15:34.711786+00:00
TSLA,1318605,0001564590-18-004979,2018-03-08,2018-03-07,8-K,sec_edgar,2026-08-06 23:15:34.711786+00:00
TSLA,1318605,0001564590-18-006479,2018-03-21,2018-03-21,8-K,sec_edgar,2026-08-06 23:15:34.711786+00:00
TSLA,1318605,0001564590-18-007463,2018-04-03,2018-04-03,8-K,sec_edgar,2026-08-06 23:15:34.711786+00:00
TSLA,1318605,0001564590-18-010306,2018-05-02,2018-05-02,8-K,sec_edgar,2026-08-06 23:15:34.711786+00:00
TSLA,1318605,0001564590-18-011086,2018-05-07,2018-03-31,10-Q,sec_edgar,2026-08-06 23:15:34.711786+00:00
TSLA,1318605,0001564590-18-015129,2018-06-06,2018-06-05,8-K,sec_edgar,2026-08-06 23:15:34.711786+00:00
TSLA,1318605,0001564590-18-016494,2018-07-02,2018-06-27,8-K,sec_edgar,2026-08-06 23:15:34.711786+00:00
TSLA,1318605,0001564590-18-016465,2018-07-02,2018-07-02,8-K,sec_edgar,2026-08-06 23:15:34.711786+00:00
TSLA,1318605,0001564590-18-017908,2018-07-30,2018-07-30,8-K,sec_edgar,2026-08-06 23:15:34.711786+00:00
TSLA,1318605,0001564590-18-018490,2018-08-01,2018-08-01,8-K,sec_edgar,2026-08-06 23:15:34.711786+00:00
TSLA,1318605,0001564590-18-019254,2018-08-06,2018-06-30,10-Q,sec_edgar,2026-08-06 23:15:34.711786+00:00
TSLA,1318605,0001564590-18-021585,2018-08-14,2018-08-14,8-K,sec_edgar,2026-08-06 23:15:34.711786+00:00
TSLA,1318605,0001564590-18-022131,2018-08-21,2018-08-16,8-K,sec_edgar,2026-08-06 23:15:34.711786+00:00
TSLA,1318605,0001564590-18-022798,2018-09-07,2018-09-04,8-K,sec_edgar,2026-08-06 23:15:34.711786+00:00
TSLA,1318605,0001564590-18-023716,2018-10-01,2018-09-30,8-K,sec_edgar,2026-08-06 23:15:34.711786+00:00
TSLA,1318605,0001564590-18-023815,2018-10-02,2018-10-02,8-K,sec_edgar,2026-08-06 23:15:34.711786+00:00
TSLA,1318605,0001564590-18-024373,2018-10-17,2018-10-16,8-K,sec_edgar,2026-08-06 23:15:34.711786+00:00
TSLA,1318605,0001564590-18-024902,2018-10-24,2018-10-24,8-K,sec_edgar,2026-08-06 23:15:34.711786+00:00
TSLA,1318605,0001564590-18-026353,2018-11-02,2018-09-30,10-Q,sec_edgar,2026-08-06 23:15:34.711786+00:00
TSLA,1318605,0001564590-18-028241,2018-11-08,2018-11-07,8-K,sec_edgar,2026-08-06 23:15:34.711786+00:00
TSLA,1318605,0001564590-18-031477,2018-12-28,2018-12-27,8-K,sec_edgar,2026-08-06 23:15:34.711786+00:00
TSLA,1318605,0001564590-19-000013,2019-01-02,2019-01-02,8-K,sec_edgar,2026-08-06 23:15:34.711786+00:00
TSLA,1318605,0001564590-19-000190,2019-01-04,2018-12-28,8-K,sec_edgar,2026-08-06 23:15:34.711786+00:00
TSLA,1318605,0001564590-19-000740,2019-01-18,2019-01-18,8-K,sec_edgar,2026-08-06 23:15:34.711786+00:00
TSLA,1318605,0001564590-19-001399,2019-01-30,2019-01-30,8-K,sec_edgar,2026-08-06 23:15:34.711786+00:00
TSLA,1318605,0001564590-19-001597,2019-02-01,2019-01-29,8-K,sec_edgar,2026-08-06 23:15:34.711786+00:00
TSLA,1318605,0001564590-19-003165,2019-02-19,2018-12-31,10-K,sec_edgar,2026-08-06 23:15:34.711786+00:00
TSLA,1318605,0001564590-19-005560,2019-03-01,2019-02-28,8-K,sec_edgar,2026-08-06 23:15:34.711786+00:00
TSLA,1318605,0001564590-19-006788,2019-03-07,2019-03-01,8-K,sec_edgar,2026-08-06 23:15:34.711786+00:00
TSLA,1318605,0001564590-19-007080,2019-03-11,2019-03-10,8-K,sec_edgar,2026-08-06 23:15:34.711786+00:00
TSLA,1318605,0001564590-19-007669,2019-03-14,2019-03-13,8-K,sec_edgar,2026-08-06 23:15:34.711786+00:00
TSLA,1318605,0001564590-19-010743,2019-04-04,2019-04-03,8-K,sec_edgar,2026-08-06 23:15:34.711786+00:00
TSLA,1318605,0001564590-19-012122,2019-04-19,2019-04-18,8-K,sec_edgar,2026-08-06 23:15:34.711786+00:00
TSLA,1318605,0001564590-19-012758,2019-04-24,2019-04-24,8-K,sec_edgar,2026-08-06 23:15:34.711786+00:00
TSLA,1318605,0001564590-19-013462,2019-04-29,2019-03-31,10-Q,sec_edgar,2026-08-06 23:15:34.711786+00:00
TSLA,1318605,0001193125-19-135910,2019-05-03,2019-05-01,8-K,sec_edgar,2026-08-06 23:15:34.711786+00:00
TSLA,1318605,0001564590-19-016764,2019-05-08,2019-05-03,8-K,sec_edgar,2026-08-06 23:15:34.711786+00:00
TSLA,1318605,0001564590-19-018876,2019-05-13,2019-05-13,8-K,sec_edgar,2026-08-06 23:15:34.711786+00:00
TSLA,1318605,0001564590-19-022354,2019-06-12,2019-06-11,8-K,sec_edgar,2026-08-06 23:15:34.711786+00:00
TSLA,1318605,0001564590-19-024414,2019-07-02,2019-07-02,8-K,sec_edgar,2026-08-06 23:15:34.711786+00:00
TSLA,1318605,0001564590-19-025855,2019-07-24,2019-07-24,8-K,sec_edgar,2026-08-06 23:15:34.711786+00:00
TSLA,1318605,0001564590-19-026445,2019-07-29,2019-06-30,10-Q,sec_edgar,2026-08-06 23:15:34.711786+00:00
TSLA,1318605,0001564590-19-032484,2019-08-16,2019-08-16,8-K,sec_edgar,2026-08-06 23:15:34.711786+00:00
TSLA,1318605,0001564590-19-036274,2019-10-02,2019-09-26,8-K,sec_edgar,2026-08-06 23:15:34.711786+00:00
TSLA,1318605,0001564590-19-037581,2019-10-23,2019-10-23,8-K,sec_edgar,2026-08-06 23:15:34.711786+00:00
TSLA,1318605,0001564590-19-038256,2019-10-29,2019-09-30,10-Q,sec_edgar,2026-08-06 23:15:34.711786+00:00
TSLA,1318605,0001564590-19-046961,2019-12-26,2019-12-18,8-K,sec_edgar,2026-08-06 23:15:34.711786+00:00
TSLA,1318605,0001564590-20-000161,2020-01-03,2020-01-03,8-K,sec_edgar,2026-08-06 23:15:34.711786+00:00
TSLA,1318605,0001564590-20-002489,2020-01-29,2020-01-29,8-K,sec_edgar,2026-08-06 23:15:34.711786+00:00
TSLA,1318605,0001564590-20-004475,2020-02-13,2019-12-31,10-K,sec_edgar,2026-08-06 23:15:34.711786+00:00
TSLA,1318605,0001564590-20-005288,2020-02-19,2020-02-13,8-K,sec_edgar,2026-08-06 23:15:34.711786+00:00
TSLA,1318605,0001564590-20-011823,2020-03-19,2020-03-19,8-K,sec_edgar,2026-08-06 23:15:34.711786+00:00
TSLA,1318605,0001564590-20-014992,2020-04-02,2020-04-02,8-K,sec_edgar,2026-08-06 23:15:34.711786+00:00
TSLA,1318605,0001564590-20-018196,2020-04-23,2020-04-23,8-K,sec_edgar,2026-08-06 23:15:34.711786+00:00
TSLA,1318605,0001564590-20-019776,2020-04-29,2020-04-29,8-K,sec_edgar,2026-08-06 23:15:34.711786+00:00
TSLA,1318605,0001564590-20-019931,2020-04-30,2020-03-31,10-Q,sec_edgar,2026-08-06 23:15:34.711786+00:00
TSLA,1318605,0001564590-20-022062,2020-05-06,2020-04-30,8-K,sec_edgar,2026-08-06 23:15:34.711786+00:00
TSLA,1318605,0001564590-20-023655,2020-05-08,2020-05-07,8-K,sec_edgar,2026-08-06 23:15:34.711786+00:00
TSLA,1318605,0001564590-20-029536,2020-06-16,2020-06-10,8-K,sec_edgar,2026-08-06 23:15:34.711786+00:00
TSLA,1318605,0001564590-20-031314,2020-06-30,2020-06-24,8-K,sec_edgar,2026-08-06 23:15:34.711786+00:00
TSLA,1318605,0001564590-20-031568,2020-07-02,2020-07-02,8-K,sec_edgar,2026-08-06 23:15:34.711786+00:00
TSLA,1318605,0001564590-20-033069,2020-07-22,2020-07-22,8-K,sec_edgar,2026-08-06 23:15:34.711786+00:00
TSLA,1318605,0001564590-20-033670,2020-07-28,2020-06-30,10-Q,sec_edgar,2026-08-06 23:15:34.711786+00:00
TSLA,1318605,0001564590-20-039353,2020-08-11,2020-08-11,8-K,sec_edgar,2026-08-06 23:15:34.711786+00:00
TSLA,1318605,0001193125-20-236678,2020-09-01,2020-08-28,8-K,sec_edgar,2026-08-06 23:15:34.711786+00:00
TSLA,1318605,0001564590-20-042696,2020-09-08,2020-09-04,8-K,sec_edgar,2026-08-06 23:15:34.711786+00:00
TSLA,1318605,0001564590-20-044548,2020-09-24,2020-09-22,8-K,sec_edgar,2026-08-06 23:15:34.711786+00:00
TSLA,1318605,0001564590-20-045592,2020-10-02,2020-10-02,8-K,sec_edgar,2026-08-06 23:15:34.711786+00:00
TSLA,1318605,0001564590-20-047108,2020-10-21,2020-10-21,8-K,sec_edgar,2026-08-06 23:15:34.711786+00:00
TSLA,1318605,0001564590-20-047486,2020-10-26,2020-09-30,10-Q,sec_edgar,2026-08-06 23:15:34.711786+00:00
TSLA,1318605,0001193125-20-312194,2020-12-08,2020-12-08,8-K,sec_edgar,2026-08-06 23:15:34.711786+00:00
TSLA,1318605,0001564590-20-056725,2020-12-10,2020-12-09,8-K,sec_edgar,2026-08-06 23:15:34.711786+00:00
TSLA,1318605,0001564590-21-000010,2021-01-04,2020-12-29,8-K,sec_edgar,2026-08-06 23:15:34.711786+00:00
TSLA,1318605,0001564590-21-000008,2021-01-04,2021-01-02,8-K,sec_edgar,2026-08-06 23:15:34.711786+00:00
TSLA,1318605,0001564590-21-002645,2021-01-27,2021-01-27,8-K,sec_edgar,2026-08-06 23:15:34.711786+00:00
TSLA,1318605,0001564590-21-004599,2021-02-08,2020-12-31,10-K,sec_edgar,2026-08-06 23:15:34.711786+00:00
TSLA,1318605,0001564590-21-012981,2021-03-15,2021-03-15,8-K,sec_edgar,2026-08-06 23:15:34.711786+00:00
TSLA,1318605,0001564590-21-012962,2021-03-15,2021-03-11,8-K,sec_edgar,2026-08-06 23:15:34.711786+00:00
TSLA,1318605,0001564590-21-017443,2021-04-02,2021-04-02,8-K,sec_edgar,2026-08-06 23:15:34.711786+00:00
TSLA,1318605,0001564590-21-020558,2021-04-26,2021-04-26,8-K,sec_edgar,2026-08-06 23:15:34.711786+00:00
TSLA,1318605,0000950170-21-000046,2021-04-28,2021-03-31,10-Q,sec_edgar,2026-08-06 23:15:34.711786+00:00
TSLA,1318605,0001564590-21-031976,2021-06-07,2021-06-03,8-K,sec_edgar,2026-08-06 23:15:34.711786+00:00
TSLA,1318605,0000950170-21-000423,2021-07-02,2021-07-02,8-K,sec_edgar,2026-08-06 23:15:34.711786+00:00
TSLA,1318605,0001564590-21-037953,2021-07-26,2021-07-26,8-K,sec_edgar,2026-08-06 23:15:34.711786+00:00
TSLA,1318605,0000950170-21-000524,2021-07-27,2021-06-30,10-Q,sec_edgar,2026-08-06 23:15:34.711786+00:00
TSLA,1318605,0001564590-21-046390,2021-08-30,2021-08-27,8-K,sec_edgar,2026-08-06 23:15:34.711786+00:00
TSLA,1318605,0001564590-21-049874,2021-10-04,2021-10-02,8-K,sec_edgar,2026-08-06 23:15:34.711786+00:00
TSLA,1318605,0001564590-21-050737,2021-10-13,2021-10-07,8-K,sec_edgar,2026-08-06 23:15:34.711786+00:00
TSLA,1318605,0001564590-21-051307,2021-10-20,2021-10-20,8-K,sec_edgar,2026-08-06 23:15:34.711786+00:00
TSLA,1318605,0000950170-21-002253,2021-10-25,2021-09-30,10-Q,sec_edgar,2026-08-06 23:15:34.711786+00:00
TSLA,1318605,0001564590-21-058953,2021-12-01,2021-12-01,8-K,sec_edgar,2026-08-06 23:15:34.711786+00:00
TSLA,1318605,0001564590-22-000009,2022-01-03,2022-01-02,8-K,sec_edgar,2026-08-06 23:15:34.711786+00:00
TSLA,1318605,0001564590-22-002476,2022-01-26,2022-01-26,8-K,sec_edgar,2026-08-06 23:15:34.711786+00:00
TSLA,1318605,0000950170-22-000796,2022-02-07,2021-12-31,10-K,sec_edgar,2026-08-06 23:15:34.711786+00:00
TSLA,1318605,0001564590-22-011875,2022-03-28,2022-03-28,8-K,sec_edgar,2026-08-06 23:15:34.711786+00:00
TSLA,1318605,0001564590-22-013264,2022-04-04,2022-04-02,8-K,sec_edgar,2026-08-06 23:15:34.711786+00:00
TSLA,1318605,0001564590-22-014917,2022-04-20,2022-04-20,8-K,sec_edgar,2026-08-06 23:15:34.711786+00:00
TSLA,1318605,0000950170-22-006034,2022-04-25,2022-03-31,10-Q,sec_edgar,2026-08-06 23:15:34.711786+00:00
TSLA,1318605,0001564590-22-017214,2022-05-03,2022-05-02,8-K,sec_edgar,2026-08-06 23:15:34.711786+00:00
TSLA,1318605,0001564590-22-025153,2022-07-05,2022-07-02,8-K,sec_edgar,2026-08-06 23:15:34.711786+00:00
TSLA,1318605,0001564590-22-026048,2022-07-20,2022-07-20,8-K,sec_edgar,2026-08-06 23:15:34.711786+00:00
TSLA,1318605,0000950170-22-012936,2022-07-25,2022-06-30,10-Q,sec_edgar,2026-08-06 23:15:34.711786+00:00
TSLA,1318605,0001564590-22-028207,2022-08-05,2022-08-04,8-K,sec_edgar,2026-08-06 23:15:34.711786+00:00
TSLA,1318605,0001564590-22-032575,2022-09-28,2022-09-25,8-K,sec_edgar,2026-08-06 23:15:34.711786+00:00
TSLA,1318605,0001564590-22-033053,2022-10-03,2022-10-02,8-K,sec_edgar,2026-08-06 23:15:34.711786+00:00
TSLA,1318605,0001564590-22-034639,2022-10-19,2022-10-19,8-K,sec_edgar,2026-08-06 23:15:34.711786+00:00
TSLA,1318605,0000950170-22-019867,2022-10-24,2022-09-30,10-Q,sec_edgar,2026-08-06 23:15:34.711786+00:00
TSLA,1318605,0001564590-23-000002,2023-01-03,2023-01-02,8-K,sec_edgar,2026-08-06 23:15:34.711786+00:00
TSLA,1318605,0001564590-23-000799,2023-01-25,2023-01-20,8-K,sec_edgar,2026-08-06 23:15:34.711786+00:00
TSLA,1318605,0000950170-23-001409,2023-01-31,2022-12-31,10-K,sec_edgar,2026-08-06 23:15:34.711786+00:00
TSLA,1318605,0001564590-23-005126,2023-04-03,2023-04-02,8-K,sec_edgar,2026-08-06 23:15:34.711786+00:00
TSLA,1318605,0001564590-23-005462,2023-04-05,2023-03-30,8-K,sec_edgar,2026-08-06 23:15:34.711786+00:00
TSLA,1318605,0001564590-23-005959,2023-04-19,2023-04-19,8-K,sec_edgar,2026-08-06 23:15:34.711786+00:00
TSLA,1318605,0000950170-23-013890,2023-04-24,2023-03-31,10-Q,sec_edgar,2026-08-06 23:15:34.711786+00:00
TSLA,1318605,0001564590-23-007379,2023-05-22,2023-05-16,8-K,sec_edgar,2026-08-06 23:15:34.711786+00:00
TSLA,1318605,0000950170-23-031241,2023-07-03,2023-07-02,8-K,sec_edgar,2026-08-06 23:15:34.711786+00:00
TSLA,1318605,0000950170-23-033544,2023-07-19,2023-07-19,8-K,sec_edgar,2026-08-06 23:15:34.711786+00:00
TSLA,1318605,0000950170-23-033695,2023-07-20,2023-07-19,8-K,sec_edgar,2026-08-06 23:15:34.711786+00:00
TSLA,1318605,0000950170-23-033872,2023-07-24,2023-06-30,10-Q,sec_edgar,2026-08-06 23:15:34.711786+00:00
TSLA,1318605,0000950170-23-038779,2023-08-07,2023-08-04,8-K,sec_edgar,2026-08-06 23:15:34.711786+00:00
TSLA,1318605,0000950170-23-050938,2023-10-02,2023-10-02,8-K,sec_edgar,2026-08-06 23:15:34.711786+00:00
TSLA,1318605,0001628280-23-034588,2023-10-18,2023-10-18,8-K,sec_edgar,2026-08-06 23:15:34.711786+00:00
TSLA,1318605,0001628280-23-034847,2023-10-23,2023-09-30,10-Q,sec_edgar,2026-08-06 23:15:34.711786+00:00
TSLA,1318605,0000950170-24-000282,2024-01-02,2024-01-02,8-K,sec_edgar,2026-08-06 23:15:34.711786+00:00
TSLA,1318605,0000950170-24-007073,2024-01-24,2024-01-24,8-K,sec_edgar,2026-08-06 23:15:34.711786+00:00
TSLA,1318605,0001628280-24-002390,2024-01-29,2023-12-31,10-K,sec_edgar,2026-08-06 23:15:34.711786+00:00
TSLA,1318605,0000950170-24-040274,2024-04-02,2024-04-02,8-K,sec_edgar,2026-08-06 23:15:34.711786+00:00
TSLA,1318605,0000950170-24-044588,2024-04-16,2024-04-14,8-K,sec_edgar,2026-08-06 23:15:34.711786+00:00
TSLA,1318605,0000950170-24-046895,2024-04-23,2024-04-23,8-K,sec_edgar,2026-08-06 23:15:34.711786+00:00
TSLA,1318605,0001628280-24-017503,2024-04-24,2024-03-31,10-Q,sec_edgar,2026-08-06 23:15:34.711786+00:00
TSLA,1318605,0001104659-24-071439,2024-06-14,2024-06-13,8-K,sec_edgar,2026-08-06 23:15:34.711786+00:00
TSLA,1318605,0001628280-24-030714,2024-07-02,2024-07-02,8-K,sec_edgar,2026-08-06 23:15:34.711786+00:00
TSLA,1318605,0001628280-24-032603,2024-07-23,2024-07-23,8-K,sec_edgar,2026-08-06 23:15:34.711786+00:00
TSLA,1318605,0001628280-24-032662,2024-07-24,2024-06-30,10-Q,sec_edgar,2026-08-06 23:15:34.711786+00:00
TSLA,1318605,0001628280-24-041816,2024-10-02,2024-10-02,8-K,sec_edgar,2026-08-06 23:15:34.711786+00:00
TSLA,1318605,0001628280-24-043432,2024-10-23,2024-10-23,8-K,sec_edgar,2026-08-06 23:15:34.711786+00:00
TSLA,1318605,0001628280-24-043486,2024-10-24,2024-09-30,10-Q,sec_edgar,2026-08-06 23:15:34.711786+00:00
TSLA,1318605,0001628280-25-000007,2025-01-02,2025-01-02,8-K,sec_edgar,2026-08-06 23:15:34.711786+00:00
TSLA,1318605,0001628280-25-002993,2025-01-29,2025-01-29,8-K,sec_edgar,2026-08-06 23:15:34.711786+00:00
TSLA,1318605,0001628280-25-003063,2025-01-30,2024-12-31,10-K,sec_edgar,2026-08-06 23:15:34.711786+00:00
TSLA,1318605,0001628280-25-016070,2025-04-02,2025-04-02,8-K,sec_edgar,2026-08-06 23:15:34.711786+00:00
TSLA,1318605,0001628280-25-018851,2025-04-22,2025-04-22,8-K,sec_edgar,2026-08-06 23:15:34.711786+00:00
TSLA,1318605,0001628280-25-018911,2025-04-23,2025-03-31,10-Q,sec_edgar,2026-08-06 23:15:34.711786+00:00
TSLA,1318605,0001104659-25-050072,2025-05-16,2025-05-15,8-K,sec_edgar,2026-08-06 23:15:34.711786+00:00
TSLA,1318605,0001628280-25-026148,2025-05-16,2025-05-15,8-K,sec_edgar,2026-08-06 23:15:34.711786+00:00
TSLA,1318605,0001628280-25-033842,2025-07-02,2025-07-02,8-K,sec_edgar,2026-08-06 23:15:34.711786+00:00
TSLA,1318605,0001628280-25-034692,2025-07-10,2025-07-09,8-K,sec_edgar,2026-08-06 23:15:34.711786+00:00
TSLA,1318605,0001628280-25-035738,2025-07-23,2025-07-23,8-K,sec_edgar,2026-08-06 23:15:34.711786+00:00
TSLA,1318605,0001628280-25-035806,2025-07-24,2025-06-30,10-Q,sec_edgar,2026-08-06 23:15:34.711786+00:00
TSLA,1318605,0001104659-25-073263,2025-08-04,2025-08-03,8-K,sec_edgar,2026-08-06 23:15:34.711786+00:00
TSLA,1318605,0001104659-25-087862,2025-09-05,2025-09-03,8-K,sec_edgar,2026-08-06 23:15:34.711786+00:00
TSLA,1318605,0001628280-25-043530,2025-10-02,2025-10-02,8-K,sec_edgar,2026-08-06 23:15:34.711786+00:00
TSLA,1318605,0001628280-25-045861,2025-10-22,2025-10-22,8-K,sec_edgar,2026-08-06 23:15:34.711786+00:00
TSLA,1318605,0001628280-25-045968,2025-10-23,2025-09-30,10-Q,sec_edgar,2026-08-06 23:15:34.711786+00:00
TSLA,1318605,0001104659-25-108507,2025-11-07,2025-11-06,8-K,sec_edgar,2026-08-06 23:15:34.711786+00:00
TSLA,1318605,0001628280-26-000016,2026-01-02,2026-01-02,8-K,sec_edgar,2026-08-06 23:15:34.711786+00:00
TSLA,1318605,0001628280-26-003837,2026-01-28,2026-01-28,8-K,sec_edgar,2026-08-06 23:15:34.711786+00:00
TSLA,1318605,0001628280-26-003952,2026-01-29,2025-12-31,10-K,sec_edgar,2026-08-06 23:15:34.711786+00:00
TSLA,1318605,0001628280-26-022956,2026-04-02,2026-04-02,8-K,sec_edgar,2026-08-06 23:15:34.711786+00:00
TSLA,1318605,0001628280-26-026551,2026-04-22,2026-04-22,8-K,sec_edgar,2026-08-06 23:15:34.711786+00:00
TSLA,1318605,0001628280-26-026673,2026-04-23,2026-03-31,10-Q,sec_edgar,2026-08-06 23:15:34.711786+00:00
TSLA,1318605,0001628280-26-046717,2026-07-02,2026-07-02,8-K,sec_edgar,2026-08-06 23:15:34.711786+00:00
TSLA,1318605,0001628280-26-049213,2026-07-22,2026-07-22,8-K,sec_edgar,2026-08-06 23:15:34.711786+00:00
TSLA,1318605,0001628280-26-049270,2026-07-23,2026-06-30,10-Q,sec_edgar,2026-08-06 23:15:34.711786+00:00
