ticker,cik,accession_number,filing_date,report_date,form_type,primary_document,filing_url,source,collected_at
AAPL,0000320193,0000320193-26-000013,2026-05-01,2026-03-28,10-Q,aapl-20260328.htm,https://www.sec.gov/Archives/edgar/data/320193/000032019326000013/aapl-20260328.htm,sec_edgar,2026-05-21 20:10:02.868771+00:00
AAPL,0000320193,0000320193-26-000011,2026-04-30,2026-04-30,8-K,aapl-20260430.htm,https://www.sec.gov/Archives/edgar/data/320193/000032019326000011/aapl-20260430.htm,sec_edgar,2026-05-21 20:10:02.868772+00:00
AAPL,0000320193,0001140361-26-015711,2026-04-20,2026-04-17,8-K,ef20071035_8k.htm,https://www.sec.gov/Archives/edgar/data/320193/000114036126015711/ef20071035_8k.htm,sec_edgar,2026-05-21 20:10:02.868776+00:00
AAPL,0000320193,0001140361-26-006577,2026-02-24,2026-02-24,8-K,ef20060722_8k.htm,https://www.sec.gov/Archives/edgar/data/320193/000114036126006577/ef20060722_8k.htm,sec_edgar,2026-05-21 20:10:02.868795+00:00
AAPL,0000320193,0000320193-26-000006,2026-01-30,2025-12-27,10-Q,aapl-20251227.htm,https://www.sec.gov/Archives/edgar/data/320193/000032019326000006/aapl-20251227.htm,sec_edgar,2026-05-21 20:10:02.868804+00:00
AAPL,0000320193,0000320193-26-000005,2026-01-29,2026-01-29,8-K,aapl-20260129.htm,https://www.sec.gov/Archives/edgar/data/320193/000032019326000005/aapl-20260129.htm,sec_edgar,2026-05-21 20:10:02.868805+00:00
AAPL,0000320193,0001140361-26-000199,2026-01-02,2025-12-30,8-K,ef20060722_8k.htm,https://www.sec.gov/Archives/edgar/data/320193/000114036126000199/ef20060722_8k.htm,sec_edgar,2026-05-21 20:10:02.868811+00:00
AAPL,0000320193,0001140361-25-044561,2025-12-05,2025-12-04,8-K,ef20060722_8k.htm,https://www.sec.gov/Archives/edgar/data/320193/000114036125044561/ef20060722_8k.htm,sec_edgar,2026-05-21 20:10:02.868812+00:00
AAPL,0000320193,0000320193-25-000079,2025-10-31,2025-09-27,10-K,aapl-20250927.htm,https://www.sec.gov/Archives/edgar/data/320193/000032019325000079/aapl-20250927.htm,sec_edgar,2026-05-21 20:10:02.868816+00:00
AAPL,0000320193,0000320193-25-000077,2025-10-30,2025-10-30,8-K,aapl-20251030.htm,https://www.sec.gov/Archives/edgar/data/320193/000032019325000077/aapl-20251030.htm,sec_edgar,2026-05-21 20:10:02.868817+00:00
AAPL,0000320193,0000320193-25-000073,2025-08-01,2025-06-28,10-Q,aapl-20250628.htm,https://www.sec.gov/Archives/edgar/data/320193/000032019325000073/aapl-20250628.htm,sec_edgar,2026-05-21 20:10:02.868847+00:00
AAPL,0000320193,0000320193-25-000071,2025-07-31,2025-07-31,8-K,aapl-20250731.htm,https://www.sec.gov/Archives/edgar/data/320193/000032019325000071/aapl-20250731.htm,sec_edgar,2026-05-21 20:10:02.868848+00:00
AAPL,0000320193,0001140361-25-027340,2025-07-25,2025-07-21,8-K,ef20052355_8k.htm,https://www.sec.gov/Archives/edgar/data/320193/000114036125027340/ef20052355_8k.htm,sec_edgar,2026-05-21 20:10:02.868851+00:00
AAPL,0000320193,0001140361-25-025275,2025-07-09,2025-07-08,8-K,ef20051741_8k.htm,https://www.sec.gov/Archives/edgar/data/320193/000114036125025275/ef20051741_8k.htm,sec_edgar,2026-05-21 20:10:02.868854+00:00
AAPL,0000320193,0001140361-25-018400,2025-05-12,2025-05-05,8-K,ef20048691_8k.htm,https://www.sec.gov/Archives/edgar/data/320193/000114036125018400/ef20048691_8k.htm,sec_edgar,2026-05-21 20:10:02.868859+00:00
AAPL,0000320193,0000320193-25-000057,2025-05-02,2025-03-29,10-Q,aapl-20250329.htm,https://www.sec.gov/Archives/edgar/data/320193/000032019325000057/aapl-20250329.htm,sec_edgar,2026-05-21 20:10:02.868863+00:00
AAPL,0000320193,0000320193-25-000055,2025-05-01,2025-05-01,8-K,aapl-20250501.htm,https://www.sec.gov/Archives/edgar/data/320193/000032019325000055/aapl-20250501.htm,sec_edgar,2026-05-21 20:10:02.868864+00:00
AAPL,0000320193,0001140361-25-005876,2025-02-25,2025-02-25,8-K,ef20044022_8k.htm,https://www.sec.gov/Archives/edgar/data/320193/000114036125005876/ef20044022_8k.htm,sec_edgar,2026-05-21 20:10:02.868884+00:00
AAPL,0000320193,0000320193-25-000008,2025-01-31,2024-12-28,10-Q,aapl-20241228.htm,https://www.sec.gov/Archives/edgar/data/320193/000032019325000008/aapl-20241228.htm,sec_edgar,2026-05-21 20:10:02.868900+00:00
AAPL,0000320193,0000320193-25-000007,2025-01-30,2025-01-30,8-K,aapl-20250130.htm,https://www.sec.gov/Archives/edgar/data/320193/000032019325000007/aapl-20250130.htm,sec_edgar,2026-05-21 20:10:02.868901+00:00
AAPL,0000320193,0001140361-25-000228,2025-01-03,2024-12-30,8-K,ef20040370_8k.htm,https://www.sec.gov/Archives/edgar/data/320193/000114036125000228/ef20040370_8k.htm,sec_edgar,2026-05-21 20:10:02.868906+00:00
AAPL,0000320193,0000320193-24-000123,2024-11-01,2024-09-28,10-K,aapl-20240928.htm,https://www.sec.gov/Archives/edgar/data/320193/000032019324000123/aapl-20240928.htm,sec_edgar,2026-05-21 20:10:02.868918+00:00
AAPL,0000320193,0000320193-24-000120,2024-10-31,2024-10-31,8-K,aapl-20241031.htm,https://www.sec.gov/Archives/edgar/data/320193/000032019324000120/aapl-20241031.htm,sec_edgar,2026-05-21 20:10:02.868919+00:00
AAPL,0000320193,0001140361-24-040659,2024-09-10,2024-09-10,8-K,ef20035718_8k.htm,https://www.sec.gov/Archives/edgar/data/320193/000114036124040659/ef20035718_8k.htm,sec_edgar,2026-05-21 20:10:02.868954+00:00
AAPL,0000320193,0001140361-24-038601,2024-08-26,2024-08-26,8-K,ny20033611x3_8k.htm,https://www.sec.gov/Archives/edgar/data/320193/000114036124038601/ny20033611x3_8k.htm,sec_edgar,2026-05-21 20:10:02.868955+00:00
AAPL,0000320193,0001140361-24-038403,2024-08-23,2024-08-20,8-K,ny20033611x2_8k.htm,https://www.sec.gov/Archives/edgar/data/320193/000114036124038403/ny20033611x2_8k.htm,sec_edgar,2026-05-21 20:10:02.868956+00:00
AAPL,0000320193,0000320193-24-000081,2024-08-02,2024-06-29,10-Q,aapl-20240629.htm,https://www.sec.gov/Archives/edgar/data/320193/000032019324000081/aapl-20240629.htm,sec_edgar,2026-05-21 20:10:02.868961+00:00
AAPL,0000320193,0000320193-24-000080,2024-08-01,2024-08-01,8-K,aapl-20240801.htm,https://www.sec.gov/Archives/edgar/data/320193/000032019324000080/aapl-20240801.htm,sec_edgar,2026-05-21 20:10:02.868962+00:00
AAPL,0000320193,0001140361-24-024352,2024-05-03,2024-05-03,8-K,ef20028273_8k.htm,https://www.sec.gov/Archives/edgar/data/320193/000114036124024352/ef20028273_8k.htm,sec_edgar,2026-05-21 20:10:02.868968+00:00
AAPL,0000320193,0000320193-24-000069,2024-05-03,2024-03-30,10-Q,aapl-20240330.htm,https://www.sec.gov/Archives/edgar/data/320193/000032019324000069/aapl-20240330.htm,sec_edgar,2026-05-21 20:10:02.868969+00:00
AAPL,0000320193,0000320193-24-000067,2024-05-02,2024-05-02,8-K,aapl-20240502.htm,https://www.sec.gov/Archives/edgar/data/320193/000032019324000067/aapl-20240502.htm,sec_edgar,2026-05-21 20:10:02.868970+00:00
AAPL,0000320193,0001140361-24-010155,2024-02-28,2024-02-28,8-K,ny20022580x1_8k.htm,https://www.sec.gov/Archives/edgar/data/320193/000114036124010155/ny20022580x1_8k.htm,sec_edgar,2026-05-21 20:10:02.869003+00:00
AAPL,0000320193,0000320193-24-000006,2024-02-02,2023-12-30,10-Q,aapl-20231230.htm,https://www.sec.gov/Archives/edgar/data/320193/000032019324000006/aapl-20231230.htm,sec_edgar,2026-05-21 20:10:02.869022+00:00
AAPL,0000320193,0000320193-24-000005,2024-02-01,2024-02-01,8-K,aapl-20240201.htm,https://www.sec.gov/Archives/edgar/data/320193/000032019324000005/aapl-20240201.htm,sec_edgar,2026-05-21 20:10:02.869023+00:00
AAPL,0000320193,0000320193-23-000106,2023-11-03,2023-09-30,10-K,aapl-20230930.htm,https://www.sec.gov/Archives/edgar/data/320193/000032019323000106/aapl-20230930.htm,sec_edgar,2026-05-21 20:10:02.869035+00:00
AAPL,0000320193,0000320193-23-000104,2023-11-02,2023-11-02,8-K,aapl-20231102.htm,https://www.sec.gov/Archives/edgar/data/320193/000032019323000104/aapl-20231102.htm,sec_edgar,2026-05-21 20:10:02.869036+00:00
AAPL,0000320193,0000320193-23-000077,2023-08-04,2023-07-01,10-Q,aapl-20230701.htm,https://www.sec.gov/Archives/edgar/data/320193/000032019323000077/aapl-20230701.htm,sec_edgar,2026-05-21 20:10:02.869059+00:00
AAPL,0000320193,0000320193-23-000075,2023-08-03,2023-08-03,8-K,aapl-20230803.htm,https://www.sec.gov/Archives/edgar/data/320193/000032019323000075/aapl-20230803.htm,sec_edgar,2026-05-21 20:10:02.869060+00:00
AAPL,0000320193,0001140361-23-023909,2023-05-10,2023-05-08,8-K,ny20007635x4_8k.htm,https://www.sec.gov/Archives/edgar/data/320193/000114036123023909/ny20007635x4_8k.htm,sec_edgar,2026-05-21 20:10:02.869066+00:00
AAPL,0000320193,0000320193-23-000064,2023-05-05,2023-04-01,10-Q,aapl-20230401.htm,https://www.sec.gov/Archives/edgar/data/320193/000032019323000064/aapl-20230401.htm,sec_edgar,2026-05-21 20:10:02.869070+00:00
AAPL,0000320193,0000320193-23-000063,2023-05-04,2023-05-04,8-K,aapl-20230504.htm,https://www.sec.gov/Archives/edgar/data/320193/000032019323000063/aapl-20230504.htm,sec_edgar,2026-05-21 20:10:02.869071+00:00
AAPL,0000320193,0001140361-23-011192,2023-03-10,2023-03-10,8-K,brhc10049413_8k.htm,https://www.sec.gov/Archives/edgar/data/320193/000114036123011192/brhc10049413_8k.htm,sec_edgar,2026-05-21 20:10:02.869095+00:00
AAPL,0000320193,0000320193-23-000006,2023-02-03,2022-12-31,10-Q,aapl-20221231.htm,https://www.sec.gov/Archives/edgar/data/320193/000032019323000006/aapl-20221231.htm,sec_edgar,2026-05-21 20:10:02.869114+00:00
AAPL,0000320193,0000320193-23-000005,2023-02-02,2023-02-02,8-K,aapl-20230202.htm,https://www.sec.gov/Archives/edgar/data/320193/000032019323000005/aapl-20230202.htm,sec_edgar,2026-05-21 20:10:02.869115+00:00
AAPL,0000320193,0001193125-22-278435,2022-11-07,2022-11-06,8-K,d400465d8k.htm,https://www.sec.gov/Archives/edgar/data/320193/000119312522278435/d400465d8k.htm,sec_edgar,2026-05-21 20:10:02.869122+00:00
AAPL,0000320193,0000320193-22-000108,2022-10-28,2022-09-24,10-K,aapl-20220924.htm,https://www.sec.gov/Archives/edgar/data/320193/000032019322000108/aapl-20220924.htm,sec_edgar,2026-05-21 20:10:02.869124+00:00
AAPL,0000320193,0000320193-22-000107,2022-10-27,2022-10-27,8-K,aapl-20221027.htm,https://www.sec.gov/Archives/edgar/data/320193/000032019322000107/aapl-20221027.htm,sec_edgar,2026-05-21 20:10:02.869125+00:00
AAPL,0000320193,0001193125-22-225365,2022-08-19,2022-08-17,8-K,d366128d8k.htm,https://www.sec.gov/Archives/edgar/data/320193/000119312522225365/d366128d8k.htm,sec_edgar,2026-05-21 20:10:02.869144+00:00
AAPL,0000320193,0001193125-22-214914,2022-08-08,2022-08-01,8-K,d297151d8k.htm,https://www.sec.gov/Archives/edgar/data/320193/000119312522214914/d297151d8k.htm,sec_edgar,2026-05-21 20:10:02.869146+00:00
AAPL,0000320193,0000320193-22-000070,2022-07-29,2022-06-25,10-Q,aapl-20220625.htm,https://www.sec.gov/Archives/edgar/data/320193/000032019322000070/aapl-20220625.htm,sec_edgar,2026-05-21 20:10:02.869153+00:00
AAPL,0000320193,0000320193-22-000069,2022-07-28,2022-07-28,8-K,aapl-20220728.htm,https://www.sec.gov/Archives/edgar/data/320193/000032019322000069/aapl-20220728.htm,sec_edgar,2026-05-21 20:10:02.869154+00:00
AAPL,0000320193,0000320193-22-000059,2022-04-29,2022-03-26,10-Q,aapl-20220326.htm,https://www.sec.gov/Archives/edgar/data/320193/000032019322000059/aapl-20220326.htm,sec_edgar,2026-05-21 20:10:02.869160+00:00
AAPL,0000320193,0000320193-22-000058,2022-04-28,2022-04-28,8-K,aapl-20220428.htm,https://www.sec.gov/Archives/edgar/data/320193/000032019322000058/aapl-20220428.htm,sec_edgar,2026-05-21 20:10:02.869161+00:00
AAPL,0000320193,0001193125-22-066169,2022-03-04,2022-03-04,8-K,d294699d8k.htm,https://www.sec.gov/Archives/edgar/data/320193/000119312522066169/d294699d8k.htm,sec_edgar,2026-05-21 20:10:02.869179+00:00
AAPL,0000320193,0000320193-22-000007,2022-01-28,2021-12-25,10-Q,aapl-20211225.htm,https://www.sec.gov/Archives/edgar/data/320193/000032019322000007/aapl-20211225.htm,sec_edgar,2026-05-21 20:10:02.869199+00:00
AAPL,0000320193,0000320193-22-000006,2022-01-27,2022-01-27,8-K,aapl-20220127.htm,https://www.sec.gov/Archives/edgar/data/320193/000032019322000006/aapl-20220127.htm,sec_edgar,2026-05-21 20:10:02.869200+00:00
AAPL,0000320193,0001193125-21-328151,2021-11-12,2021-11-09,8-K,d259993d8k.htm,https://www.sec.gov/Archives/edgar/data/320193/000119312521328151/d259993d8k.htm,sec_edgar,2026-05-21 20:10:02.869207+00:00
AAPL,0000320193,0000320193-21-000105,2021-10-29,2021-09-25,10-K,aapl-20210925.htm,https://www.sec.gov/Archives/edgar/data/320193/000032019321000105/aapl-20210925.htm,sec_edgar,2026-05-21 20:10:02.869210+00:00
AAPL,0000320193,0000320193-21-000104,2021-10-28,2021-10-28,8-K,aapl-20211028.htm,https://www.sec.gov/Archives/edgar/data/320193/000032019321000104/aapl-20211028.htm,sec_edgar,2026-05-21 20:10:02.869211+00:00
AAPL,0000320193,0001193125-21-237787,2021-08-05,2021-07-29,8-K,d199884d8k.htm,https://www.sec.gov/Archives/edgar/data/320193/000119312521237787/d199884d8k.htm,sec_edgar,2026-05-21 20:10:02.869231+00:00
AAPL,0000320193,0000320193-21-000065,2021-07-28,2021-06-26,10-Q,aapl-20210626.htm,https://www.sec.gov/Archives/edgar/data/320193/000032019321000065/aapl-20210626.htm,sec_edgar,2026-05-21 20:10:02.869240+00:00
AAPL,0000320193,0000320193-21-000063,2021-07-27,2021-07-27,8-K,aapl-20210727.htm,https://www.sec.gov/Archives/edgar/data/320193/000032019321000063/aapl-20210727.htm,sec_edgar,2026-05-21 20:10:02.869241+00:00
AAPL,0000320193,0000320193-21-000056,2021-04-29,2021-03-27,10-Q,aapl-20210327.htm,https://www.sec.gov/Archives/edgar/data/320193/000032019321000056/aapl-20210327.htm,sec_edgar,2026-05-21 20:10:02.869246+00:00
AAPL,0000320193,0000320193-21-000055,2021-04-28,2021-04-28,8-K,aapl-20210428.htm,https://www.sec.gov/Archives/edgar/data/320193/000032019321000055/aapl-20210428.htm,sec_edgar,2026-05-21 20:10:02.869247+00:00
AAPL,0000320193,0001193125-21-054710,2021-02-24,2021-02-23,8-K,d101693d8k.htm,https://www.sec.gov/Archives/edgar/data/320193/000119312521054710/d101693d8k.htm,sec_edgar,2026-05-21 20:10:02.869259+00:00
AAPL,0000320193,0001193125-21-032394,2021-02-08,2021-02-01,8-K,d70217d8k.htm,https://www.sec.gov/Archives/edgar/data/320193/000119312521032394/d70217d8k.htm,sec_edgar,2026-05-21 20:10:02.869266+00:00
AAPL,0000320193,0000320193-21-000010,2021-01-28,2020-12-26,10-Q,aapl-20201226.htm,https://www.sec.gov/Archives/edgar/data/320193/000032019321000010/aapl-20201226.htm,sec_edgar,2026-05-21 20:10:02.869279+00:00
AAPL,0000320193,0000320193-21-000009,2021-01-27,2021-01-27,8-K,aapl-20210127.htm,https://www.sec.gov/Archives/edgar/data/320193/000032019321000009/aapl-20210127.htm,sec_edgar,2026-05-21 20:10:02.869280+00:00
AAPL,0000320193,0001193125-21-001982,2021-01-05,2020-12-29,8-K,d29637d8k.htm,https://www.sec.gov/Archives/edgar/data/320193/000119312521001982/d29637d8k.htm,sec_edgar,2026-05-21 20:10:02.869289+00:00
AAPL,0000320193,0000320193-20-000096,2020-10-30,2020-09-26,10-K,aapl-20200926.htm,https://www.sec.gov/Archives/edgar/data/320193/000032019320000096/aapl-20200926.htm,sec_edgar,2026-05-21 20:10:02.869292+00:00
AAPL,0000320193,0000320193-20-000094,2020-10-29,2020-10-29,8-K,aapl-20201029.htm,https://www.sec.gov/Archives/edgar/data/320193/000032019320000094/aapl-20201029.htm,sec_edgar,2026-05-21 20:10:02.869292+00:00
AAPL,0000320193,0001193125-20-225672,2020-08-20,2020-08-13,8-K,d937363d8k.htm,https://www.sec.gov/Archives/edgar/data/320193/000119312520225672/d937363d8k.htm,sec_edgar,2026-05-21 20:10:02.869310+00:00
AAPL,0000320193,0001193125-20-213158,2020-08-07,2020-08-03,8-K,d49399d8k.htm,https://www.sec.gov/Archives/edgar/data/320193/000119312520213158/d49399d8k.htm,sec_edgar,2026-05-21 20:10:02.869315+00:00
AAPL,0000320193,0000320193-20-000062,2020-07-31,2020-06-27,10-Q,aapl-20200627.htm,https://www.sec.gov/Archives/edgar/data/320193/000032019320000062/aapl-20200627.htm,sec_edgar,2026-05-21 20:10:02.869316+00:00
AAPL,0000320193,0000320193-20-000060,2020-07-30,2020-07-30,8-K,aapl-20200730.htm,https://www.sec.gov/Archives/edgar/data/320193/000032019320000060/aapl-20200730.htm,sec_edgar,2026-05-21 20:10:02.869317+00:00
AAPL,0000320193,0001193125-20-139112,2020-05-11,2020-05-04,8-K,d926511d8k.htm,https://www.sec.gov/Archives/edgar/data/320193/000119312520139112/d926511d8k.htm,sec_edgar,2026-05-21 20:10:02.869318+00:00
AAPL,0000320193,0000320193-20-000052,2020-05-01,2020-03-28,10-Q,a10-qq220203282020.htm,https://www.sec.gov/Archives/edgar/data/320193/000032019320000052/a10-qq220203282020.htm,sec_edgar,2026-05-21 20:10:02.869323+00:00
AAPL,0000320193,0000320193-20-000050,2020-04-30,2020-04-30,8-K,a8-kq220203282020.htm,https://www.sec.gov/Archives/edgar/data/320193/000032019320000050/a8-kq220203282020.htm,sec_edgar,2026-05-21 20:10:02.869325+00:00
AAPL,0000320193,0001193125-20-050884,2020-02-27,2020-02-26,8-K,d865740d8k.htm,https://www.sec.gov/Archives/edgar/data/320193/000119312520050884/d865740d8k.htm,sec_edgar,2026-05-21 20:10:02.869343+00:00
AAPL,0000320193,0001193125-20-039203,2020-02-18,2020-02-17,8-K,d845033d8k.htm,https://www.sec.gov/Archives/edgar/data/320193/000119312520039203/d845033d8k.htm,sec_edgar,2026-05-21 20:10:02.869344+00:00
AAPL,0000320193,0000320193-20-000010,2020-01-29,2019-12-28,10-Q,a10-qq1202012282019.htm,https://www.sec.gov/Archives/edgar/data/320193/000032019320000010/a10-qq1202012282019.htm,sec_edgar,2026-05-21 20:10:02.869359+00:00
AAPL,0000320193,0000320193-20-000008,2020-01-28,2020-01-28,8-K,a8-kq1202012282019.htm,https://www.sec.gov/Archives/edgar/data/320193/000032019320000008/a8-kq1202012282019.htm,sec_edgar,2026-05-21 20:10:02.869360+00:00
AAPL,0000320193,0001193125-19-292676,2019-11-15,2019-11-07,8-K,d828969d8k.htm,https://www.sec.gov/Archives/edgar/data/320193/000119312519292676/d828969d8k.htm,sec_edgar,2026-05-21 20:10:02.869368+00:00
AAPL,0000320193,0000320193-19-000119,2019-10-31,2019-09-28,10-K,a10-k20199282019.htm,https://www.sec.gov/Archives/edgar/data/320193/000032019319000119/a10-k20199282019.htm,sec_edgar,2026-05-21 20:10:02.869376+00:00
AAPL,0000320193,0000320193-19-000117,2019-10-30,2019-10-30,8-K,a8-kq420199282019.htm,https://www.sec.gov/Archives/edgar/data/320193/000032019319000117/a8-kq420199282019.htm,sec_edgar,2026-05-21 20:10:02.869377+00:00
AAPL,0000320193,0000320193-19-000093,2019-09-13,2019-09-10,8-K,a8-kseptember201991019.htm,https://www.sec.gov/Archives/edgar/data/320193/000032019319000093/a8-kseptember201991019.htm,sec_edgar,2026-05-21 20:10:02.869391+00:00
AAPL,0000320193,0001193125-19-242975,2019-09-11,2019-09-04,8-K,d777124d8k.htm,https://www.sec.gov/Archives/edgar/data/320193/000119312519242975/d777124d8k.htm,sec_edgar,2026-05-21 20:10:02.869392+00:00
AAPL,0000320193,0000320193-19-000076,2019-07-31,2019-06-29,10-Q,a10-qq320196292019.htm,https://www.sec.gov/Archives/edgar/data/320193/000032019319000076/a10-qq320196292019.htm,sec_edgar,2026-05-21 20:10:02.869405+00:00
AAPL,0000320193,0000320193-19-000073,2019-07-30,2019-07-30,8-K,a8-kq320196292019.htm,https://www.sec.gov/Archives/edgar/data/320193/000032019319000073/a8-kq320196292019.htm,sec_edgar,2026-05-21 20:10:02.869406+00:00
AAPL,0000320193,0000320193-19-000066,2019-05-01,2019-03-30,10-Q,a10-qq220193302019.htm,https://www.sec.gov/Archives/edgar/data/320193/000032019319000066/a10-qq220193302019.htm,sec_edgar,2026-05-21 20:10:02.869409+00:00
AAPL,0000320193,0000320193-19-000063,2019-04-30,2019-04-30,8-K,a8-kq220193302019.htm,https://www.sec.gov/Archives/edgar/data/320193/000032019319000063/a8-kq220193302019.htm,sec_edgar,2026-05-21 20:10:02.869410+00:00
AAPL,0000320193,0000320193-19-000032,2019-03-04,2019-03-01,8-K,copyofreference8-kform8xkq.htm,https://www.sec.gov/Archives/edgar/data/320193/000032019319000032/copyofreference8-kform8xkq.htm,sec_edgar,2026-05-21 20:10:02.869428+00:00
AAPL,0000320193,0000320193-19-000026,2019-02-06,2019-02-05,8-K,a8-kfebruary2019252019.htm,https://www.sec.gov/Archives/edgar/data/320193/000032019319000026/a8-kfebruary2019252019.htm,sec_edgar,2026-05-21 20:10:02.869435+00:00
AAPL,0000320193,0000320193-19-000010,2019-01-30,2018-12-29,10-Q,a10-qq1201912292018.htm,https://www.sec.gov/Archives/edgar/data/320193/000032019319000010/a10-qq1201912292018.htm,sec_edgar,2026-05-21 20:10:02.869447+00:00
AAPL,0000320193,0000320193-19-000007,2019-01-29,2019-01-29,8-K,a8-kq1201912292018.htm,https://www.sec.gov/Archives/edgar/data/320193/000032019319000007/a8-kq1201912292018.htm,sec_edgar,2026-05-21 20:10:02.869450+00:00
AAPL,0000320193,0000320193-19-000002,2019-01-02,2019-01-02,8-K,a8-kjanuary2019122019.htm,https://www.sec.gov/Archives/edgar/data/320193/000032019319000002/a8-kjanuary2019122019.htm,sec_edgar,2026-05-21 20:10:02.869454+00:00
AAPL,0000320193,0000320193-18-000145,2018-11-05,2018-09-29,10-K,a10-k20189292018.htm,https://www.sec.gov/Archives/edgar/data/320193/000032019318000145/a10-k20189292018.htm,sec_edgar,2026-05-21 20:10:02.869458+00:00
AAPL,0000320193,0000320193-18-000142,2018-11-01,2018-11-01,8-K,a8-kq420189292018.htm,https://www.sec.gov/Archives/edgar/data/320193/000032019318000142/a8-kq420189292018.htm,sec_edgar,2026-05-21 20:10:02.869459+00:00
AAPL,0000320193,0000320193-18-000100,2018-08-01,2018-06-30,10-Q,a10-qq320186302018.htm,https://www.sec.gov/Archives/edgar/data/320193/000032019318000100/a10-qq320186302018.htm,sec_edgar,2026-05-21 20:10:02.869482+00:00
AAPL,0000320193,0000320193-18-000098,2018-07-31,2018-07-31,8-K,a8-kq320186302018.htm,https://www.sec.gov/Archives/edgar/data/320193/000032019318000098/a8-kq320186302018.htm,sec_edgar,2026-05-21 20:10:02.869483+00:00
AAPL,0000320193,0001193125-18-154515,2018-05-07,2018-04-30,8-K,d563832d8k.htm,https://www.sec.gov/Archives/edgar/data/320193/000119312518154515/d563832d8k.htm,sec_edgar,2026-05-21 20:10:02.869500+00:00
AAPL,0000320193,0000320193-18-000070,2018-05-02,2018-03-31,10-Q,a10-qq220183312018.htm,https://www.sec.gov/Archives/edgar/data/320193/000032019318000070/a10-qq220183312018.htm,sec_edgar,2026-05-21 20:10:02.869501+00:00
AAPL,0000320193,0000320193-18-000067,2018-05-01,2018-05-01,8-K,a8-kq220183312018.htm,https://www.sec.gov/Archives/edgar/data/320193/000032019318000067/a8-kq220183312018.htm,sec_edgar,2026-05-21 20:10:02.869501+00:00
AAPL,0000320193,0001193125-18-045761,2018-02-14,2018-02-13,8-K,d374908d8k.htm,https://www.sec.gov/Archives/edgar/data/320193/000119312518045761/d374908d8k.htm,sec_edgar,2026-05-21 20:10:02.869526+00:00
AAPL,0000320193,0000320193-18-000007,2018-02-02,2017-12-30,10-Q,a10-qq1201812302017.htm,https://www.sec.gov/Archives/edgar/data/320193/000032019318000007/a10-qq1201812302017.htm,sec_edgar,2026-05-21 20:10:02.869540+00:00
AAPL,0000320193,0000320193-18-000005,2018-02-01,2018-02-01,8-K,a8-kq1201812302017.htm,https://www.sec.gov/Archives/edgar/data/320193/000032019318000005/a8-kq1201812302017.htm,sec_edgar,2026-05-21 20:10:02.869541+00:00
AAPL,0000320193,0001193125-17-341015,2017-11-13,2017-11-06,8-K,d478060d8k.htm,https://www.sec.gov/Archives/edgar/data/320193/000119312517341015/d478060d8k.htm,sec_edgar,2026-05-21 20:10:02.869552+00:00
AAPL,0000320193,0000320193-17-000070,2017-11-03,2017-09-30,10-K,a10-k20179302017.htm,https://www.sec.gov/Archives/edgar/data/320193/000032019317000070/a10-k20179302017.htm,sec_edgar,2026-05-21 20:10:02.869557+00:00
AAPL,0000320193,0000320193-17-000067,2017-11-02,2017-11-02,8-K,a8-kq420179302017.htm,https://www.sec.gov/Archives/edgar/data/320193/000032019317000067/a8-kq420179302017.htm,sec_edgar,2026-05-21 20:10:02.869559+00:00
AAPL,0000320193,0001193125-17-308859,2017-10-12,2017-10-06,8-K,d386231d8k.htm,https://www.sec.gov/Archives/edgar/data/320193/000119312517308859/d386231d8k.htm,sec_edgar,2026-05-21 20:10:02.869570+00:00
AAPL,0000320193,0001193125-17-282809,2017-09-12,2017-09-05,8-K,d434478d8k.htm,https://www.sec.gov/Archives/edgar/data/320193/000119312517282809/d434478d8k.htm,sec_edgar,2026-05-21 20:10:02.869583+00:00
AAPL,0000320193,0001193125-17-262261,2017-08-18,2017-08-15,8-K,d593893d8k.htm,https://www.sec.gov/Archives/edgar/data/320193/000119312517262261/d593893d8k.htm,sec_edgar,2026-05-21 20:10:02.869590+00:00
AAPL,0000320193,0000320193-17-000009,2017-08-02,2017-07-01,10-Q,a10-qq32017712017.htm,https://www.sec.gov/Archives/edgar/data/320193/000032019317000009/a10-qq32017712017.htm,sec_edgar,2026-05-21 20:10:02.869597+00:00
AAPL,0000320193,0000320193-17-000006,2017-08-01,2017-08-01,8-K,a8-kq32017712017.htm,https://www.sec.gov/Archives/edgar/data/320193/000032019317000006/a8-kq32017712017.htm,sec_edgar,2026-05-21 20:10:02.869598+00:00
AAPL,0000320193,0001193125-17-208226,2017-06-20,2017-06-13,8-K,d413980d8k.htm,https://www.sec.gov/Archives/edgar/data/320193/000119312517208226/d413980d8k.htm,sec_edgar,2026-05-21 20:10:02.869602+00:00
AAPL,0000320193,0001193125-17-181867,2017-05-24,2017-05-17,8-K,d583637d8k.htm,https://www.sec.gov/Archives/edgar/data/320193/000119312517181867/d583637d8k.htm,sec_edgar,2026-05-21 20:10:02.869619+00:00
AAPL,0000320193,0001193125-17-167400,2017-05-11,2017-05-04,8-K,d388721d8k.htm,https://www.sec.gov/Archives/edgar/data/320193/000119312517167400/d388721d8k.htm,sec_edgar,2026-05-21 20:10:02.869629+00:00
AAPL,0000320193,0001628280-17-004790,2017-05-03,2017-04-01,10-Q,a10-qq22017412017.htm,https://www.sec.gov/Archives/edgar/data/320193/000162828017004790/a10-qq22017412017.htm,sec_edgar,2026-05-21 20:10:02.869637+00:00
AAPL,0000320193,0001628280-17-004663,2017-05-02,2017-05-02,8-K,a8-kq22017412017.htm,https://www.sec.gov/Archives/edgar/data/320193/000162828017004663/a8-kq22017412017.htm,sec_edgar,2026-05-21 20:10:02.869638+00:00
AAPL,0000320193,0001193125-17-069853,2017-03-03,2017-02-14,8-K,d348450d8k.htm,https://www.sec.gov/Archives/edgar/data/320193/000119312517069853/d348450d8k.htm,sec_edgar,2026-05-21 20:10:02.869657+00:00
AAPL,0000320193,0001193125-17-064019,2017-03-01,2017-02-28,8-K,d342218d8k.htm,https://www.sec.gov/Archives/edgar/data/320193/000119312517064019/d342218d8k.htm,sec_edgar,2026-05-21 20:10:02.869665+00:00
AAPL,0000320193,0001193125-17-036283,2017-02-09,2017-02-02,8-K,d340350d8k.htm,https://www.sec.gov/Archives/edgar/data/320193/000119312517036283/d340350d8k.htm,sec_edgar,2026-05-21 20:10:02.869677+00:00
AAPL,0000320193,0001628280-17-000717,2017-02-01,2016-12-31,10-Q,a10-qq1201712312016.htm,https://www.sec.gov/Archives/edgar/data/320193/000162828017000717/a10-qq1201712312016.htm,sec_edgar,2026-05-21 20:10:02.869698+00:00
AAPL,0000320193,0001628280-17-000663,2017-01-31,2017-01-31,8-K,a8-kq1201712312016.htm,https://www.sec.gov/Archives/edgar/data/320193/000162828017000663/a8-kq1201712312016.htm,sec_edgar,2026-05-21 20:10:02.869699+00:00
AAPL,0000320193,0001628280-16-022047,2016-12-15,2016-12-13,8-K,form8-k121316.htm,https://www.sec.gov/Archives/edgar/data/320193/000162828016022047/form8-k121316.htm,sec_edgar,2026-05-21 20:10:02.869710+00:00
AAPL,0000320193,0001628280-16-020309,2016-10-26,2016-09-24,10-K,a201610-k9242016.htm,https://www.sec.gov/Archives/edgar/data/320193/000162828016020309/a201610-k9242016.htm,sec_edgar,2026-05-21 20:10:02.869727+00:00
AAPL,0000320193,0001628280-16-020258,2016-10-25,2016-10-25,8-K,a8-kq420169242016.htm,https://www.sec.gov/Archives/edgar/data/320193/000162828016020258/a8-kq420169242016.htm,sec_edgar,2026-05-21 20:10:02.869730+00:00
AAPL,0000320193,0001193125-16-672044,2016-08-04,2016-07-28,8-K,d234980d8k.htm,https://www.sec.gov/Archives/edgar/data/320193/000119312516672044/d234980d8k.htm,sec_edgar,2026-05-21 20:10:02.869768+00:00
AAPL,0000320193,0001628280-16-017809,2016-07-27,2016-06-25,10-Q,a10-qq320166252016.htm,https://www.sec.gov/Archives/edgar/data/320193/000162828016017809/a10-qq320166252016.htm,sec_edgar,2026-05-21 20:10:02.869772+00:00
AAPL,0000320193,0001628280-16-017762,2016-07-26,2016-07-26,8-K,a8-kq320166252016.htm,https://www.sec.gov/Archives/edgar/data/320193/000162828016017762/a8-kq320166252016.htm,sec_edgar,2026-05-21 20:10:02.869773+00:00
AAPL,0000320193,0001193125-16-628957,2016-06-22,2016-06-07,8-K,d209946d8k.htm,https://www.sec.gov/Archives/edgar/data/320193/000119312516628957/d209946d8k.htm,sec_edgar,2026-05-21 20:10:02.869775+00:00
AAPL,0000320193,0001193125-16-559625,2016-04-27,2016-03-26,10-Q,d165350d10q.htm,https://www.sec.gov/Archives/edgar/data/320193/000119312516559625/d165350d10q.htm,sec_edgar,2026-05-21 20:10:02.869791+00:00
AAPL,0000320193,0001193125-16-556520,2016-04-26,2016-04-26,8-K,d325078d8k.htm,https://www.sec.gov/Archives/edgar/data/320193/000119312516556520/d325078d8k.htm,sec_edgar,2026-05-21 20:10:02.869792+00:00
AAPL,0000320193,0001193125-16-516891,2016-03-24,2016-03-17,8-K,d161597d8k.htm,https://www.sec.gov/Archives/edgar/data/320193/000119312516516891/d161597d8k.htm,sec_edgar,2026-05-21 20:10:02.869804+00:00
AAPL,0000320193,0001193125-16-488223,2016-03-01,2016-02-26,8-K,d150918d8k.htm,https://www.sec.gov/Archives/edgar/data/320193/000119312516488223/d150918d8k.htm,sec_edgar,2026-05-21 20:10:02.869822+00:00
AAPL,0000320193,0001193125-16-473562,2016-02-23,2016-02-16,8-K,d143184d8k.htm,https://www.sec.gov/Archives/edgar/data/320193/000119312516473562/d143184d8k.htm,sec_edgar,2026-05-21 20:10:02.869823+00:00
AAPL,0000320193,0001193125-16-439878,2016-01-27,2015-12-26,10-Q,d66145d10q.htm,https://www.sec.gov/Archives/edgar/data/320193/000119312516439878/d66145d10q.htm,sec_edgar,2026-05-21 20:10:02.869842+00:00
AAPL,0000320193,0001193125-16-438421,2016-01-26,2016-01-26,8-K,d22806d8k.htm,https://www.sec.gov/Archives/edgar/data/320193/000119312516438421/d22806d8k.htm,sec_edgar,2026-05-21 20:10:02.869843+00:00
AAPL,0000320193,0001193125-15-410853,2015-12-22,2015-12-21,8-K,d55543d8k.htm,https://www.sec.gov/Archives/edgar/data/320193/000119312515410853/d55543d8k.htm,sec_edgar,2026-05-21 20:10:02.869849+00:00
AAPL,0000320193,0001193125-15-406279,2015-12-17,2015-12-16,8-K,d107635d8k.htm,https://www.sec.gov/Archives/edgar/data/320193/000119312515406279/d107635d8k.htm,sec_edgar,2026-05-21 20:10:02.869850+00:00
AAPL,0000320193,0001193125-15-356351,2015-10-28,2015-09-26,10-K,d17062d10k.htm,https://www.sec.gov/Archives/edgar/data/320193/000119312515356351/d17062d10k.htm,sec_edgar,2026-05-21 20:10:02.869861+00:00
AAPL,0000320193,0001193125-15-354756,2015-10-27,2015-10-27,8-K,d74332d8k.htm,https://www.sec.gov/Archives/edgar/data/320193/000119312515354756/d74332d8k.htm,sec_edgar,2026-05-21 20:10:02.869862+00:00
AAPL,0000320193,0001193125-15-336615,2015-10-02,2015-10-01,8-K,d10101d8k.htm,https://www.sec.gov/Archives/edgar/data/320193/000119312515336615/d10101d8k.htm,sec_edgar,2026-05-21 20:10:02.869886+00:00
AAPL,0000320193,0001193125-15-322466,2015-09-17,2015-09-10,8-K,d31615d8k.htm,https://www.sec.gov/Archives/edgar/data/320193/000119312515322466/d31615d8k.htm,sec_edgar,2026-05-21 20:10:02.869892+00:00
AAPL,0000320193,0001193125-15-273023,2015-07-31,2015-07-24,8-K,d12789d8k.htm,https://www.sec.gov/Archives/edgar/data/320193/000119312515273023/d12789d8k.htm,sec_edgar,2026-05-21 20:10:02.869909+00:00
AAPL,0000320193,0001193125-15-259935,2015-07-22,2015-06-27,10-Q,d927922d10q.htm,https://www.sec.gov/Archives/edgar/data/320193/000119312515259935/d927922d10q.htm,sec_edgar,2026-05-21 20:10:02.869915+00:00
AAPL,0000320193,0001193125-15-258464,2015-07-21,2015-07-21,8-K,d927923d8k.htm,https://www.sec.gov/Archives/edgar/data/320193/000119312515258464/d927923d8k.htm,sec_edgar,2026-05-21 20:10:02.869917+00:00
AAPL,0000320193,0001193125-15-219298,2015-06-10,2015-06-03,8-K,d938654d8k.htm,https://www.sec.gov/Archives/edgar/data/320193/000119312515219298/d938654d8k.htm,sec_edgar,2026-05-21 20:10:02.869918+00:00
AAPL,0000320193,0001193125-15-186064,2015-05-13,2015-05-06,8-K,d923398d8k.htm,https://www.sec.gov/Archives/edgar/data/320193/000119312515186064/d923398d8k.htm,sec_edgar,2026-05-21 20:10:02.869929+00:00
AMD,0000002488,0001193125-26-226746,2026-05-15,2026-05-13,8-K,d118163d8k.htm,https://www.sec.gov/Archives/edgar/data/2488/000119312526226746/d118163d8k.htm,sec_edgar,2026-05-21 20:10:05.881216+00:00
AMD,0000002488,0000002488-26-000076,2026-05-06,2026-03-28,10-Q,amd-20260328.htm,https://www.sec.gov/Archives/edgar/data/2488/000000248826000076/amd-20260328.htm,sec_edgar,2026-05-21 20:10:05.881224+00:00
AMD,0000002488,0000002488-26-000072,2026-05-05,2026-05-05,8-K,amd-20260505.htm,https://www.sec.gov/Archives/edgar/data/2488/000000248826000072/amd-20260505.htm,sec_edgar,2026-05-21 20:10:05.881225+00:00
AMD,0000002488,0000002488-26-000045,2026-02-24,2026-02-23,8-K,amd-20260223.htm,https://www.sec.gov/Archives/edgar/data/2488/000000248826000045/amd-20260223.htm,sec_edgar,2026-05-21 20:10:05.881251+00:00
AMD,0000002488,0000002488-26-000029,2026-02-17,2026-02-10,8-K,amd-20260210.htm,https://www.sec.gov/Archives/edgar/data/2488/000000248826000029/amd-20260210.htm,sec_edgar,2026-05-21 20:10:05.881259+00:00
AMD,0000002488,0000002488-26-000018,2026-02-04,2025-12-27,10-K,amd-20251227.htm,https://www.sec.gov/Archives/edgar/data/2488/000000248826000018/amd-20251227.htm,sec_edgar,2026-05-21 20:10:05.881267+00:00
AMD,0000002488,0000002488-26-000014,2026-02-03,2026-02-03,8-K,amd-20260203.htm,https://www.sec.gov/Archives/edgar/data/2488/000000248826000014/amd-20260203.htm,sec_edgar,2026-05-21 20:10:05.881268+00:00
AMD,0000002488,0000002488-26-000002,2026-01-20,2026-01-16,8-K,amd-20260116.htm,https://www.sec.gov/Archives/edgar/data/2488/000000248826000002/amd-20260116.htm,sec_edgar,2026-05-21 20:10:05.881273+00:00
AMD,0000002488,0000002488-25-000182,2025-12-15,2025-12-12,8-K,amd-20251212.htm,https://www.sec.gov/Archives/edgar/data/2488/000000248825000182/amd-20251212.htm,sec_edgar,2026-05-21 20:10:05.881276+00:00
AMD,0000002488,0000002488-25-000166,2025-11-05,2025-09-27,10-Q,amd-20250927.htm,https://www.sec.gov/Archives/edgar/data/2488/000000248825000166/amd-20250927.htm,sec_edgar,2026-05-21 20:10:05.881291+00:00
AMD,0000002488,0000002488-25-000163,2025-11-04,2025-11-04,8-K,amd-20251104.htm,https://www.sec.gov/Archives/edgar/data/2488/000000248825000163/amd-20251104.htm,sec_edgar,2026-05-21 20:10:05.881292+00:00
AMD,0000002488,0001193125-25-250803,2025-10-27,2025-10-27,8-K,d917887d8k.htm,https://www.sec.gov/Archives/edgar/data/2488/000119312525250803/d917887d8k.htm,sec_edgar,2026-05-21 20:10:05.881293+00:00
AMD,0000002488,0001193125-25-230895,2025-10-06,2025-10-05,8-K,d28189d8k.htm,https://www.sec.gov/Archives/edgar/data/2488/000119312525230895/d28189d8k.htm,sec_edgar,2026-05-21 20:10:05.881297+00:00
AMD,0000002488,0000002488-25-000147,2025-08-25,2025-08-22,8-K,amd-20250822.htm,https://www.sec.gov/Archives/edgar/data/2488/000000248825000147/amd-20250822.htm,sec_edgar,2026-05-21 20:10:05.881305+00:00
AMD,0000002488,0000002488-25-000108,2025-08-06,2025-06-28,10-Q,amd-20250628.htm,https://www.sec.gov/Archives/edgar/data/2488/000000248825000108/amd-20250628.htm,sec_edgar,2026-05-21 20:10:05.881330+00:00
AMD,0000002488,0000002488-25-000106,2025-08-05,2025-08-05,8-K,amd-20250805.htm,https://www.sec.gov/Archives/edgar/data/2488/000000248825000106/amd-20250805.htm,sec_edgar,2026-05-21 20:10:05.881331+00:00
AMD,0000002488,0000002488-25-000099,2025-07-02,2025-06-27,8-K,amd-20250627.htm,https://www.sec.gov/Archives/edgar/data/2488/000000248825000099/amd-20250627.htm,sec_edgar,2026-05-21 20:10:05.881334+00:00
AMD,0000002488,0001193125-25-122121,2025-05-19,2025-05-18,8-K,d831221d8k.htm,https://www.sec.gov/Archives/edgar/data/2488/000119312525122121/d831221d8k.htm,sec_edgar,2026-05-21 20:10:05.881343+00:00
AMD,0000002488,0000002488-25-000064,2025-05-16,2025-05-14,8-K,amd-20250514.htm,https://www.sec.gov/Archives/edgar/data/2488/000000248825000064/amd-20250514.htm,sec_edgar,2026-05-21 20:10:05.881351+00:00
AMD,0000002488,0000002488-25-000047,2025-05-07,2025-03-29,10-Q,amd-20250329.htm,https://www.sec.gov/Archives/edgar/data/2488/000000248825000047/amd-20250329.htm,sec_edgar,2026-05-21 20:10:05.881358+00:00
AMD,0000002488,0000002488-25-000045,2025-05-06,2025-05-06,8-K,amd-20250506.htm,https://www.sec.gov/Archives/edgar/data/2488/000000248825000045/amd-20250506.htm,sec_edgar,2026-05-21 20:10:05.881359+00:00
AMD,0000002488,0000002488-25-000039,2025-04-16,2025-04-15,8-K,amd-20250415.htm,https://www.sec.gov/Archives/edgar/data/2488/000000248825000039/amd-20250415.htm,sec_edgar,2026-05-21 20:10:05.881361+00:00
AMD,0000002488,0001193125-25-067902,2025-03-31,2025-03-31,8-K,d943962d8k.htm,https://www.sec.gov/Archives/edgar/data/2488/000119312525067902/d943962d8k.htm,sec_edgar,2026-05-21 20:10:05.881364+00:00
AMD,0000002488,0001193125-25-061366,2025-03-24,2025-03-24,8-K,d914634d8k.htm,https://www.sec.gov/Archives/edgar/data/2488/000119312525061366/d914634d8k.htm,sec_edgar,2026-05-21 20:10:05.881368+00:00
AMD,0000002488,0001193125-25-052173,2025-03-12,2025-03-10,8-K,d925853d8k.htm,https://www.sec.gov/Archives/edgar/data/2488/000119312525052173/d925853d8k.htm,sec_edgar,2026-05-21 20:10:05.881375+00:00
AMD,0000002488,0000002488-25-000026,2025-02-24,2025-02-18,8-K,amd-20250218.htm,https://www.sec.gov/Archives/edgar/data/2488/000000248825000026/amd-20250218.htm,sec_edgar,2026-05-21 20:10:05.881380+00:00
AMD,0000002488,0000002488-25-000012,2025-02-05,2024-12-28,10-K,amd-20241228.htm,https://www.sec.gov/Archives/edgar/data/2488/000000248825000012/amd-20241228.htm,sec_edgar,2026-05-21 20:10:05.881388+00:00
AMD,0000002488,0000002488-25-000009,2025-02-04,2025-02-04,8-K,amd-20250204.htm,https://www.sec.gov/Archives/edgar/data/2488/000000248825000009/amd-20250204.htm,sec_edgar,2026-05-21 20:10:05.881388+00:00
AMD,0000002488,0000002488-24-000172,2024-11-18,2024-11-13,8-K,amd-20241113.htm,https://www.sec.gov/Archives/edgar/data/2488/000000248824000172/amd-20241113.htm,sec_edgar,2026-05-21 20:10:05.881395+00:00
AMD,0000002488,0000002488-24-000163,2024-10-30,2024-09-28,10-Q,amd-20240928.htm,https://www.sec.gov/Archives/edgar/data/2488/000000248824000163/amd-20240928.htm,sec_edgar,2026-05-21 20:10:05.881401+00:00
AMD,0000002488,0000002488-24-000161,2024-10-29,2024-10-29,8-K,amd-20241029.htm,https://www.sec.gov/Archives/edgar/data/2488/000000248824000161/amd-20241029.htm,sec_edgar,2026-05-21 20:10:05.881402+00:00
AMD,0000002488,0001193125-24-202457,2024-08-19,2024-08-17,8-K,d808469d8k.htm,https://www.sec.gov/Archives/edgar/data/2488/000119312524202457/d808469d8k.htm,sec_edgar,2026-05-21 20:10:05.881411+00:00
AMD,0000002488,0000002488-24-000123,2024-07-31,2024-06-29,10-Q,amd-20240629.htm,https://www.sec.gov/Archives/edgar/data/2488/000000248824000123/amd-20240629.htm,sec_edgar,2026-05-21 20:10:05.881421+00:00
AMD,0000002488,0000002488-24-000121,2024-07-30,2024-07-30,8-K,amd-20240730.htm,https://www.sec.gov/Archives/edgar/data/2488/000000248824000121/amd-20240730.htm,sec_edgar,2026-05-21 20:10:05.881422+00:00
AMD,0000002488,0000002488-24-000115,2024-07-22,2024-07-20,8-K,amd-20240720.htm,https://www.sec.gov/Archives/edgar/data/2488/000000248824000115/amd-20240720.htm,sec_edgar,2026-05-21 20:10:05.881423+00:00
AMD,0000002488,0000002488-24-000109,2024-07-02,2024-06-27,8-K,amd-20240627.htm,https://www.sec.gov/Archives/edgar/data/2488/000000248824000109/amd-20240627.htm,sec_edgar,2026-05-21 20:10:05.881427+00:00
AMD,0000002488,0000002488-24-000076,2024-05-13,2024-05-08,8-K,amd-20240508.htm,https://www.sec.gov/Archives/edgar/data/2488/000000248824000076/amd-20240508.htm,sec_edgar,2026-05-21 20:10:05.881447+00:00
AMD,0000002488,0000002488-24-000056,2024-05-01,2024-03-30,10-Q,amd-20240330.htm,https://www.sec.gov/Archives/edgar/data/2488/000000248824000056/amd-20240330.htm,sec_edgar,2026-05-21 20:10:05.881457+00:00
AMD,0000002488,0000002488-24-000054,2024-04-30,2024-04-30,8-K,amd-20240430.htm,https://www.sec.gov/Archives/edgar/data/2488/000000248824000054/amd-20240430.htm,sec_edgar,2026-05-21 20:10:05.881458+00:00
AMD,0000002488,0001628280-24-005593,2024-02-20,2024-02-13,8-K,amd-20240213.htm,https://www.sec.gov/Archives/edgar/data/2488/000162828024005593/amd-20240213.htm,sec_edgar,2026-05-21 20:10:05.881487+00:00
AMD,0000002488,0000002488-24-000012,2024-01-31,2023-12-30,10-K,amd-20231230.htm,https://www.sec.gov/Archives/edgar/data/2488/000000248824000012/amd-20231230.htm,sec_edgar,2026-05-21 20:10:05.881498+00:00
AMD,0000002488,0000002488-24-000009,2024-01-30,2024-01-30,8-K,amd-20240130.htm,https://www.sec.gov/Archives/edgar/data/2488/000000248824000009/amd-20240130.htm,sec_edgar,2026-05-21 20:10:05.881499+00:00
AMD,0000002488,0000002488-23-000195,2023-11-01,2023-09-30,10-Q,amd-20230930.htm,https://www.sec.gov/Archives/edgar/data/2488/000000248823000195/amd-20230930.htm,sec_edgar,2026-05-21 20:10:05.881511+00:00
AMD,0000002488,0000002488-23-000192,2023-10-31,2023-10-31,8-K,amd-20231031.htm,https://www.sec.gov/Archives/edgar/data/2488/000000248823000192/amd-20231031.htm,sec_edgar,2026-05-21 20:10:05.881512+00:00
AMD,0000002488,0000002488-23-000139,2023-08-02,2023-07-01,10-Q,amd-20230701.htm,https://www.sec.gov/Archives/edgar/data/2488/000000248823000139/amd-20230701.htm,sec_edgar,2026-05-21 20:10:05.881547+00:00
AMD,0000002488,0000002488-23-000135,2023-08-01,2023-08-01,8-K,amd-20230801.htm,https://www.sec.gov/Archives/edgar/data/2488/000000248823000135/amd-20230801.htm,sec_edgar,2026-05-21 20:10:05.881548+00:00
AMD,0000002488,0000002488-23-000123,2023-07-10,2023-07-05,8-K,amd-20230705.htm,https://www.sec.gov/Archives/edgar/data/2488/000000248823000123/amd-20230705.htm,sec_edgar,2026-05-21 20:10:05.881552+00:00
AMD,0000002488,0001193125-23-151810,2023-05-23,2023-05-18,8-K,d456357d8k.htm,https://www.sec.gov/Archives/edgar/data/2488/000119312523151810/d456357d8k.htm,sec_edgar,2026-05-21 20:10:05.881572+00:00
AMD,0000002488,0000002488-23-000076,2023-05-03,2023-04-01,10-Q,amd-20230401.htm,https://www.sec.gov/Archives/edgar/data/2488/000000248823000076/amd-20230401.htm,sec_edgar,2026-05-21 20:10:05.881587+00:00
AMD,0000002488,0000002488-23-000074,2023-05-02,2023-05-02,8-K,amd-20230502.htm,https://www.sec.gov/Archives/edgar/data/2488/000000248823000074/amd-20230502.htm,sec_edgar,2026-05-21 20:10:05.881588+00:00
AMD,0000002488,0000002488-23-000047,2023-02-27,2022-12-31,10-K,amd-20221231.htm,https://www.sec.gov/Archives/edgar/data/2488/000000248823000047/amd-20221231.htm,sec_edgar,2026-05-21 20:10:05.881603+00:00
AMD,0000002488,0000002488-23-000040,2023-02-21,2023-02-14,8-K,amd-20230214.htm,https://www.sec.gov/Archives/edgar/data/2488/000000248823000040/amd-20230214.htm,sec_edgar,2026-05-21 20:10:05.881605+00:00
AMD,0000002488,0000002488-23-000007,2023-01-31,2023-01-31,8-K,amd-20230131.htm,https://www.sec.gov/Archives/edgar/data/2488/000000248823000007/amd-20230131.htm,sec_edgar,2026-05-21 20:10:05.881620+00:00
AMD,0000002488,0000002488-23-000003,2023-01-11,2023-01-08,8-K,amd-20230108.htm,https://www.sec.gov/Archives/edgar/data/2488/000000248823000003/amd-20230108.htm,sec_edgar,2026-05-21 20:10:05.881623+00:00
AMD,0000002488,0000002488-22-000176,2022-11-16,2022-11-16,8-K,amd-20221116.htm,https://www.sec.gov/Archives/edgar/data/2488/000000248822000176/amd-20221116.htm,sec_edgar,2026-05-21 20:10:05.881626+00:00
AMD,0000002488,0000002488-22-000172,2022-11-08,2022-11-03,8-K,amd-20221103.htm,https://www.sec.gov/Archives/edgar/data/2488/000000248822000172/amd-20221103.htm,sec_edgar,2026-05-21 20:10:05.881627+00:00
AMD,0000002488,0000002488-22-000170,2022-11-02,2022-09-24,10-Q,amd-20220924.htm,https://www.sec.gov/Archives/edgar/data/2488/000000248822000170/amd-20220924.htm,sec_edgar,2026-05-21 20:10:05.881628+00:00
AMD,0000002488,0000002488-22-000168,2022-11-01,2022-11-01,8-K,amd-20221101.htm,https://www.sec.gov/Archives/edgar/data/2488/000000248822000168/amd-20221101.htm,sec_edgar,2026-05-21 20:10:05.881629+00:00
AMD,0000002488,0000002488-22-000163,2022-10-06,2022-10-06,8-K,amd-20221006.htm,https://www.sec.gov/Archives/edgar/data/2488/000000248822000163/amd-20221006.htm,sec_edgar,2026-05-21 20:10:05.881631+00:00
AMD,0000002488,0000002488-22-000123,2022-08-03,2022-06-25,10-Q,amd-20220625.htm,https://www.sec.gov/Archives/edgar/data/2488/000000248822000123/amd-20220625.htm,sec_edgar,2026-05-21 20:10:05.881652+00:00
AMD,0000002488,0000002488-22-000120,2022-08-02,2022-08-02,8-K,amd-20220802.htm,https://www.sec.gov/Archives/edgar/data/2488/000000248822000120/amd-20220802.htm,sec_edgar,2026-05-21 20:10:05.881653+00:00
AMD,0000002488,0000002488-22-000112,2022-06-28,2022-06-23,8-K,amd-20220623.htm,https://www.sec.gov/Archives/edgar/data/2488/000000248822000112/amd-20220623.htm,sec_edgar,2026-05-21 20:10:05.881656+00:00
AMD,0000002488,0001193125-22-171108,2022-06-09,2022-06-09,8-K,d367525d8k.htm,https://www.sec.gov/Archives/edgar/data/2488/000119312522171108/d367525d8k.htm,sec_edgar,2026-05-21 20:10:05.881658+00:00
AMD,0000002488,0001193125-22-170212,2022-06-08,2022-06-07,8-K,d257623d8k.htm,https://www.sec.gov/Archives/edgar/data/2488/000119312522170212/d257623d8k.htm,sec_edgar,2026-05-21 20:10:05.881661+00:00
AMD,0000002488,0001193125-22-156161,2022-05-20,2022-05-18,8-K,d354894d8k.htm,https://www.sec.gov/Archives/edgar/data/2488/000119312522156161/d354894d8k.htm,sec_edgar,2026-05-21 20:10:05.881678+00:00
AMD,0000002488,0000002488-22-000078,2022-05-04,2022-03-26,10-Q,amd-20220326.htm,https://www.sec.gov/Archives/edgar/data/2488/000000248822000078/amd-20220326.htm,sec_edgar,2026-05-21 20:10:05.881682+00:00
AMD,0000002488,0000002488-22-000074,2022-05-03,2022-04-29,8-K,amd-20220429.htm,https://www.sec.gov/Archives/edgar/data/2488/000000248822000074/amd-20220429.htm,sec_edgar,2026-05-21 20:10:05.881684+00:00
AMD,0000002488,0000002488-22-000054,2022-02-28,2022-02-22,8-K,amd-20220222.htm,https://www.sec.gov/Archives/edgar/data/2488/000000248822000054/amd-20220222.htm,sec_edgar,2026-05-21 20:10:05.881695+00:00
AMD,0000002488,0000002488-22-000031,2022-02-14,2022-02-14,8-K,amd-20220214.htm,https://www.sec.gov/Archives/edgar/data/2488/000000248822000031/amd-20220214.htm,sec_edgar,2026-05-21 20:10:05.881706+00:00
AMD,0000002488,0000002488-22-000026,2022-02-10,2022-02-09,8-K,amd-20220209.htm,https://www.sec.gov/Archives/edgar/data/2488/000000248822000026/amd-20220209.htm,sec_edgar,2026-05-21 20:10:05.881708+00:00
AMD,0000002488,0000002488-22-000016,2022-02-03,2021-12-25,10-K,amd-20211225.htm,https://www.sec.gov/Archives/edgar/data/2488/000000248822000016/amd-20211225.htm,sec_edgar,2026-05-21 20:10:05.881713+00:00
AMD,0000002488,0000002488-22-000014,2022-02-01,2022-02-01,8-K,amd-20220201.htm,https://www.sec.gov/Archives/edgar/data/2488/000000248822000014/amd-20220201.htm,sec_edgar,2026-05-21 20:10:05.881716+00:00
AMD,0000002488,0000002488-22-000009,2022-01-27,2022-01-27,8-K,amd-20220127.htm,https://www.sec.gov/Archives/edgar/data/2488/000000248822000009/amd-20220127.htm,sec_edgar,2026-05-21 20:10:05.881718+00:00
AMD,0000002488,0000002488-21-000205,2021-12-23,2021-12-23,8-K,amd-20211223.htm,https://www.sec.gov/Archives/edgar/data/2488/000000248821000205/amd-20211223.htm,sec_edgar,2026-05-21 20:10:05.881726+00:00
AMD,0000002488,0000002488-21-000178,2021-10-27,2021-09-25,10-Q,amd-20210925.htm,https://www.sec.gov/Archives/edgar/data/2488/000000248821000178/amd-20210925.htm,sec_edgar,2026-05-21 20:10:05.881739+00:00
AMD,0000002488,0000002488-21-000176,2021-10-26,2021-10-26,8-K,amd-20211026.htm,https://www.sec.gov/Archives/edgar/data/2488/000000248821000176/amd-20211026.htm,sec_edgar,2026-05-21 20:10:05.881740+00:00
AMD,0000002488,0000002488-21-000116,2021-07-28,2021-06-26,10-Q,amd-20210626.htm,https://www.sec.gov/Archives/edgar/data/2488/000000248821000116/amd-20210626.htm,sec_edgar,2026-05-21 20:10:05.881767+00:00
AMD,0000002488,0000002488-21-000114,2021-07-27,2021-07-27,8-K,amd-20210727.htm,https://www.sec.gov/Archives/edgar/data/2488/000000248821000114/amd-20210727.htm,sec_edgar,2026-05-21 20:10:05.881768+00:00
AMD,0000002488,0000002488-21-000107,2021-06-30,2021-06-29,8-K,amd-20210629.htm,https://www.sec.gov/Archives/edgar/data/2488/000000248821000107/amd-20210629.htm,sec_edgar,2026-05-21 20:10:05.881771+00:00
AMD,0000002488,0000002488-21-000103,2021-06-24,2021-06-21,8-K,amd-20210621.htm,https://www.sec.gov/Archives/edgar/data/2488/000000248821000103/amd-20210621.htm,sec_edgar,2026-05-21 20:10:05.881773+00:00
AMD,0000002488,0001193125-21-169293,2021-05-21,2021-05-19,8-K,d120619d8k.htm,https://www.sec.gov/Archives/edgar/data/2488/000119312521169293/d120619d8k.htm,sec_edgar,2026-05-21 20:10:05.881783+00:00
AMD,0000002488,0000002488-21-000068,2021-05-13,2021-05-13,8-K,amd-20210513.htm,https://www.sec.gov/Archives/edgar/data/2488/000000248821000068/amd-20210513.htm,sec_edgar,2026-05-21 20:10:05.881790+00:00
AMD,0000002488,0000002488-21-000056,2021-04-28,2021-03-27,10-Q,amd-20210327.htm,https://www.sec.gov/Archives/edgar/data/2488/000000248821000056/amd-20210327.htm,sec_edgar,2026-05-21 20:10:05.881797+00:00
AMD,0000002488,0000002488-21-000054,2021-04-27,2021-04-27,8-K,amd-20210427.htm,https://www.sec.gov/Archives/edgar/data/2488/000000248821000054/amd-20210427.htm,sec_edgar,2026-05-21 20:10:05.881798+00:00
AMD,0000002488,0000002488-21-000046,2021-04-08,2021-04-07,8-K,amd-20210407.htm,https://www.sec.gov/Archives/edgar/data/2488/000000248821000046/amd-20210407.htm,sec_edgar,2026-05-21 20:10:05.881800+00:00
AMD,0000002488,0001193125-21-073262,2021-03-08,2021-03-08,8-K,d89766d8k.htm,https://www.sec.gov/Archives/edgar/data/2488/000119312521073262/d89766d8k.htm,sec_edgar,2026-05-21 20:10:05.881806+00:00
AMD,0000002488,0000002488-21-000033,2021-02-22,2021-02-16,8-K,amd-20210216.htm,https://www.sec.gov/Archives/edgar/data/2488/000000248821000033/amd-20210216.htm,sec_edgar,2026-05-21 20:10:05.881814+00:00
AMD,0000002488,0001628280-21-001185,2021-01-29,2020-12-26,10-K,amd-20201226.htm,https://www.sec.gov/Archives/edgar/data/2488/000162828021001185/amd-20201226.htm,sec_edgar,2026-05-21 20:10:05.881827+00:00
AMD,0000002488,0000002488-21-000009,2021-01-26,2021-01-26,8-K,amd-20210126.htm,https://www.sec.gov/Archives/edgar/data/2488/000000248821000009/amd-20210126.htm,sec_edgar,2026-05-21 20:10:05.881828+00:00
AMD,0000002488,0000002488-21-000005,2021-01-12,2021-01-11,8-K,amd-20210111.htm,https://www.sec.gov/Archives/edgar/data/2488/000000248821000005/amd-20210111.htm,sec_edgar,2026-05-21 20:10:05.881832+00:00
AMD,0000002488,0000002488-21-000002,2021-01-06,2020-12-31,8-K,amd-20201231.htm,https://www.sec.gov/Archives/edgar/data/2488/000000248821000002/amd-20201231.htm,sec_edgar,2026-05-21 20:10:05.881833+00:00
AMD,0000002488,0000002488-20-000164,2020-10-28,2020-09-26,10-Q,amd-20200926.htm,https://www.sec.gov/Archives/edgar/data/2488/000000248820000164/amd-20200926.htm,sec_edgar,2026-05-21 20:10:05.881845+00:00
AMD,0000002488,0001193125-20-277468,2020-10-27,2020-10-26,8-K,d67182d8k.htm,https://www.sec.gov/Archives/edgar/data/2488/000119312520277468/d67182d8k.htm,sec_edgar,2026-05-21 20:10:05.881849+00:00
AMD,0000002488,0000002488-20-000161,2020-10-27,2020-10-27,8-K,amd-20201027.htm,https://www.sec.gov/Archives/edgar/data/2488/000000248820000161/amd-20201027.htm,sec_edgar,2026-05-21 20:10:05.881850+00:00
AMD,0000002488,0001193125-20-278572,2020-10-27,2020-10-27,8-K,d40046d8k.htm,https://www.sec.gov/Archives/edgar/data/2488/000119312520278572/d40046d8k.htm,sec_edgar,2026-05-21 20:10:05.881847+00:00
AMD,0000002488,0000002488-20-000110,2020-08-11,2020-08-06,8-K,amd-20200806.htm,https://www.sec.gov/Archives/edgar/data/2488/000000248820000110/amd-20200806.htm,sec_edgar,2026-05-21 20:10:05.881875+00:00
AMD,0000002488,0000002488-20-000103,2020-07-29,2020-06-27,10-Q,amd-20200627.htm,https://www.sec.gov/Archives/edgar/data/2488/000000248820000103/amd-20200627.htm,sec_edgar,2026-05-21 20:10:05.881877+00:00
AMD,0000002488,0000002488-20-000101,2020-07-28,2020-07-28,8-K,amd-20200728.htm,https://www.sec.gov/Archives/edgar/data/2488/000000248820000101/amd-20200728.htm,sec_edgar,2026-05-21 20:10:05.881878+00:00
AMD,0000002488,0000002488-20-000068,2020-05-12,2020-05-07,8-K,a8-kxannualmeeting2020.htm,https://www.sec.gov/Archives/edgar/data/2488/000000248820000068/a8-kxannualmeeting2020.htm,sec_edgar,2026-05-21 20:10:05.881893+00:00
AMD,0000002488,0000002488-20-000051,2020-04-29,2020-03-28,10-Q,amdq1fy2010q.htm,https://www.sec.gov/Archives/edgar/data/2488/000000248820000051/amdq1fy2010q.htm,sec_edgar,2026-05-21 20:10:05.881900+00:00
AMD,0000002488,0000002488-20-000048,2020-04-28,2020-04-28,8-K,a2020q1earnings8-k.htm,https://www.sec.gov/Archives/edgar/data/2488/000000248820000048/a2020q1earnings8-k.htm,sec_edgar,2026-05-21 20:10:05.881901+00:00
AMD,0000002488,0000002488-20-000034,2020-03-12,2020-03-06,8-K,a8kamendmenttobylaws36.htm,https://www.sec.gov/Archives/edgar/data/2488/000000248820000034/a8kamendmenttobylaws36.htm,sec_edgar,2026-05-21 20:10:05.881906+00:00
AMD,0000002488,0000002488-20-000019,2020-02-18,2020-02-11,8-K,amd8k-kneoeip2x11x2020.htm,https://www.sec.gov/Archives/edgar/data/2488/000000248820000019/amd8k-kneoeip2x11x2020.htm,sec_edgar,2026-05-21 20:10:05.881913+00:00
AMD,0000002488,0000002488-20-000008,2020-02-04,2019-12-28,10-K,amdform10-kfy2019.htm,https://www.sec.gov/Archives/edgar/data/2488/000000248820000008/amdform10-kfy2019.htm,sec_edgar,2026-05-21 20:10:05.881921+00:00
AMD,0000002488,0000002488-20-000006,2020-01-28,2020-01-28,8-K,a20200128q419earnings8.htm,https://www.sec.gov/Archives/edgar/data/2488/000000248820000006/a20200128q419earnings8.htm,sec_edgar,2026-05-21 20:10:05.881922+00:00
AMD,0000002488,0000002488-19-000186,2019-12-16,2019-12-13,8-K,appointmentofnewdirect.htm,https://www.sec.gov/Archives/edgar/data/2488/000000248819000186/appointmentofnewdirect.htm,sec_edgar,2026-05-21 20:10:05.881926+00:00
AMD,0000002488,0000002488-19-000178,2019-12-02,2019-11-25,8-K,amdform8kequitysales11.htm,https://www.sec.gov/Archives/edgar/data/2488/000000248819000178/amdform8kequitysales11.htm,sec_edgar,2026-05-21 20:10:05.881930+00:00
AMD,0000002488,0000002488-19-000165,2019-11-12,2019-11-07,8-K,amdform8kequitysales11.htm,https://www.sec.gov/Archives/edgar/data/2488/000000248819000165/amdform8kequitysales11.htm,sec_edgar,2026-05-21 20:10:05.881936+00:00
AMD,0000002488,0000002488-19-000159,2019-10-30,2019-09-28,10-Q,amd0928201910q.htm,https://www.sec.gov/Archives/edgar/data/2488/000000248819000159/amd0928201910q.htm,sec_edgar,2026-05-21 20:10:05.881938+00:00
AMD,0000002488,0000002488-19-000157,2019-10-29,2019-10-29,8-K,a20191029q319earnings8.htm,https://www.sec.gov/Archives/edgar/data/2488/000000248819000157/a20191029q319earnings8.htm,sec_edgar,2026-05-21 20:10:05.881939+00:00
AMD,0000002488,0000002488-19-000144,2019-09-06,2019-09-03,8-K,amdform8kequitysalesse.htm,https://www.sec.gov/Archives/edgar/data/2488/000000248819000144/amdform8kequitysalesse.htm,sec_edgar,2026-05-21 20:10:05.881945+00:00
AMD,0000002488,0000002488-19-000113,2019-08-08,2019-08-05,8-K,amdform8k08082019.htm,https://www.sec.gov/Archives/edgar/data/2488/000000248819000113/amdform8k08082019.htm,sec_edgar,2026-05-21 20:10:05.881963+00:00
AMD,0000002488,0000002488-19-000104,2019-07-31,2019-06-29,10-Q,amd0629201910q.htm,https://www.sec.gov/Archives/edgar/data/2488/000000248819000104/amd0629201910q.htm,sec_edgar,2026-05-21 20:10:05.881966+00:00
AMD,0000002488,0000002488-19-000102,2019-07-30,2019-07-30,8-K,a20190730q219earnings8-k.htm,https://www.sec.gov/Archives/edgar/data/2488/000000248819000102/a20190730q219earnings8-k.htm,sec_edgar,2026-05-21 20:10:05.881967+00:00
AMD,0000002488,0000002488-19-000096,2019-06-27,2019-06-21,8-K,a8-kneosalariesandlti2019.htm,https://www.sec.gov/Archives/edgar/data/2488/000000248819000096/a8-kneosalariesandlti2019.htm,sec_edgar,2026-05-21 20:10:05.881970+00:00
AMD,0000002488,0000002488-19-000088,2019-06-10,2019-06-07,8-K,form8-kcreditfacility060719.htm,https://www.sec.gov/Archives/edgar/data/2488/000000248819000088/form8-kcreditfacility060719.htm,sec_edgar,2026-05-21 20:10:05.881974+00:00
AMD,0000002488,0000002488-19-000059,2019-05-17,2019-05-15,8-K,amd2019annualmeeting8-k515.htm,https://www.sec.gov/Archives/edgar/data/2488/000000248819000059/amd2019annualmeeting8-k515.htm,sec_edgar,2026-05-21 20:10:05.881987+00:00
AMD,0000002488,0000002488-19-000045,2019-05-01,2019-03-30,10-Q,amd0330201910q.htm,https://www.sec.gov/Archives/edgar/data/2488/000000248819000045/amd0330201910q.htm,sec_edgar,2026-05-21 20:10:05.881993+00:00
AMD,0000002488,0000002488-19-000043,2019-04-30,2019-04-30,8-K,a20190430q119earnings8-k.htm,https://www.sec.gov/Archives/edgar/data/2488/000000248819000043/a20190430q119earnings8-k.htm,sec_edgar,2026-05-21 20:10:05.881994+00:00
AMD,0000002488,0000002488-19-000022,2019-02-22,2019-02-19,8-K,form8-kneoeipandsalaries21.htm,https://www.sec.gov/Archives/edgar/data/2488/000000248819000022/form8-kneoeipandsalaries21.htm,sec_edgar,2026-05-21 20:10:05.882004+00:00
AMD,0000002488,0000002488-19-000018,2019-02-14,2019-02-13,8-K,a201902form8-kwarrantshare.htm,https://www.sec.gov/Archives/edgar/data/2488/000000248819000018/a201902form8-kwarrantshare.htm,sec_edgar,2026-05-21 20:10:05.882005+00:00
AMD,0000002488,0000002488-19-000011,2019-02-08,2018-12-29,10-K,amd-12292018x10k.htm,https://www.sec.gov/Archives/edgar/data/2488/000000248819000011/amd-12292018x10k.htm,sec_edgar,2026-05-21 20:10:05.882009+00:00
AMD,0000002488,0000002488-19-000004,2019-01-29,2019-01-28,8-K,a20190129q418earnings8-k.htm,https://www.sec.gov/Archives/edgar/data/2488/000000248819000004/a20190129q418earnings8-k.htm,sec_edgar,2026-05-21 20:10:05.882016+00:00
AMD,0000002488,0000002488-18-000189,2018-10-31,2018-09-29,10-Q,amd0929201810q.htm,https://www.sec.gov/Archives/edgar/data/2488/000000248818000189/amd0929201810q.htm,sec_edgar,2026-05-21 20:10:05.882027+00:00
AMD,0000002488,0000002488-18-000186,2018-10-24,2018-10-24,8-K,a20181024q318earnings8-k.htm,https://www.sec.gov/Archives/edgar/data/2488/000000248818000186/a20181024q318earnings8-k.htm,sec_edgar,2026-05-21 20:10:05.882028+00:00
AMD,0000002488,0000002488-18-000166,2018-08-27,2018-08-22,8-K,amd_form8-svp82718.htm,https://www.sec.gov/Archives/edgar/data/2488/000000248818000166/amd_form8-svp82718.htm,sec_edgar,2026-05-21 20:10:05.882038+00:00
AMD,0000002488,0000002488-18-000130,2018-08-06,2018-07-31,8-K,amd_form8-kneolti2018.htm,https://www.sec.gov/Archives/edgar/data/2488/000000248818000130/amd_form8-kneolti2018.htm,sec_edgar,2026-05-21 20:10:05.882056+00:00
AMD,0000002488,0000002488-18-000128,2018-08-02,2018-06-30,10-Q,amd0630201810q.htm,https://www.sec.gov/Archives/edgar/data/2488/000000248818000128/amd0630201810q.htm,sec_edgar,2026-05-21 20:10:05.882057+00:00
AMD,0000002488,0000002488-18-000124,2018-07-25,2018-07-25,8-K,a20180725q218earnings8-k.htm,https://www.sec.gov/Archives/edgar/data/2488/000000248818000124/a20180725q218earnings8-k.htm,sec_edgar,2026-05-21 20:10:05.882062+00:00
AMD,0000002488,0000002488-18-000112,2018-07-02,2018-06-26,8-K,form8-kneosalaries2018forf.htm,https://www.sec.gov/Archives/edgar/data/2488/000000248818000112/form8-kneosalaries2018forf.htm,sec_edgar,2026-05-21 20:10:05.882065+00:00
AMD,0000002488,0000002488-18-000086,2018-05-08,2018-05-08,8-K,amd2018annualmeeting8-k.htm,https://www.sec.gov/Archives/edgar/data/2488/000000248818000086/amd2018annualmeeting8-k.htm,sec_edgar,2026-05-21 20:10:05.882079+00:00
AMD,0000002488,0000002488-18-000068,2018-05-03,2018-03-31,10-Q,amd0331201810q.htm,https://www.sec.gov/Archives/edgar/data/2488/000000248818000068/amd0331201810q.htm,sec_edgar,2026-05-21 20:10:05.882087+00:00
AMD,0000002488,0000002488-18-000058,2018-04-25,2018-04-25,8-K,a20180425q118earnings8-k.htm,https://www.sec.gov/Archives/edgar/data/2488/000000248818000058/a20180425q118earnings8-k.htm,sec_edgar,2026-05-21 20:10:05.882092+00:00
AMD,0000002488,0000002488-18-000047,2018-03-05,2018-03-05,8-K,form8-kndonofrio3218.htm,https://www.sec.gov/Archives/edgar/data/2488/000000248818000047/form8-kndonofrio3218.htm,sec_edgar,2026-05-21 20:10:05.882098+00:00
AMD,0000002488,0000002488-18-000043,2018-02-27,2018-02-27,8-K,a6form8-kasc606disclosurev.htm,https://www.sec.gov/Archives/edgar/data/2488/000000248818000043/a6form8-kasc606disclosurev.htm,sec_edgar,2026-05-21 20:10:05.882100+00:00
AMD,0000002488,0000002488-18-000042,2018-02-27,2017-12-30,10-K,amd-12302017x10k.htm,https://www.sec.gov/Archives/edgar/data/2488/000000248818000042/amd-12302017x10k.htm,sec_edgar,2026-05-21 20:10:05.882101+00:00
AMD,0000002488,0000002488-18-000026,2018-02-12,2018-02-12,8-K,amd-form8xk2017eip0218.htm,https://www.sec.gov/Archives/edgar/data/2488/000000248818000026/amd-form8xk2017eip0218.htm,sec_edgar,2026-05-21 20:10:05.882106+00:00
AMD,0000002488,0000002488-18-000014,2018-01-30,2018-01-30,8-K,a20180130q417earnings8-k.htm,https://www.sec.gov/Archives/edgar/data/2488/000000248818000014/a20180130q417earnings8-k.htm,sec_edgar,2026-05-21 20:10:05.882112+00:00
AMD,0000002488,0000002488-17-000227,2017-11-02,2017-09-30,10-Q,amd0930201710q.htm,https://www.sec.gov/Archives/edgar/data/2488/000000248817000227/amd0930201710q.htm,sec_edgar,2026-05-21 20:10:05.882138+00:00
AMD,0000002488,0000002488-17-000219,2017-11-01,2017-11-01,8-K,form8-kdurcan.htm,https://www.sec.gov/Archives/edgar/data/2488/000000248817000219/form8-kdurcan.htm,sec_edgar,2026-05-21 20:10:05.882140+00:00
AMD,0000002488,0000002488-17-000213,2017-10-24,2017-10-24,8-K,a20171024q317earnings8-k.htm,https://www.sec.gov/Archives/edgar/data/2488/000000248817000213/a20171024q317earnings8-k.htm,sec_edgar,2026-05-21 20:10:05.882142+00:00
AMD,0000002488,0000002488-17-000164,2017-08-07,2017-08-01,8-K,amd_form8-kneolti2017re.htm,https://www.sec.gov/Archives/edgar/data/2488/000000248817000164/amd_form8-kneolti2017re.htm,sec_edgar,2026-05-21 20:10:05.882166+00:00
AMD,0000002488,0000002488-17-000156,2017-08-03,2017-07-01,10-Q,amd0701201710q.htm,https://www.sec.gov/Archives/edgar/data/2488/000000248817000156/amd0701201710q.htm,sec_edgar,2026-05-21 20:10:05.882173+00:00
AMD,0000002488,0000002488-17-000150,2017-07-25,2017-07-25,8-K,a20170725q217earnings8-k.htm,https://www.sec.gov/Archives/edgar/data/2488/000000248817000150/a20170725q217earnings8-k.htm,sec_edgar,2026-05-21 20:10:05.882176+00:00
AMD,0000002488,0000002488-17-000141,2017-07-03,2017-06-30,8-K,form8-kneosalariesnewdirec.htm,https://www.sec.gov/Archives/edgar/data/2488/000000248817000141/form8-kneosalariesnewdirec.htm,sec_edgar,2026-05-21 20:10:05.882180+00:00
AMZN,0001018724,0001018724-26-000014,2026-04-30,2026-03-31,10-Q,amzn-20260331.htm,https://www.sec.gov/Archives/edgar/data/1018724/000101872426000014/amzn-20260331.htm,sec_edgar,2026-05-21 20:10:08.134801+00:00
AMZN,0001018724,0001018724-26-000012,2026-04-29,2026-04-29,8-K,amzn-20260429.htm,https://www.sec.gov/Archives/edgar/data/1018724/000101872426000012/amzn-20260429.htm,sec_edgar,2026-05-21 20:10:08.134803+00:00
AMZN,0001018724,0001104659-26-042880,2026-04-14,2026-04-14,8-K,tm2611746d1_8k.htm,https://www.sec.gov/Archives/edgar/data/1018724/000110465926042880/tm2611746d1_8k.htm,sec_edgar,2026-05-21 20:10:08.134812+00:00
AMZN,0001018724,0001104659-26-041034,2026-04-09,2026-04-09,8-K,tm263815d2_8k.htm,https://www.sec.gov/Archives/edgar/data/1018724/000110465926041034/tm263815d2_8k.htm,sec_edgar,2026-05-21 20:10:08.134820+00:00
AMZN,0001018724,0001104659-26-028556,2026-03-16,2026-03-16,8-K,tm266670d9_8k.htm,https://www.sec.gov/Archives/edgar/data/1018724/000110465926028556/tm266670d9_8k.htm,sec_edgar,2026-05-21 20:10:08.134827+00:00
AMZN,0001018724,0001104659-26-027729,2026-03-13,2026-03-13,8-K,tm266670d8_8k.htm,https://www.sec.gov/Archives/edgar/data/1018724/000110465926027729/tm266670d8_8k.htm,sec_edgar,2026-05-21 20:10:08.134828+00:00
AMZN,0001018724,0001104659-26-021050,2026-02-27,2026-02-27,8-K,tm267374d1_8k.htm,https://www.sec.gov/Archives/edgar/data/1018724/000110465926021050/tm267374d1_8k.htm,sec_edgar,2026-05-21 20:10:08.134836+00:00
AMZN,0001018724,0001018724-26-000004,2026-02-06,2025-12-31,10-K,amzn-20251231.htm,https://www.sec.gov/Archives/edgar/data/1018724/000101872426000004/amzn-20251231.htm,sec_edgar,2026-05-21 20:10:08.134859+00:00
AMZN,0001018724,0001018724-26-000002,2026-02-05,2026-02-05,8-K,amzn-20260205.htm,https://www.sec.gov/Archives/edgar/data/1018724/000101872426000002/amzn-20260205.htm,sec_edgar,2026-05-21 20:10:08.134860+00:00
AMZN,0001018724,0001104659-25-114647,2025-11-20,2025-11-20,8-K,tm2530638d3_8k.htm,https://www.sec.gov/Archives/edgar/data/1018724/000110465925114647/tm2530638d3_8k.htm,sec_edgar,2026-05-21 20:10:08.134875+00:00
AMZN,0001018724,0001018724-25-000123,2025-10-31,2025-09-30,10-Q,amzn-20250930.htm,https://www.sec.gov/Archives/edgar/data/1018724/000101872425000123/amzn-20250930.htm,sec_edgar,2026-05-21 20:10:08.134901+00:00
AMZN,0001018724,0001018724-25-000121,2025-10-30,2025-10-30,8-K,amzn-20251030.htm,https://www.sec.gov/Archives/edgar/data/1018724/000101872425000121/amzn-20251030.htm,sec_edgar,2026-05-21 20:10:08.134902+00:00
AMZN,0001018724,0001018724-25-000086,2025-08-01,2025-06-30,10-Q,amzn-20250630.htm,https://www.sec.gov/Archives/edgar/data/1018724/000101872425000086/amzn-20250630.htm,sec_edgar,2026-05-21 20:10:08.134932+00:00
AMZN,0001018724,0001018724-25-000084,2025-07-31,2025-07-31,8-K,amzn-20250731.htm,https://www.sec.gov/Archives/edgar/data/1018724/000101872425000084/amzn-20250731.htm,sec_edgar,2026-05-21 20:10:08.134933+00:00
AMZN,0001018724,0001104659-25-052014,2025-05-22,2025-05-21,8-K,tm2515134d1_8k.htm,https://www.sec.gov/Archives/edgar/data/1018724/000110465925052014/tm2515134d1_8k.htm,sec_edgar,2026-05-21 20:10:08.134953+00:00
AMZN,0001018724,0001018724-25-000036,2025-05-02,2025-03-31,10-Q,amzn-20250331.htm,https://www.sec.gov/Archives/edgar/data/1018724/000101872425000036/amzn-20250331.htm,sec_edgar,2026-05-21 20:10:08.134974+00:00
AMZN,0001018724,0001018724-25-000034,2025-05-01,2025-05-01,8-K,amzn-20250501.htm,https://www.sec.gov/Archives/edgar/data/1018724/000101872425000034/amzn-20250501.htm,sec_edgar,2026-05-21 20:10:08.134975+00:00
AMZN,0001018724,0001104659-25-033450,2025-04-10,2025-04-10,8-K,tm254123d2_8k.htm,https://www.sec.gov/Archives/edgar/data/1018724/000110465925033450/tm254123d2_8k.htm,sec_edgar,2026-05-21 20:10:08.134983+00:00
AMZN,0001018724,0001018724-25-000004,2025-02-07,2024-12-31,10-K,amzn-20241231.htm,https://www.sec.gov/Archives/edgar/data/1018724/000101872425000004/amzn-20241231.htm,sec_edgar,2026-05-21 20:10:08.135011+00:00
AMZN,0001018724,0001018724-25-000002,2025-02-06,2025-02-06,8-K,amzn-20250206.htm,https://www.sec.gov/Archives/edgar/data/1018724/000101872425000002/amzn-20250206.htm,sec_edgar,2026-05-21 20:10:08.135013+00:00
AMZN,0001018724,0001018724-24-000161,2024-11-01,2024-09-30,10-Q,amzn-20240930.htm,https://www.sec.gov/Archives/edgar/data/1018724/000101872424000161/amzn-20240930.htm,sec_edgar,2026-05-21 20:10:08.135059+00:00
AMZN,0001018724,0001018724-24-000158,2024-10-31,2024-10-31,8-K,amzn-20241031.htm,https://www.sec.gov/Archives/edgar/data/1018724/000101872424000158/amzn-20241031.htm,sec_edgar,2026-05-21 20:10:08.135060+00:00
AMZN,0001018724,0001018724-24-000130,2024-08-02,2024-06-30,10-Q,amzn-20240630.htm,https://www.sec.gov/Archives/edgar/data/1018724/000101872424000130/amzn-20240630.htm,sec_edgar,2026-05-21 20:10:08.135081+00:00
AMZN,0001018724,0001018724-24-000128,2024-08-01,2024-08-01,8-K,amzn-20240801.htm,https://www.sec.gov/Archives/edgar/data/1018724/000101872424000128/amzn-20240801.htm,sec_edgar,2026-05-21 20:10:08.135082+00:00
AMZN,0001018724,0001104659-24-065117,2024-05-24,2024-05-22,8-K,tm2414140d1_8k.htm,https://www.sec.gov/Archives/edgar/data/1018724/000110465924065117/tm2414140d1_8k.htm,sec_edgar,2026-05-21 20:10:08.135107+00:00
AMZN,0001018724,0001104659-24-061143,2024-05-14,2024-05-14,8-K,tm2414460d1_8k.htm,https://www.sec.gov/Archives/edgar/data/1018724/000110465924061143/tm2414460d1_8k.htm,sec_edgar,2026-05-21 20:10:08.135127+00:00
AMZN,0001018724,0001104659-24-057026,2024-05-03,2024-05-03,8-K,tm2413032d1_8k.htm,https://www.sec.gov/Archives/edgar/data/1018724/000110465924057026/tm2413032d1_8k.htm,sec_edgar,2026-05-21 20:10:08.135135+00:00
AMZN,0001018724,0001018724-24-000083,2024-05-01,2024-03-31,10-Q,amzn-20240331.htm,https://www.sec.gov/Archives/edgar/data/1018724/000101872424000083/amzn-20240331.htm,sec_edgar,2026-05-21 20:10:08.135142+00:00
AMZN,0001018724,0001018724-24-000081,2024-04-30,2024-04-30,8-K,amzn-20240430.htm,https://www.sec.gov/Archives/edgar/data/1018724/000101872424000081/amzn-20240430.htm,sec_edgar,2026-05-21 20:10:08.135143+00:00
AMZN,0001018724,0001104659-24-045915,2024-04-11,2024-04-11,8-K,tm246113d2_8k.htm,https://www.sec.gov/Archives/edgar/data/1018724/000110465924045915/tm246113d2_8k.htm,sec_edgar,2026-05-21 20:10:08.135156+00:00
AMZN,0001018724,0001018724-24-000008,2024-02-02,2023-12-31,10-K,amzn-20231231.htm,https://www.sec.gov/Archives/edgar/data/1018724/000101872424000008/amzn-20231231.htm,sec_edgar,2026-05-21 20:10:08.135219+00:00
AMZN,0001018724,0001018724-24-000006,2024-02-01,2024-02-01,8-K,amzn-20240201.htm,https://www.sec.gov/Archives/edgar/data/1018724/000101872424000006/amzn-20240201.htm,sec_edgar,2026-05-21 20:10:08.135220+00:00
AMZN,0001018724,0001104659-23-113444,2023-11-01,2023-11-01,8-K,tm2329405d1_8k.htm,https://www.sec.gov/Archives/edgar/data/1018724/000110465923113444/tm2329405d1_8k.htm,sec_edgar,2026-05-21 20:10:08.135270+00:00
AMZN,0001018724,0001018724-23-000018,2023-10-27,2023-09-30,10-Q,amzn-20230930.htm,https://www.sec.gov/Archives/edgar/data/1018724/000101872423000018/amzn-20230930.htm,sec_edgar,2026-05-21 20:10:08.135273+00:00
AMZN,0001018724,0001018724-23-000016,2023-10-26,2023-10-26,8-K,amzn-20231026.htm,https://www.sec.gov/Archives/edgar/data/1018724/000101872423000016/amzn-20231026.htm,sec_edgar,2026-05-21 20:10:08.135275+00:00
AMZN,0001018724,0001018724-23-000014,2023-09-13,2023-09-13,8-K,amzn-20230913.htm,https://www.sec.gov/Archives/edgar/data/1018724/000101872423000014/amzn-20230913.htm,sec_edgar,2026-05-21 20:10:08.135292+00:00
AMZN,0001018724,0001018724-23-000012,2023-08-04,2023-06-30,10-Q,amzn-20230630.htm,https://www.sec.gov/Archives/edgar/data/1018724/000101872423000012/amzn-20230630.htm,sec_edgar,2026-05-21 20:10:08.135318+00:00
AMZN,0001018724,0001018724-23-000010,2023-08-03,2023-08-03,8-K,amzn-20230803.htm,https://www.sec.gov/Archives/edgar/data/1018724/000101872423000010/amzn-20230803.htm,sec_edgar,2026-05-21 20:10:08.135320+00:00
AMZN,0001018724,0001104659-23-065457,2023-05-26,2023-05-24,8-K,tm2315877d1_8k.htm,https://www.sec.gov/Archives/edgar/data/1018724/000110465923065457/tm2315877d1_8k.htm,sec_edgar,2026-05-21 20:10:08.135341+00:00
AMZN,0001018724,0001018724-23-000008,2023-04-28,2023-03-31,10-Q,amzn-20230331.htm,https://www.sec.gov/Archives/edgar/data/1018724/000101872423000008/amzn-20230331.htm,sec_edgar,2026-05-21 20:10:08.135372+00:00
AMZN,0001018724,0001018724-23-000006,2023-04-27,2023-04-27,8-K,amzn-20230427.htm,https://www.sec.gov/Archives/edgar/data/1018724/000101872423000006/amzn-20230427.htm,sec_edgar,2026-05-21 20:10:08.135373+00:00
AMZN,0001018724,0001104659-23-044715,2023-04-13,2023-04-13,8-K,tm233697d2_8k.htm,https://www.sec.gov/Archives/edgar/data/1018724/000110465923044715/tm233697d2_8k.htm,sec_edgar,2026-05-21 20:10:08.135383+00:00
AMZN,0001018724,0001018724-23-000004,2023-02-03,2022-12-31,10-K,amzn-20221231.htm,https://www.sec.gov/Archives/edgar/data/1018724/000101872423000004/amzn-20221231.htm,sec_edgar,2026-05-21 20:10:08.135411+00:00
AMZN,0001018724,0001018724-23-000002,2023-02-02,2023-02-02,8-K,amzn-20230202.htm,https://www.sec.gov/Archives/edgar/data/1018724/000101872423000002/amzn-20230202.htm,sec_edgar,2026-05-21 20:10:08.135412+00:00
AMZN,0001018724,0001193125-23-003621,2023-01-06,2023-01-05,8-K,d441973d8k.htm,https://www.sec.gov/Archives/edgar/data/1018724/000119312523003621/d441973d8k.htm,sec_edgar,2026-05-21 20:10:08.135415+00:00
AMZN,0001018724,0001193125-23-000849,2023-01-03,2023-01-03,8-K,d429499d8k.htm,https://www.sec.gov/Archives/edgar/data/1018724/000119312523000849/d429499d8k.htm,sec_edgar,2026-05-21 20:10:08.135416+00:00
AMZN,0001018724,0001193125-22-296602,2022-12-01,2022-12-01,8-K,d376136d8k.htm,https://www.sec.gov/Archives/edgar/data/1018724/000119312522296602/d376136d8k.htm,sec_edgar,2026-05-21 20:10:08.135418+00:00
AMZN,0001018724,0001193125-22-289041,2022-11-18,2022-11-18,8-K,d413765d8k.htm,https://www.sec.gov/Archives/edgar/data/1018724/000119312522289041/d413765d8k.htm,sec_edgar,2026-05-21 20:10:08.135426+00:00
AMZN,0001018724,0001018724-22-000023,2022-10-28,2022-09-30,10-Q,amzn-20220930.htm,https://www.sec.gov/Archives/edgar/data/1018724/000101872422000023/amzn-20220930.htm,sec_edgar,2026-05-21 20:10:08.135438+00:00
AMZN,0001018724,0001018724-22-000021,2022-10-27,2022-10-27,8-K,amzn-20221027.htm,https://www.sec.gov/Archives/edgar/data/1018724/000101872422000021/amzn-20221027.htm,sec_edgar,2026-05-21 20:10:08.135439+00:00
AMZN,0001018724,0001018724-22-000019,2022-07-29,2022-06-30,10-Q,amzn-20220630.htm,https://www.sec.gov/Archives/edgar/data/1018724/000101872422000019/amzn-20220630.htm,sec_edgar,2026-05-21 20:10:08.135461+00:00
AMZN,0001018724,0001018724-22-000017,2022-07-28,2022-07-28,8-K,amzn-20220728.htm,https://www.sec.gov/Archives/edgar/data/1018724/000101872422000017/amzn-20220728.htm,sec_edgar,2026-05-21 20:10:08.135462+00:00
AMZN,0001018724,0001018724-22-000015,2022-06-03,2022-06-01,8-K,amzn-20220601.htm,https://www.sec.gov/Archives/edgar/data/1018724/000101872422000015/amzn-20220601.htm,sec_edgar,2026-05-21 20:10:08.135464+00:00
AMZN,0001018724,0001104659-22-065872,2022-05-27,2022-05-25,8-K,tm2215904d1_8k.htm,https://www.sec.gov/Archives/edgar/data/1018724/000110465922065872/tm2215904d1_8k.htm,sec_edgar,2026-05-21 20:10:08.135466+00:00
AMZN,0001018724,0001018724-22-000013,2022-04-29,2022-03-31,10-Q,amzn-20220331.htm,https://www.sec.gov/Archives/edgar/data/1018724/000101872422000013/amzn-20220331.htm,sec_edgar,2026-05-21 20:10:08.135483+00:00
AMZN,0001018724,0001018724-22-000011,2022-04-28,2022-04-28,8-K,amzn-20220428.htm,https://www.sec.gov/Archives/edgar/data/1018724/000101872422000011/amzn-20220428.htm,sec_edgar,2026-05-21 20:10:08.135484+00:00
AMZN,0001018724,0001104659-22-045579,2022-04-14,2022-04-14,8-K,tm226241d2_8k.htm,https://www.sec.gov/Archives/edgar/data/1018724/000110465922045579/tm226241d2_8k.htm,sec_edgar,2026-05-21 20:10:08.135491+00:00
AMZN,0001018724,0001193125-22-104336,2022-04-13,2022-04-13,8-K,d325485d8k.htm,https://www.sec.gov/Archives/edgar/data/1018724/000119312522104336/d325485d8k.htm,sec_edgar,2026-05-21 20:10:08.135494+00:00
AMZN,0001018724,0001018724-22-000009,2022-03-09,2022-03-09,8-K,amzn-20220309.htm,https://www.sec.gov/Archives/edgar/data/1018724/000101872422000009/amzn-20220309.htm,sec_edgar,2026-05-21 20:10:08.135510+00:00
AMZN,0001018724,0001018724-22-000005,2022-02-04,2021-12-31,10-K,amzn-20211231.htm,https://www.sec.gov/Archives/edgar/data/1018724/000101872422000005/amzn-20211231.htm,sec_edgar,2026-05-21 20:10:08.135527+00:00
AMZN,0001018724,0001018724-22-000002,2022-02-03,2022-02-03,8-K,amzn-20220203.htm,https://www.sec.gov/Archives/edgar/data/1018724/000101872422000002/amzn-20220203.htm,sec_edgar,2026-05-21 20:10:08.135528+00:00
AMZN,0001018724,0001018724-21-000030,2021-11-12,2021-11-10,8-K,amzn-20211110.htm,https://www.sec.gov/Archives/edgar/data/1018724/000101872421000030/amzn-20211110.htm,sec_edgar,2026-05-21 20:10:08.135566+00:00
AMZN,0001018724,0001018724-21-000028,2021-10-29,2021-09-30,10-Q,amzn-20210930.htm,https://www.sec.gov/Archives/edgar/data/1018724/000101872421000028/amzn-20210930.htm,sec_edgar,2026-05-21 20:10:08.135580+00:00
AMZN,0001018724,0001018724-21-000026,2021-10-28,2021-10-28,8-K,amzn-20211028.htm,https://www.sec.gov/Archives/edgar/data/1018724/000101872421000026/amzn-20211028.htm,sec_edgar,2026-05-21 20:10:08.135581+00:00
AMZN,0001018724,0001018724-21-000022,2021-09-20,2021-09-20,8-K,amzn-20210920.htm,https://www.sec.gov/Archives/edgar/data/1018724/000101872421000022/amzn-20210920.htm,sec_edgar,2026-05-21 20:10:08.135588+00:00
AMZN,0001018724,0001018724-21-000020,2021-07-30,2021-06-30,10-Q,amzn-20210630.htm,https://www.sec.gov/Archives/edgar/data/1018724/000101872421000020/amzn-20210630.htm,sec_edgar,2026-05-21 20:10:08.135603+00:00
AMZN,0001018724,0001018724-21-000018,2021-07-29,2021-07-29,8-K,amzn-20210729.htm,https://www.sec.gov/Archives/edgar/data/1018724/000101872421000018/amzn-20210729.htm,sec_edgar,2026-05-21 20:10:08.135604+00:00
AMZN,0001018724,0001018724-21-000016,2021-07-02,2021-06-28,8-K,amzn-20210628.htm,https://www.sec.gov/Archives/edgar/data/1018724/000101872421000016/amzn-20210628.htm,sec_edgar,2026-05-21 20:10:08.135613+00:00
AMZN,0001018724,0001018724-21-000012,2021-05-28,2021-05-26,8-K,amzn-20210526.htm,https://www.sec.gov/Archives/edgar/data/1018724/000101872421000012/amzn-20210526.htm,sec_edgar,2026-05-21 20:10:08.135616+00:00
AMZN,0001018724,0001193125-21-159084,2021-05-12,2021-05-12,8-K,d508532d8k.htm,https://www.sec.gov/Archives/edgar/data/1018724/000119312521159084/d508532d8k.htm,sec_edgar,2026-05-21 20:10:08.135625+00:00
AMZN,0001018724,0001018724-21-000010,2021-04-30,2021-03-31,10-Q,amzn-20210331.htm,https://www.sec.gov/Archives/edgar/data/1018724/000101872421000010/amzn-20210331.htm,sec_edgar,2026-05-21 20:10:08.135653+00:00
AMZN,0001018724,0001018724-21-000008,2021-04-29,2021-04-29,8-K,amzn-20210429.htm,https://www.sec.gov/Archives/edgar/data/1018724/000101872421000008/amzn-20210429.htm,sec_edgar,2026-05-21 20:10:08.135654+00:00
AMZN,0001018724,0001104659-21-050346,2021-04-15,2021-04-15,8-K,tm216818d3_8k.htm,https://www.sec.gov/Archives/edgar/data/1018724/000110465921050346/tm216818d3_8k.htm,sec_edgar,2026-05-21 20:10:08.135658+00:00
AMZN,0001018724,0001018724-21-000004,2021-02-03,2020-12-31,10-K,amzn-20201231.htm,https://www.sec.gov/Archives/edgar/data/1018724/000101872421000004/amzn-20201231.htm,sec_edgar,2026-05-21 20:10:08.135686+00:00
AMZN,0001018724,0001018724-21-000002,2021-02-02,2021-02-02,8-K,amzn-20210202.htm,https://www.sec.gov/Archives/edgar/data/1018724/000101872421000002/amzn-20210202.htm,sec_edgar,2026-05-21 20:10:08.135687+00:00
AMZN,0001018724,0001193125-21-018066,2021-01-27,2021-01-26,8-K,d30366d8k.htm,https://www.sec.gov/Archives/edgar/data/1018724/000119312521018066/d30366d8k.htm,sec_edgar,2026-05-21 20:10:08.135688+00:00
AMZN,0001018724,0001018724-20-000030,2020-10-30,2020-09-30,10-Q,amzn-20200930.htm,https://www.sec.gov/Archives/edgar/data/1018724/000101872420000030/amzn-20200930.htm,sec_edgar,2026-05-21 20:10:08.135727+00:00
AMZN,0001018724,0001018724-20-000028,2020-10-29,2020-10-29,8-K,amzn-20201029.htm,https://www.sec.gov/Archives/edgar/data/1018724/000101872420000028/amzn-20201029.htm,sec_edgar,2026-05-21 20:10:08.135728+00:00
AMZN,0001018724,0001018724-20-000026,2020-09-09,2020-09-09,8-K,amzn-20200909.htm,https://www.sec.gov/Archives/edgar/data/1018724/000101872420000026/amzn-20200909.htm,sec_edgar,2026-05-21 20:10:08.135739+00:00
AMZN,0001018724,0001193125-20-226520,2020-08-21,2020-08-21,8-K,d789139d8k.htm,https://www.sec.gov/Archives/edgar/data/1018724/000119312520226520/d789139d8k.htm,sec_edgar,2026-05-21 20:10:08.135744+00:00
AMZN,0001018724,0001018724-20-000021,2020-07-31,2020-06-30,10-Q,amzn-20200630.htm,https://www.sec.gov/Archives/edgar/data/1018724/000101872420000021/amzn-20200630.htm,sec_edgar,2026-05-21 20:10:08.135758+00:00
AMZN,0001018724,0001018724-20-000019,2020-07-30,2020-07-30,8-K,amzn-20200730.htm,https://www.sec.gov/Archives/edgar/data/1018724/000101872420000019/amzn-20200730.htm,sec_edgar,2026-05-21 20:10:08.135759+00:00
AMZN,0001018724,0001193125-20-176528,2020-06-23,2020-06-23,8-K,d948849d8k.htm,https://www.sec.gov/Archives/edgar/data/1018724/000119312520176528/d948849d8k.htm,sec_edgar,2026-05-21 20:10:08.135763+00:00
AMZN,0001018724,0001193125-20-159531,2020-06-03,2020-06-03,8-K,d933420d8k.htm,https://www.sec.gov/Archives/edgar/data/1018724/000119312520159531/d933420d8k.htm,sec_edgar,2026-05-21 20:10:08.135764+00:00
AMZN,0001018724,0001018724-20-000015,2020-05-29,2020-05-27,8-K,amznx2020x05x29x8k.htm,https://www.sec.gov/Archives/edgar/data/1018724/000101872420000015/amznx2020x05x29x8k.htm,sec_edgar,2026-05-21 20:10:08.135770+00:00
AMZN,0001018724,0001018724-20-000010,2020-05-01,2020-03-31,10-Q,amzn-20200331x10q.htm,https://www.sec.gov/Archives/edgar/data/1018724/000101872420000010/amzn-20200331x10q.htm,sec_edgar,2026-05-21 20:10:08.135786+00:00
AMZN,0001018724,0001018724-20-000008,2020-04-30,2020-04-30,8-K,amzn-20200331x8k.htm,https://www.sec.gov/Archives/edgar/data/1018724/000101872420000008/amzn-20200331x8k.htm,sec_edgar,2026-05-21 20:10:08.135787+00:00
AMZN,0001018724,0001193125-20-108427,2020-04-16,2020-04-16,8-K,d902615d8k.htm,https://www.sec.gov/Archives/edgar/data/1018724/000119312520108427/d902615d8k.htm,sec_edgar,2026-05-21 20:10:08.135790+00:00
GOOGL,0001652044,0001193125-26-216986,2026-05-11,2026-05-11,8-K,d109021d8k.htm,https://www.sec.gov/Archives/edgar/data/1652044/000119312526216986/d109021d8k.htm,sec_edgar,2026-05-21 20:10:09.865072+00:00
GOOGL,0001652044,0001652044-26-000048,2026-04-30,2026-03-31,10-Q,goog-20260331.htm,https://www.sec.gov/Archives/edgar/data/1652044/000165204426000048/goog-20260331.htm,sec_edgar,2026-05-21 20:10:09.865084+00:00
GOOGL,0001652044,0001652044-26-000043,2026-04-29,2026-04-29,8-K,goog-20260429.htm,https://www.sec.gov/Archives/edgar/data/1652044/000165204426000043/goog-20260429.htm,sec_edgar,2026-05-21 20:10:09.865091+00:00
GOOGL,0001652044,0001652044-26-000034,2026-04-10,2026-04-07,8-K,goog-20260407.htm,https://www.sec.gov/Archives/edgar/data/1652044/000165204426000034/goog-20260407.htm,sec_edgar,2026-05-21 20:10:09.865108+00:00
GOOGL,0001652044,0001652044-26-000031,2026-04-02,2026-03-30,8-K,goog-20260330.htm,https://www.sec.gov/Archives/edgar/data/1652044/000165204426000031/goog-20260330.htm,sec_edgar,2026-05-21 20:10:09.865110+00:00
GOOGL,0001652044,0001652044-26-000026,2026-03-06,2026-03-04,8-K,goog-20260304.htm,https://www.sec.gov/Archives/edgar/data/1652044/000165204426000026/goog-20260304.htm,sec_edgar,2026-05-21 20:10:09.865146+00:00
GOOGL,0001652044,0001193125-26-051423,2026-02-13,2026-02-13,8-K,d946885d8k.htm,https://www.sec.gov/Archives/edgar/data/1652044/000119312526051423/d946885d8k.htm,sec_edgar,2026-05-21 20:10:09.865177+00:00
GOOGL,0001652044,0001652044-26-000018,2026-02-05,2025-12-31,10-K,goog-20251231.htm,https://www.sec.gov/Archives/edgar/data/1652044/000165204426000018/goog-20251231.htm,sec_edgar,2026-05-21 20:10:09.865189+00:00
GOOGL,0001652044,0001652044-26-000012,2026-02-04,2026-02-04,8-K,goog-20260204.htm,https://www.sec.gov/Archives/edgar/data/1652044/000165204426000012/goog-20260204.htm,sec_edgar,2026-05-21 20:10:09.865192+00:00
GOOGL,0001652044,0001193125-25-269979,2025-11-06,2025-11-06,8-K,d56115d8k.htm,https://www.sec.gov/Archives/edgar/data/1652044/000119312525269979/d56115d8k.htm,sec_edgar,2026-05-21 20:10:09.865261+00:00
GOOGL,0001652044,0001652044-25-000091,2025-10-30,2025-09-30,10-Q,goog-20250930.htm,https://www.sec.gov/Archives/edgar/data/1652044/000165204425000091/goog-20250930.htm,sec_edgar,2026-05-21 20:10:09.865274+00:00
GOOGL,0001652044,0001652044-25-000087,2025-10-29,2025-10-29,8-K,goog-20251029.htm,https://www.sec.gov/Archives/edgar/data/1652044/000165204425000087/goog-20251029.htm,sec_edgar,2026-05-21 20:10:09.865277+00:00
GOOGL,0001652044,0001652044-25-000074,2025-09-05,2025-09-05,8-K,goog-20250905.htm,https://www.sec.gov/Archives/edgar/data/1652044/000165204425000074/goog-20250905.htm,sec_edgar,2026-05-21 20:10:09.865316+00:00
GOOGL,0001652044,0001652044-25-000067,2025-09-03,2025-09-02,8-K,goog-20250902.htm,https://www.sec.gov/Archives/edgar/data/1652044/000165204425000067/goog-20250902.htm,sec_edgar,2026-05-21 20:10:09.865317+00:00
GOOGL,0001652044,0001652044-25-000062,2025-07-24,2025-06-30,10-Q,goog-20250630.htm,https://www.sec.gov/Archives/edgar/data/1652044/000165204425000062/goog-20250630.htm,sec_edgar,2026-05-21 20:10:09.865351+00:00
GOOGL,0001652044,0001652044-25-000056,2025-07-23,2025-07-23,8-K,goog-20250723.htm,https://www.sec.gov/Archives/edgar/data/1652044/000165204425000056/goog-20250723.htm,sec_edgar,2026-05-21 20:10:09.865352+00:00
GOOGL,0001652044,0001193125-25-161225,2025-07-18,2025-07-08,8-K,d21412d8k.htm,https://www.sec.gov/Archives/edgar/data/1652044/000119312525161225/d21412d8k.htm,sec_edgar,2026-05-21 20:10:09.865356+00:00
GOOGL,0001652044,0001193125-25-139948,2025-06-12,2025-06-06,8-K,d949049d8k.htm,https://www.sec.gov/Archives/edgar/data/1652044/000119312525139948/d949049d8k.htm,sec_edgar,2026-05-21 20:10:09.865399+00:00
GOOGL,0001652044,0001193125-25-113864,2025-05-06,2025-05-06,8-K,d859422d8k.htm,https://www.sec.gov/Archives/edgar/data/1652044/000119312525113864/d859422d8k.htm,sec_edgar,2026-05-21 20:10:09.865427+00:00
GOOGL,0001652044,0001193125-25-110020,2025-05-01,2025-05-01,8-K,d884388d8k.htm,https://www.sec.gov/Archives/edgar/data/1652044/000119312525110020/d884388d8k.htm,sec_edgar,2026-05-21 20:10:09.865431+00:00
GOOGL,0001652044,0001652044-25-000043,2025-04-25,2025-03-31,10-Q,goog-20250331.htm,https://www.sec.gov/Archives/edgar/data/1652044/000165204425000043/goog-20250331.htm,sec_edgar,2026-05-21 20:10:09.865447+00:00
GOOGL,0001652044,0001652044-25-000040,2025-04-24,2025-04-23,8-K,goog-20250423.htm,https://www.sec.gov/Archives/edgar/data/1652044/000165204425000040/goog-20250423.htm,sec_edgar,2026-05-21 20:10:09.865448+00:00
GOOGL,0001652044,0001652044-25-000033,2025-04-18,2025-04-17,8-K,goog-20250417.htm,https://www.sec.gov/Archives/edgar/data/1652044/000165204425000033/goog-20250417.htm,sec_edgar,2026-05-21 20:10:09.865450+00:00
GOOGL,0001652044,0001652044-25-000027,2025-03-18,2025-03-18,8-K,goog-20250318.htm,https://www.sec.gov/Archives/edgar/data/1652044/000165204425000027/goog-20250318.htm,sec_edgar,2026-05-21 20:10:09.865482+00:00
GOOGL,0001652044,0001652044-25-000014,2025-02-05,2024-12-31,10-K,goog-20241231.htm,https://www.sec.gov/Archives/edgar/data/1652044/000165204425000014/goog-20241231.htm,sec_edgar,2026-05-21 20:10:09.865515+00:00
GOOGL,0001652044,0001652044-25-000010,2025-02-04,2025-02-04,8-K,goog-20250204.htm,https://www.sec.gov/Archives/edgar/data/1652044/000165204425000010/goog-20250204.htm,sec_edgar,2026-05-21 20:10:09.865515+00:00
GOOGL,0001652044,0001652044-24-000118,2024-10-30,2024-09-30,10-Q,goog-20240930.htm,https://www.sec.gov/Archives/edgar/data/1652044/000165204424000118/goog-20240930.htm,sec_edgar,2026-05-21 20:10:09.865589+00:00
GOOGL,0001652044,0001652044-24-000115,2024-10-29,2024-10-29,8-K,goog-20241029.htm,https://www.sec.gov/Archives/edgar/data/1652044/000165204424000115/goog-20241029.htm,sec_edgar,2026-05-21 20:10:09.865590+00:00
GOOGL,0001652044,0001193125-24-238769,2024-10-17,2024-10-17,8-K,d627891d8k.htm,https://www.sec.gov/Archives/edgar/data/1652044/000119312524238769/d627891d8k.htm,sec_edgar,2026-05-21 20:10:09.865592+00:00
GOOGL,0001652044,0001652044-24-000097,2024-09-24,2024-09-24,8-K,goog-20240924.htm,https://www.sec.gov/Archives/edgar/data/1652044/000165204424000097/goog-20240924.htm,sec_edgar,2026-05-21 20:10:09.865614+00:00
GOOGL,0001652044,0001652044-24-000085,2024-08-06,2024-08-05,8-K,goog-20240805.htm,https://www.sec.gov/Archives/edgar/data/1652044/000165204424000085/goog-20240805.htm,sec_edgar,2026-05-21 20:10:09.865658+00:00
GOOGL,0001652044,0001652044-24-000079,2024-07-24,2024-06-30,10-Q,goog-20240630.htm,https://www.sec.gov/Archives/edgar/data/1652044/000165204424000079/goog-20240630.htm,sec_edgar,2026-05-21 20:10:09.865664+00:00
GOOGL,0001652044,0001652044-24-000076,2024-07-23,2024-07-23,8-K,goog-20240723.htm,https://www.sec.gov/Archives/edgar/data/1652044/000165204424000076/goog-20240723.htm,sec_edgar,2026-05-21 20:10:09.865665+00:00
GOOGL,0001652044,0001193125-24-168745,2024-06-26,2024-06-26,8-K,d809715d8k.htm,https://www.sec.gov/Archives/edgar/data/1652044/000119312524168745/d809715d8k.htm,sec_edgar,2026-05-21 20:10:09.865692+00:00
GOOGL,0001652044,0001193125-24-160721,2024-06-13,2024-06-07,8-K,d805807d8k.htm,https://www.sec.gov/Archives/edgar/data/1652044/000119312524160721/d805807d8k.htm,sec_edgar,2026-05-21 20:10:09.865709+00:00
GOOGL,0001652044,0001193125-24-157498,2024-06-07,2024-06-05,8-K,d787017d8k.htm,https://www.sec.gov/Archives/edgar/data/1652044/000119312524157498/d787017d8k.htm,sec_edgar,2026-05-21 20:10:09.865712+00:00
GOOGL,0001652044,0001193125-24-154725,2024-06-05,2024-06-05,8-K,d837191d8k.htm,https://www.sec.gov/Archives/edgar/data/1652044/000119312524154725/d837191d8k.htm,sec_edgar,2026-05-21 20:10:09.865716+00:00
GOOGL,0001652044,0001652044-24-000053,2024-04-26,2024-03-31,10-Q,goog-20240331.htm,https://www.sec.gov/Archives/edgar/data/1652044/000165204424000053/goog-20240331.htm,sec_edgar,2026-05-21 20:10:09.865758+00:00
GOOGL,0001652044,0001652044-24-000047,2024-04-25,2024-04-25,8-K,goog-20240425.htm,https://www.sec.gov/Archives/edgar/data/1652044/000165204424000047/goog-20240425.htm,sec_edgar,2026-05-21 20:10:09.865759+00:00
GOOGL,0001652044,0001652044-24-000032,2024-02-08,2024-02-08,8-K,goog-20240208.htm,https://www.sec.gov/Archives/edgar/data/1652044/000165204424000032/goog-20240208.htm,sec_edgar,2026-05-21 20:10:09.865836+00:00
GOOGL,0001652044,0001652044-24-000022,2024-01-31,2023-12-31,10-K,goog-20231231.htm,https://www.sec.gov/Archives/edgar/data/1652044/000165204424000022/goog-20231231.htm,sec_edgar,2026-05-21 20:10:09.865842+00:00
GOOGL,0001652044,0001652044-24-000014,2024-01-30,2024-01-30,8-K,goog-20240130.htm,https://www.sec.gov/Archives/edgar/data/1652044/000165204424000014/goog-20240130.htm,sec_edgar,2026-05-21 20:10:09.865845+00:00
GOOGL,0001652044,0001652044-23-000094,2023-10-25,2023-09-30,10-Q,goog-20230930.htm,https://www.sec.gov/Archives/edgar/data/1652044/000165204423000094/goog-20230930.htm,sec_edgar,2026-05-21 20:10:09.865902+00:00
GOOGL,0001652044,0001652044-23-000088,2023-10-24,2023-10-18,8-K,goog-20231018.htm,https://www.sec.gov/Archives/edgar/data/1652044/000165204423000088/goog-20231018.htm,sec_edgar,2026-05-21 20:10:09.865904+00:00
GOOGL,0001652044,0001652044-23-000070,2023-07-26,2023-06-30,10-Q,goog-20230630.htm,https://www.sec.gov/Archives/edgar/data/1652044/000165204423000070/goog-20230630.htm,sec_edgar,2026-05-21 20:10:09.865941+00:00
GOOGL,0001652044,0001652044-23-000067,2023-07-25,2023-07-20,8-K,goog-20230720.htm,https://www.sec.gov/Archives/edgar/data/1652044/000165204423000067/goog-20230720.htm,sec_edgar,2026-05-21 20:10:09.865942+00:00
GOOGL,0001652044,0001193125-23-163590,2023-06-08,2023-06-02,8-K,d442583d8k.htm,https://www.sec.gov/Archives/edgar/data/1652044/000119312523163590/d442583d8k.htm,sec_edgar,2026-05-21 20:10:09.865982+00:00
GOOGL,0001652044,0001652044-23-000045,2023-04-26,2023-03-31,10-Q,goog-20230331.htm,https://www.sec.gov/Archives/edgar/data/1652044/000165204423000045/goog-20230331.htm,sec_edgar,2026-05-21 20:10:09.866029+00:00
GOOGL,0001652044,0001652044-23-000041,2023-04-25,2023-04-25,8-K,goog-20230425.htm,https://www.sec.gov/Archives/edgar/data/1652044/000165204423000041/goog-20230425.htm,sec_edgar,2026-05-21 20:10:09.866031+00:00
GOOGL,0001652044,0001193125-23-110657,2023-04-21,2023-04-18,8-K,d490635d8k.htm,https://www.sec.gov/Archives/edgar/data/1652044/000119312523110657/d490635d8k.htm,sec_edgar,2026-05-21 20:10:09.866037+00:00
GOOGL,0001652044,0001652044-23-000034,2023-04-20,2023-04-20,8-K,goog-20230420.htm,https://www.sec.gov/Archives/edgar/data/1652044/000165204423000034/goog-20230420.htm,sec_edgar,2026-05-21 20:10:09.866038+00:00
GOOGL,0001652044,0001652044-23-000016,2023-02-03,2022-12-31,10-K,goog-20221231.htm,https://www.sec.gov/Archives/edgar/data/1652044/000165204423000016/goog-20221231.htm,sec_edgar,2026-05-21 20:10:09.866070+00:00
GOOGL,0001652044,0001652044-23-000013,2023-02-02,2023-02-02,8-K,goog-20230202.htm,https://www.sec.gov/Archives/edgar/data/1652044/000165204423000013/goog-20230202.htm,sec_edgar,2026-05-21 20:10:09.866071+00:00
INTC,0000050863,0000050863-26-000118,2026-05-15,2026-05-13,8-K,intc-20260513.htm,https://www.sec.gov/Archives/edgar/data/50863/000005086326000118/intc-20260513.htm,sec_edgar,2026-05-21 20:10:11.533431+00:00
INTC,0000050863,0001193125-26-197845,2026-04-30,2026-04-30,8-K,d143782d8k.htm,https://www.sec.gov/Archives/edgar/data/50863/000119312526197845/d143782d8k.htm,sec_edgar,2026-05-21 20:10:11.533447+00:00
INTC,0000050863,0000050863-26-000083,2026-04-24,2026-04-24,8-K,intc-20260424.htm,https://www.sec.gov/Archives/edgar/data/50863/000005086326000083/intc-20260424.htm,sec_edgar,2026-05-21 20:10:11.533453+00:00
INTC,0000050863,0000050863-26-000079,2026-04-24,2026-03-28,10-Q,intc-20260328.htm,https://www.sec.gov/Archives/edgar/data/50863/000005086326000079/intc-20260328.htm,sec_edgar,2026-05-21 20:10:11.533455+00:00
INTC,0000050863,0000050863-26-000077,2026-04-23,2026-04-23,8-K,intc-20260423.htm,https://www.sec.gov/Archives/edgar/data/50863/000005086326000077/intc-20260423.htm,sec_edgar,2026-05-21 20:10:11.533456+00:00
INTC,0000050863,0000050863-26-000072,2026-04-08,2026-04-08,8-K,intc-20260408.htm,https://www.sec.gov/Archives/edgar/data/50863/000005086326000072/intc-20260408.htm,sec_edgar,2026-05-21 20:10:11.533457+00:00
INTC,0000050863,0000050863-26-000069,2026-04-03,2026-03-30,8-K,intc-20260330.htm,https://www.sec.gov/Archives/edgar/data/50863/000005086326000069/intc-20260330.htm,sec_edgar,2026-05-21 20:10:11.533458+00:00
INTC,0000050863,0000050863-26-000044,2026-03-03,2026-02-27,8-K,intc-20260227.htm,https://www.sec.gov/Archives/edgar/data/50863/000005086326000044/intc-20260227.htm,sec_edgar,2026-05-21 20:10:11.533470+00:00
INTC,0000050863,0000050863-26-000031,2026-01-23,2026-01-23,8-K,intc-20260123.htm,https://www.sec.gov/Archives/edgar/data/50863/000005086326000031/intc-20260123.htm,sec_edgar,2026-05-21 20:10:11.533481+00:00
INTC,0000050863,0000050863-26-000011,2026-01-23,2025-12-27,10-K,intc-20251227.htm,https://www.sec.gov/Archives/edgar/data/50863/000005086326000011/intc-20251227.htm,sec_edgar,2026-05-21 20:10:11.533485+00:00
INTC,0000050863,0000050863-26-000009,2026-01-22,2026-01-22,8-K,intc-20260122.htm,https://www.sec.gov/Archives/edgar/data/50863/000005086326000009/intc-20260122.htm,sec_edgar,2026-05-21 20:10:11.533486+00:00
INTC,0000050863,0000050863-25-000204,2025-12-29,2025-12-26,8-K,intc-20251226.htm,https://www.sec.gov/Archives/edgar/data/50863/000005086325000204/intc-20251226.htm,sec_edgar,2026-05-21 20:10:11.533488+00:00
INTC,0000050863,0000050863-25-000194,2025-11-12,2025-11-10,8-K,intc-20251110.htm,https://www.sec.gov/Archives/edgar/data/50863/000005086325000194/intc-20251110.htm,sec_edgar,2026-05-21 20:10:11.533492+00:00
INTC,0000050863,0000050863-25-000179,2025-11-06,2025-09-27,10-Q,intc-20250927.htm,https://www.sec.gov/Archives/edgar/data/50863/000005086325000179/intc-20250927.htm,sec_edgar,2026-05-21 20:10:11.533497+00:00
INTC,0000050863,0000050863-25-000169,2025-10-23,2025-10-23,8-K,intc-20251023.htm,https://www.sec.gov/Archives/edgar/data/50863/000005086325000169/intc-20251023.htm,sec_edgar,2026-05-21 20:10:11.533500+00:00
INTC,0000050863,0000050863-25-000159,2025-09-29,2025-09-26,8-K,intc-20250926.htm,https://www.sec.gov/Archives/edgar/data/50863/000005086325000159/intc-20250926.htm,sec_edgar,2026-05-21 20:10:11.533501+00:00
INTC,0000050863,0000050863-25-000155,2025-09-18,2025-09-15,8-K,intc-20250915.htm,https://www.sec.gov/Archives/edgar/data/50863/000005086325000155/intc-20250915.htm,sec_edgar,2026-05-21 20:10:11.533502+00:00
INTC,0000050863,0000050863-25-000153,2025-09-15,2025-09-12,8-K,intc-20250912.htm,https://www.sec.gov/Archives/edgar/data/50863/000005086325000153/intc-20250912.htm,sec_edgar,2026-05-21 20:10:11.533503+00:00
INTC,0000050863,0000050863-25-000149,2025-09-08,2025-09-07,8-K,intc-20250907.htm,https://www.sec.gov/Archives/edgar/data/50863/000005086325000149/intc-20250907.htm,sec_edgar,2026-05-21 20:10:11.533504+00:00
INTC,0000050863,0000050863-25-000147,2025-09-05,2025-09-05,8-K,intc-20250905.htm,https://www.sec.gov/Archives/edgar/data/50863/000005086325000147/intc-20250905.htm,sec_edgar,2026-05-21 20:10:11.533505+00:00
INTC,0000050863,0000050863-25-000135,2025-08-29,2025-08-27,8-K,intc-20250827.htm,https://www.sec.gov/Archives/edgar/data/50863/000005086325000135/intc-20250827.htm,sec_edgar,2026-05-21 20:10:11.533509+00:00
INTC,0000050863,0000050863-25-000129,2025-08-25,2025-08-22,8-K,intc-20250822.htm,https://www.sec.gov/Archives/edgar/data/50863/000005086325000129/intc-20250822.htm,sec_edgar,2026-05-21 20:10:11.533511+00:00
INTC,0000050863,0000050863-25-000126,2025-08-21,2025-08-18,8-K,intc-20250818.htm,https://www.sec.gov/Archives/edgar/data/50863/000005086325000126/intc-20250818.htm,sec_edgar,2026-05-21 20:10:11.533512+00:00
INTC,0000050863,0000050863-25-000123,2025-08-14,2025-04-11,8-K,intc-20250411.htm,https://www.sec.gov/Archives/edgar/data/50863/000005086325000123/intc-20250411.htm,sec_edgar,2026-05-21 20:10:11.533513+00:00
INTC,0000050863,0000050863-25-000109,2025-07-24,2025-06-28,10-Q,intc-20250628.htm,https://www.sec.gov/Archives/edgar/data/50863/000005086325000109/intc-20250628.htm,sec_edgar,2026-05-21 20:10:11.533518+00:00
INTC,0000050863,0000050863-25-000107,2025-07-24,2025-07-24,8-K,intc-20250724.htm,https://www.sec.gov/Archives/edgar/data/50863/000005086325000107/intc-20250724.htm,sec_edgar,2026-05-21 20:10:11.533519+00:00
INTC,0000050863,0000050863-25-000084,2025-05-09,2025-05-06,8-K,intc-20250506.htm,https://www.sec.gov/Archives/edgar/data/50863/000005086325000084/intc-20250506.htm,sec_edgar,2026-05-21 20:10:11.533532+00:00
INTC,0000050863,0000050863-25-000079,2025-04-30,2025-04-28,8-K,intc-20250428.htm,https://www.sec.gov/Archives/edgar/data/50863/000005086325000079/intc-20250428.htm,sec_edgar,2026-05-21 20:10:11.533551+00:00
INTC,0000050863,0000050863-25-000074,2025-04-25,2025-03-29,10-Q,intc-20250329.htm,https://www.sec.gov/Archives/edgar/data/50863/000005086325000074/intc-20250329.htm,sec_edgar,2026-05-21 20:10:11.533554+00:00
INTC,0000050863,0000050863-25-000070,2025-04-24,2025-04-24,8-K,intc-20250424.htm,https://www.sec.gov/Archives/edgar/data/50863/000005086325000070/intc-20250424.htm,sec_edgar,2026-05-21 20:10:11.533555+00:00
INTC,0000050863,0000050863-25-000063,2025-04-17,2025-04-14,8-K,intc-20250414.htm,https://www.sec.gov/Archives/edgar/data/50863/000005086325000063/intc-20250414.htm,sec_edgar,2026-05-21 20:10:11.533556+00:00
INTC,0000050863,0001193125-25-079727,2025-04-14,2025-04-14,8-K,d901587d8k.htm,https://www.sec.gov/Archives/edgar/data/50863/000119312525079727/d901587d8k.htm,sec_edgar,2026-05-21 20:10:11.533557+00:00
INTC,0000050863,0000050863-25-000060,2025-03-28,2025-03-27,8-K,intc-20250327.htm,https://www.sec.gov/Archives/edgar/data/50863/000005086325000060/intc-20250327.htm,sec_edgar,2026-05-21 20:10:11.533561+00:00
INTC,0000050863,0000050863-25-000036,2025-03-14,2025-03-10,8-K,intc-20250310.htm,https://www.sec.gov/Archives/edgar/data/50863/000005086325000036/intc-20250310.htm,sec_edgar,2026-05-21 20:10:11.533570+00:00
INTC,0000050863,0000050863-25-000024,2025-02-28,2025-02-28,8-K,intc-20250228.htm,https://www.sec.gov/Archives/edgar/data/50863/000005086325000024/intc-20250228.htm,sec_edgar,2026-05-21 20:10:11.533576+00:00
INTC,0000050863,0000050863-25-000009,2025-01-31,2024-12-28,10-K,intc-20241228.htm,https://www.sec.gov/Archives/edgar/data/50863/000005086325000009/intc-20241228.htm,sec_edgar,2026-05-21 20:10:11.533588+00:00
INTC,0000050863,0000050863-25-000004,2025-01-30,2025-01-30,8-K,intc-20250130.htm,https://www.sec.gov/Archives/edgar/data/50863/000005086325000004/intc-20250130.htm,sec_edgar,2026-05-21 20:10:11.533589+00:00
INTC,0000050863,0000050863-24-000180,2024-12-05,2024-12-04,8-K,intc-20241204.htm,https://www.sec.gov/Archives/edgar/data/50863/000005086324000180/intc-20241204.htm,sec_edgar,2026-05-21 20:10:11.533605+00:00
INTC,0000050863,0000050863-24-000173,2024-12-03,2024-12-01,8-K,intc-20241201.htm,https://www.sec.gov/Archives/edgar/data/50863/000005086324000173/intc-20241201.htm,sec_edgar,2026-05-21 20:10:11.533608+00:00
INTC,0000050863,0000050863-24-000169,2024-11-27,2024-11-25,8-K,intc-20241125.htm,https://www.sec.gov/Archives/edgar/data/50863/000005086324000169/intc-20241125.htm,sec_edgar,2026-05-21 20:10:11.533609+00:00
INTC,0000050863,0000050863-24-000149,2024-11-01,2024-09-28,10-Q,intc-20240928.htm,https://www.sec.gov/Archives/edgar/data/50863/000005086324000149/intc-20240928.htm,sec_edgar,2026-05-21 20:10:11.533623+00:00
INTC,0000050863,0000050863-24-000147,2024-10-31,2024-10-28,8-K,intc-20241028.htm,https://www.sec.gov/Archives/edgar/data/50863/000005086324000147/intc-20241028.htm,sec_edgar,2026-05-21 20:10:11.533624+00:00
INTC,0000050863,0000050863-24-000134,2024-08-22,2024-08-19,8-K,intc-20240819.htm,https://www.sec.gov/Archives/edgar/data/50863/000005086324000134/intc-20240819.htm,sec_edgar,2026-05-21 20:10:11.533631+00:00
INTC,0000050863,0000050863-24-000124,2024-08-02,2024-06-29,10-Q,intc-20240629.htm,https://www.sec.gov/Archives/edgar/data/50863/000005086324000124/intc-20240629.htm,sec_edgar,2026-05-21 20:10:11.533640+00:00
INTC,0000050863,0000050863-24-000122,2024-08-01,2024-08-01,8-K,intc-20240801.htm,https://www.sec.gov/Archives/edgar/data/50863/000005086324000122/intc-20240801.htm,sec_edgar,2026-05-21 20:10:11.533643+00:00
INTC,0000050863,0000050863-24-000110,2024-06-14,2024-06-12,8-K,intc-20240612.htm,https://www.sec.gov/Archives/edgar/data/50863/000005086324000110/intc-20240612.htm,sec_edgar,2026-05-21 20:10:11.533649+00:00
INTC,0000050863,0000050863-24-000103,2024-06-04,2024-06-04,8-K,intc-20240604.htm,https://www.sec.gov/Archives/edgar/data/50863/000005086324000103/intc-20240604.htm,sec_edgar,2026-05-21 20:10:11.533652+00:00
INTC,0000050863,0000050863-24-000093,2024-05-09,2024-05-07,8-K,intc-20240507.htm,https://www.sec.gov/Archives/edgar/data/50863/000005086324000093/intc-20240507.htm,sec_edgar,2026-05-21 20:10:11.533670+00:00
INTC,0000050863,0000050863-24-000086,2024-05-08,2024-05-08,8-K,intc-20240508.htm,https://www.sec.gov/Archives/edgar/data/50863/000005086324000086/intc-20240508.htm,sec_edgar,2026-05-21 20:10:11.533679+00:00
INTC,0000050863,0000050863-24-000076,2024-04-26,2024-03-30,10-Q,intc-20240330.htm,https://www.sec.gov/Archives/edgar/data/50863/000005086324000076/intc-20240330.htm,sec_edgar,2026-05-21 20:10:11.533690+00:00
INTC,0000050863,0000050863-24-000074,2024-04-25,2024-04-25,8-K,intc-20240425.htm,https://www.sec.gov/Archives/edgar/data/50863/000005086324000074/intc-20240425.htm,sec_edgar,2026-05-21 20:10:11.533691+00:00
INTC,0000050863,0000050863-24-000068,2024-04-02,2024-04-02,8-K,intc-20240402.htm,https://www.sec.gov/Archives/edgar/data/50863/000005086324000068/intc-20240402.htm,sec_edgar,2026-05-21 20:10:11.533697+00:00
INTC,0000050863,0000050863-24-000036,2024-03-13,2024-03-12,8-K,intc-20240312.htm,https://www.sec.gov/Archives/edgar/data/50863/000005086324000036/intc-20240312.htm,sec_edgar,2026-05-21 20:10:11.533703+00:00
INTC,0000050863,0001193125-24-041435,2024-02-21,2024-02-15,8-K,d734995d8k.htm,https://www.sec.gov/Archives/edgar/data/50863/000119312524041435/d734995d8k.htm,sec_edgar,2026-05-21 20:10:11.533712+00:00
INTC,0000050863,0000050863-24-000033,2024-02-16,2024-02-15,8-K,intc-20240215.htm,https://www.sec.gov/Archives/edgar/data/50863/000005086324000033/intc-20240215.htm,sec_edgar,2026-05-21 20:10:11.533714+00:00
INTC,0000050863,0000050863-24-000010,2024-01-26,2023-12-30,10-K,intc-20231230.htm,https://www.sec.gov/Archives/edgar/data/50863/000005086324000010/intc-20231230.htm,sec_edgar,2026-05-21 20:10:11.533742+00:00
INTC,0000050863,0000050863-24-000008,2024-01-25,2024-01-25,8-K,intc-20240125.htm,https://www.sec.gov/Archives/edgar/data/50863/000005086324000008/intc-20240125.htm,sec_edgar,2026-05-21 20:10:11.533744+00:00
INTC,0000050863,0000050863-24-000003,2024-01-03,2023-12-29,8-K,intc-20231229.htm,https://www.sec.gov/Archives/edgar/data/50863/000005086324000003/intc-20231229.htm,sec_edgar,2026-05-21 20:10:11.533745+00:00
INTC,0000050863,0000050863-23-000128,2023-12-05,2023-11-29,8-K,intc-20231129.htm,https://www.sec.gov/Archives/edgar/data/50863/000005086323000128/intc-20231129.htm,sec_edgar,2026-05-21 20:10:11.533756+00:00
INTC,0000050863,0000050863-23-000109,2023-10-30,2023-10-30,8-K,intc-20231030.htm,https://www.sec.gov/Archives/edgar/data/50863/000005086323000109/intc-20231030.htm,sec_edgar,2026-05-21 20:10:11.533776+00:00
INTC,0000050863,0000050863-23-000103,2023-10-27,2023-09-30,10-Q,intc-20230930.htm,https://www.sec.gov/Archives/edgar/data/50863/000005086323000103/intc-20230930.htm,sec_edgar,2026-05-21 20:10:11.533778+00:00
INTC,0000050863,0000050863-23-000100,2023-10-26,2023-10-26,8-K,intc-20231026.htm,https://www.sec.gov/Archives/edgar/data/50863/000005086323000100/intc-20231026.htm,sec_edgar,2026-05-21 20:10:11.533779+00:00
INTC,0000050863,0000050863-23-000092,2023-10-05,2023-10-02,8-K,intc-20231002.htm,https://www.sec.gov/Archives/edgar/data/50863/000005086323000092/intc-20231002.htm,sec_edgar,2026-05-21 20:10:11.533780+00:00
INTC,0000050863,0000050863-23-000078,2023-08-16,2023-08-16,8-K,intc-20230816.htm,https://www.sec.gov/Archives/edgar/data/50863/000005086323000078/intc-20230816.htm,sec_edgar,2026-05-21 20:10:11.533791+00:00
INTC,0000050863,0000050863-23-000069,2023-07-28,2023-07-01,10-Q,intc-20230701.htm,https://www.sec.gov/Archives/edgar/data/50863/000005086323000069/intc-20230701.htm,sec_edgar,2026-05-21 20:10:11.533804+00:00
INTC,0000050863,0000050863-23-000068,2023-07-27,2023-07-27,8-K,intc-20230727.htm,https://www.sec.gov/Archives/edgar/data/50863/000005086323000068/intc-20230727.htm,sec_edgar,2026-05-21 20:10:11.533805+00:00
INTC,0000050863,0000050863-23-000057,2023-05-17,2023-05-11,8-K,intc-20230511.htm,https://www.sec.gov/Archives/edgar/data/50863/000005086323000057/intc-20230511.htm,sec_edgar,2026-05-21 20:10:11.533819+00:00
INTC,0000050863,0000050863-23-000028,2023-04-28,2023-04-01,10-Q,intc-20230401.htm,https://www.sec.gov/Archives/edgar/data/50863/000005086323000028/intc-20230401.htm,sec_edgar,2026-05-21 20:10:11.533844+00:00
INTC,0000050863,0000050863-23-000027,2023-04-27,2023-04-27,8-K,intc-20230427.htm,https://www.sec.gov/Archives/edgar/data/50863/000005086323000027/intc-20230427.htm,sec_edgar,2026-05-21 20:10:11.533845+00:00
INTC,0000050863,0001193125-23-032608,2023-02-10,2023-02-07,8-K,d460734d8k.htm,https://www.sec.gov/Archives/edgar/data/50863/000119312523032608/d460734d8k.htm,sec_edgar,2026-05-21 20:10:11.533856+00:00
INTC,0000050863,0000050863-23-000006,2023-01-27,2022-12-31,10-K,intc-20221231.htm,https://www.sec.gov/Archives/edgar/data/50863/000005086323000006/intc-20221231.htm,sec_edgar,2026-05-21 20:10:11.533883+00:00
INTC,0000050863,0000050863-23-000005,2023-01-26,2023-01-26,8-K,intc-20230126.htm,https://www.sec.gov/Archives/edgar/data/50863/000005086323000005/intc-20230126.htm,sec_edgar,2026-05-21 20:10:11.533884+00:00
INTC,0000050863,0001193125-22-291100,2022-11-22,2022-11-22,8-K,d412415d8k.htm,https://www.sec.gov/Archives/edgar/data/50863/000119312522291100/d412415d8k.htm,sec_edgar,2026-05-21 20:10:11.533891+00:00
INTC,0000050863,0001193125-22-290385,2022-11-22,2022-11-17,8-K,d310344d8k.htm,https://www.sec.gov/Archives/edgar/data/50863/000119312522290385/d310344d8k.htm,sec_edgar,2026-05-21 20:10:11.533892+00:00
INTC,0000050863,0000050863-22-000038,2022-10-28,2022-10-01,10-Q,intc-20221001.htm,https://www.sec.gov/Archives/edgar/data/50863/000005086322000038/intc-20221001.htm,sec_edgar,2026-05-21 20:10:11.533908+00:00
INTC,0000050863,0000050863-22-000037,2022-10-27,2022-10-27,8-K,intc-20221027.htm,https://www.sec.gov/Archives/edgar/data/50863/000005086322000037/intc-20221027.htm,sec_edgar,2026-05-21 20:10:11.533909+00:00
INTC,0000050863,0001193125-22-226986,2022-08-23,2022-08-22,8-K,d388434d8k.htm,https://www.sec.gov/Archives/edgar/data/50863/000119312522226986/d388434d8k.htm,sec_edgar,2026-05-21 20:10:11.533917+00:00
INTC,0000050863,0001193125-22-218541,2022-08-11,2022-08-08,8-K,d359017d8k.htm,https://www.sec.gov/Archives/edgar/data/50863/000119312522218541/d359017d8k.htm,sec_edgar,2026-05-21 20:10:11.533920+00:00
INTC,0000050863,0001193125-22-213699,2022-08-05,2022-08-02,8-K,d390659d8k.htm,https://www.sec.gov/Archives/edgar/data/50863/000119312522213699/d390659d8k.htm,sec_edgar,2026-05-21 20:10:11.533921+00:00
INTC,0000050863,0000050863-22-000030,2022-07-29,2022-07-02,10-Q,intc-20220702.htm,https://www.sec.gov/Archives/edgar/data/50863/000005086322000030/intc-20220702.htm,sec_edgar,2026-05-21 20:10:11.533933+00:00
INTC,0000050863,0000050863-22-000029,2022-07-28,2022-07-28,8-K,intc-20220728.htm,https://www.sec.gov/Archives/edgar/data/50863/000005086322000029/intc-20220728.htm,sec_edgar,2026-05-21 20:10:11.533934+00:00
INTC,0000050863,0001193125-22-178756,2022-06-22,2022-06-17,8-K,d367376d8k.htm,https://www.sec.gov/Archives/edgar/data/50863/000119312522178756/d367376d8k.htm,sec_edgar,2026-05-21 20:10:11.533941+00:00
INTC,0000050863,0001193125-22-151752,2022-05-16,2022-05-12,8-K,d363393d8k.htm,https://www.sec.gov/Archives/edgar/data/50863/000119312522151752/d363393d8k.htm,sec_edgar,2026-05-21 20:10:11.533953+00:00
INTC,0000050863,0000050863-22-000020,2022-04-29,2022-04-02,10-Q,intc-20220402.htm,https://www.sec.gov/Archives/edgar/data/50863/000005086322000020/intc-20220402.htm,sec_edgar,2026-05-21 20:10:11.533965+00:00
INTC,0000050863,0000050863-22-000019,2022-04-28,2022-04-28,8-K,intc-20220428.htm,https://www.sec.gov/Archives/edgar/data/50863/000005086322000019/intc-20220428.htm,sec_edgar,2026-05-21 20:10:11.533966+00:00
INTC,0000050863,0001193125-22-045883,2022-02-18,2022-02-17,8-K,d302059d8k.htm,https://www.sec.gov/Archives/edgar/data/50863/000119312522045883/d302059d8k.htm,sec_edgar,2026-05-21 20:10:11.533978+00:00
INTC,0000050863,0001193125-22-043022,2022-02-15,2022-02-15,8-K,d318338d8k.htm,https://www.sec.gov/Archives/edgar/data/50863/000119312522043022/d318338d8k.htm,sec_edgar,2026-05-21 20:10:11.533980+00:00
INTC,0000050863,0001193125-22-032684,2022-02-09,2022-02-05,8-K,d261091d8k.htm,https://www.sec.gov/Archives/edgar/data/50863/000119312522032684/d261091d8k.htm,sec_edgar,2026-05-21 20:10:11.533983+00:00
INTC,0000050863,0000050863-22-000007,2022-01-27,2021-12-25,10-K,intc-20211225.htm,https://www.sec.gov/Archives/edgar/data/50863/000005086322000007/intc-20211225.htm,sec_edgar,2026-05-21 20:10:11.533999+00:00
INTC,0000050863,0000050863-22-000006,2022-01-26,2022-01-26,8-K,intc-20220126.htm,https://www.sec.gov/Archives/edgar/data/50863/000005086322000006/intc-20220126.htm,sec_edgar,2026-05-21 20:10:11.534000+00:00
INTC,0000050863,0001193125-22-005658,2022-01-10,2022-01-05,8-K,d270836d8k.htm,https://www.sec.gov/Archives/edgar/data/50863/000119312522005658/d270836d8k.htm,sec_edgar,2026-05-21 20:10:11.534002+00:00
INTC,0000050863,0001193125-21-369552,2021-12-30,2021-12-29,8-K,d282616d8k.htm,https://www.sec.gov/Archives/edgar/data/50863/000119312521369552/d282616d8k.htm,sec_edgar,2026-05-21 20:10:11.534004+00:00
INTC,0000050863,0001193125-21-350395,2021-12-07,2021-12-06,8-K,d444210d8k.htm,https://www.sec.gov/Archives/edgar/data/50863/000119312521350395/d444210d8k.htm,sec_edgar,2026-05-21 20:10:11.534008+00:00
INTC,0000050863,0000050863-21-000038,2021-10-22,2021-09-25,10-Q,intc-20210925.htm,https://www.sec.gov/Archives/edgar/data/50863/000005086321000038/intc-20210925.htm,sec_edgar,2026-05-21 20:10:11.534027+00:00
INTC,0000050863,0000050863-21-000037,2021-10-21,2021-10-18,8-K,intc-20211018.htm,https://www.sec.gov/Archives/edgar/data/50863/000005086321000037/intc-20211018.htm,sec_edgar,2026-05-21 20:10:11.534028+00:00
INTC,0000050863,0001193125-21-293329,2021-10-06,2021-10-04,8-K,d219567d8k.htm,https://www.sec.gov/Archives/edgar/data/50863/000119312521293329/d219567d8k.htm,sec_edgar,2026-05-21 20:10:11.534030+00:00
INTC,0000050863,0001193125-21-244840,2021-08-12,2021-08-10,8-K,d136354d8k.htm,https://www.sec.gov/Archives/edgar/data/50863/000119312521244840/d136354d8k.htm,sec_edgar,2026-05-21 20:10:11.534040+00:00
INTC,0000050863,0001193125-21-224438,2021-07-26,2021-07-26,8-K,d199788d8k.htm,https://www.sec.gov/Archives/edgar/data/50863/000119312521224438/d199788d8k.htm,sec_edgar,2026-05-21 20:10:11.534049+00:00
INTC,0000050863,0000050863-21-000030,2021-07-23,2021-06-26,10-Q,intc-20210626.htm,https://www.sec.gov/Archives/edgar/data/50863/000005086321000030/intc-20210626.htm,sec_edgar,2026-05-21 20:10:11.534051+00:00
INTC,0000050863,0000050863-21-000029,2021-07-22,2021-07-22,8-K,intc-20210722.htm,https://www.sec.gov/Archives/edgar/data/50863/000005086321000029/intc-20210722.htm,sec_edgar,2026-05-21 20:10:11.534052+00:00
INTC,0000050863,0001193125-21-218615,2021-07-19,2021-07-14,8-K,d195336d8k.htm,https://www.sec.gov/Archives/edgar/data/50863/000119312521218615/d195336d8k.htm,sec_edgar,2026-05-21 20:10:11.534053+00:00
INTC,0000050863,0001193125-21-214206,2021-07-13,2021-07-09,8-K,d193436d8k.htm,https://www.sec.gov/Archives/edgar/data/50863/000119312521214206/d193436d8k.htm,sec_edgar,2026-05-21 20:10:11.534054+00:00
INTC,0000050863,0001193125-21-196285,2021-06-22,2021-06-17,8-K,d178883d8k.htm,https://www.sec.gov/Archives/edgar/data/50863/000119312521196285/d178883d8k.htm,sec_edgar,2026-05-21 20:10:11.534059+00:00
INTC,0000050863,0001193125-21-166587,2021-05-19,2021-05-13,8-K,d166179d8k.htm,https://www.sec.gov/Archives/edgar/data/50863/000119312521166587/d166179d8k.htm,sec_edgar,2026-05-21 20:10:11.534064+00:00
INTC,0000050863,0000050863-21-000018,2021-04-23,2021-03-27,10-Q,intc-20210327.htm,https://www.sec.gov/Archives/edgar/data/50863/000005086321000018/intc-20210327.htm,sec_edgar,2026-05-21 20:10:11.534083+00:00
INTC,0000050863,0000050863-21-000017,2021-04-22,2021-04-22,8-K,intc-20210422.htm,https://www.sec.gov/Archives/edgar/data/50863/000005086321000017/intc-20210422.htm,sec_edgar,2026-05-21 20:10:11.534084+00:00
INTC,0000050863,0001193125-21-091374,2021-03-23,2021-03-23,8-K,d153275d8k.htm,https://www.sec.gov/Archives/edgar/data/50863/000119312521091374/d153275d8k.htm,sec_edgar,2026-05-21 20:10:11.534093+00:00
INTC,0000050863,0001193125-21-082782,2021-03-16,2021-03-10,8-K,d148850d8k.htm,https://www.sec.gov/Archives/edgar/data/50863/000119312521082782/d148850d8k.htm,sec_edgar,2026-05-21 20:10:11.534095+00:00
INTC,0000050863,0001193125-21-047794,2021-02-18,2021-02-11,8-K,d144398d8k.htm,https://www.sec.gov/Archives/edgar/data/50863/000119312521047794/d144398d8k.htm,sec_edgar,2026-05-21 20:10:11.534099+00:00
INTC,0000050863,0001193125-21-014847,2021-01-22,2021-01-19,8-K,d54581d8k.htm,https://www.sec.gov/Archives/edgar/data/50863/000119312521014847/d54581d8k.htm,sec_edgar,2026-05-21 20:10:11.534127+00:00
INTC,0000050863,0000050863-21-000010,2021-01-22,2020-12-26,10-K,intc-20201226.htm,https://www.sec.gov/Archives/edgar/data/50863/000005086321000010/intc-20201226.htm,sec_edgar,2026-05-21 20:10:11.534129+00:00
INTC,0000050863,0000050863-21-000009,2021-01-21,2021-01-21,8-K,intc-20210121.htm,https://www.sec.gov/Archives/edgar/data/50863/000005086321000009/intc-20210121.htm,sec_edgar,2026-05-21 20:10:11.534130+00:00
INTC,0000050863,0001193125-21-009142,2021-01-14,2021-01-12,8-K,d82915d8k.htm,https://www.sec.gov/Archives/edgar/data/50863/000119312521009142/d82915d8k.htm,sec_edgar,2026-05-21 20:10:11.534131+00:00
INTC,0000050863,0000050863-20-000043,2020-10-23,2020-09-26,10-Q,intc-20200926.htm,https://www.sec.gov/Archives/edgar/data/50863/000005086320000043/intc-20200926.htm,sec_edgar,2026-05-21 20:10:11.534144+00:00
INTC,0000050863,0000050863-20-000042,2020-10-22,2020-10-22,8-K,intc-20201022.htm,https://www.sec.gov/Archives/edgar/data/50863/000005086320000042/intc-20201022.htm,sec_edgar,2026-05-21 20:10:11.534147+00:00
INTC,0000050863,0001193125-20-272580,2020-10-20,2020-10-19,8-K,d76122d8k.htm,https://www.sec.gov/Archives/edgar/data/50863/000119312520272580/d76122d8k.htm,sec_edgar,2026-05-21 20:10:11.534148+00:00
INTC,0000050863,0001193125-20-224772,2020-08-19,2020-08-19,8-K,d17569d8k.htm,https://www.sec.gov/Archives/edgar/data/50863/000119312520224772/d17569d8k.htm,sec_edgar,2026-05-21 20:10:11.534153+00:00
INTC,0000050863,0001193125-20-220333,2020-08-14,2020-08-11,8-K,d229439d8k.htm,https://www.sec.gov/Archives/edgar/data/50863/000119312520220333/d229439d8k.htm,sec_edgar,2026-05-21 20:10:11.534155+00:00
INTC,0000050863,0001193125-20-199804,2020-07-27,2020-07-24,8-K,d95148d8k.htm,https://www.sec.gov/Archives/edgar/data/50863/000119312520199804/d95148d8k.htm,sec_edgar,2026-05-21 20:10:11.534167+00:00
INTC,0000050863,0000050863-20-000026,2020-07-24,2020-06-27,10-Q,intc-20200627.htm,https://www.sec.gov/Archives/edgar/data/50863/000005086320000026/intc-20200627.htm,sec_edgar,2026-05-21 20:10:11.534169+00:00
INTC,0000050863,0000050863-20-000025,2020-07-23,2020-07-23,8-K,intc-20200723.htm,https://www.sec.gov/Archives/edgar/data/50863/000005086320000025/intc-20200723.htm,sec_edgar,2026-05-21 20:10:11.534170+00:00
INTC,0000050863,0001193125-20-171288,2020-06-17,2020-06-15,8-K,d910255d8k.htm,https://www.sec.gov/Archives/edgar/data/50863/000119312520171288/d910255d8k.htm,sec_edgar,2026-05-21 20:10:11.534177+00:00
INTC,0000050863,0001193125-20-147273,2020-05-20,2020-05-14,8-K,d926742d8k.htm,https://www.sec.gov/Archives/edgar/data/50863/000119312520147273/d926742d8k.htm,sec_edgar,2026-05-21 20:10:11.534179+00:00
INTC,0000050863,0000050863-20-000017,2020-04-24,2020-03-28,10-Q,a0328202010qdocument-u.htm,https://www.sec.gov/Archives/edgar/data/50863/000005086320000017/a0328202010qdocument-u.htm,sec_edgar,2026-05-21 20:10:11.534204+00:00
INTC,0000050863,0000050863-20-000016,2020-04-23,2020-04-23,8-K,q1-2020form8xkxuse.htm,https://www.sec.gov/Archives/edgar/data/50863/000005086320000016/q1-2020form8xkxuse.htm,sec_edgar,2026-05-21 20:10:11.534205+00:00
INTC,0000050863,0001193125-20-085163,2020-03-25,2020-03-20,8-K,d851110d8k.htm,https://www.sec.gov/Archives/edgar/data/50863/000119312520085163/d851110d8k.htm,sec_edgar,2026-05-21 20:10:11.534212+00:00
INTC,0000050863,0001193125-20-083209,2020-03-24,2020-03-24,8-K,d886280d8k.htm,https://www.sec.gov/Archives/edgar/data/50863/000119312520083209/d886280d8k.htm,sec_edgar,2026-05-21 20:10:11.534213+00:00
INTC,0000050863,0001193125-20-035758,2020-02-13,2020-02-10,8-K,d878309d8k.htm,https://www.sec.gov/Archives/edgar/data/50863/000119312520035758/d878309d8k.htm,sec_edgar,2026-05-21 20:10:11.534234+00:00
INTC,0000050863,0000050863-20-000011,2020-01-24,2019-12-28,10-K,a12282019q4-10kdocument.htm,https://www.sec.gov/Archives/edgar/data/50863/000005086320000011/a12282019q4-10kdocument.htm,sec_edgar,2026-05-21 20:10:11.534266+00:00
INTC,0000050863,0000050863-20-000007,2020-01-23,2020-01-23,8-K,q4-2019form8xk.htm,https://www.sec.gov/Archives/edgar/data/50863/000005086320000007/q4-2019form8xk.htm,sec_edgar,2026-05-21 20:10:11.534267+00:00
INTC,0000050863,0001193125-20-012078,2020-01-22,2020-01-15,8-K,d815779d8k.htm,https://www.sec.gov/Archives/edgar/data/50863/000119312520012078/d815779d8k.htm,sec_edgar,2026-05-21 20:10:11.534268+00:00
INTC,0000050863,0001193125-20-011010,2020-01-21,2020-01-15,8-K,d874338d8k.htm,https://www.sec.gov/Archives/edgar/data/50863/000119312520011010/d874338d8k.htm,sec_edgar,2026-05-21 20:10:11.534270+00:00
INTC,0000050863,0001193125-19-299901,2019-11-25,2019-11-25,8-K,d833064d8k.htm,https://www.sec.gov/Archives/edgar/data/50863/000119312519299901/d833064d8k.htm,sec_edgar,2026-05-21 20:10:11.534278+00:00
INTC,0000050863,0001193125-19-297652,2019-11-21,2019-11-18,8-K,d797009d8k.htm,https://www.sec.gov/Archives/edgar/data/50863/000119312519297652/d797009d8k.htm,sec_edgar,2026-05-21 20:10:11.534280+00:00
INTC,0000050863,0001193125-19-296610,2019-11-20,2019-11-20,8-K,d817506d8k.htm,https://www.sec.gov/Archives/edgar/data/50863/000119312519296610/d817506d8k.htm,sec_edgar,2026-05-21 20:10:11.534281+00:00
INTC,0000050863,0001193125-19-292429,2019-11-14,2019-11-14,8-K,d822085d8k.htm,https://www.sec.gov/Archives/edgar/data/50863/000119312519292429/d822085d8k.htm,sec_edgar,2026-05-21 20:10:11.534288+00:00
INTC,0000050863,0000050863-19-000029,2019-10-25,2019-09-28,10-Q,a0928201910qdocument.htm,https://www.sec.gov/Archives/edgar/data/50863/000005086319000029/a0928201910qdocument.htm,sec_edgar,2026-05-21 20:10:11.534307+00:00
INTC,0000050863,0000050863-19-000028,2019-10-24,2019-10-24,8-K,q3-2019form8xk.htm,https://www.sec.gov/Archives/edgar/data/50863/000005086319000028/q3-2019form8xk.htm,sec_edgar,2026-05-21 20:10:11.534308+00:00
INTC,0000050863,0001193125-19-254731,2019-09-25,2019-09-19,8-K,d806935d8k.htm,https://www.sec.gov/Archives/edgar/data/50863/000119312519254731/d806935d8k.htm,sec_edgar,2026-05-21 20:10:11.534314+00:00
INTC,0000050863,0001193125-19-244848,2019-09-13,2019-09-10,8-K,d800633d8k.htm,https://www.sec.gov/Archives/edgar/data/50863/000119312519244848/d800633d8k.htm,sec_edgar,2026-05-21 20:10:11.534318+00:00
INTC,0000050863,0000050863-19-000023,2019-07-26,2019-06-29,10-Q,a0629201910qdocument.htm,https://www.sec.gov/Archives/edgar/data/50863/000005086319000023/a0629201910qdocument.htm,sec_edgar,2026-05-21 20:10:11.534339+00:00
INTC,0000050863,0000050863-19-000022,2019-07-25,2019-07-25,8-K,q2-2019form8xk.htm,https://www.sec.gov/Archives/edgar/data/50863/000005086319000022/q2-2019form8xk.htm,sec_edgar,2026-05-21 20:10:11.534340+00:00
INTC,0000050863,0001193125-19-153332,2019-05-22,2019-05-16,8-K,d751990d8k.htm,https://www.sec.gov/Archives/edgar/data/50863/000119312519153332/d751990d8k.htm,sec_edgar,2026-05-21 20:10:11.534358+00:00
INTC,0000050863,0001193125-19-142117,2019-05-09,2019-05-08,8-K,d741646d8k.htm,https://www.sec.gov/Archives/edgar/data/50863/000119312519142117/d741646d8k.htm,sec_edgar,2026-05-21 20:10:11.534368+00:00
INTC,0000050863,0000050863-19-000013,2019-04-26,2019-03-30,10-Q,a0330201910qdocument.htm,https://www.sec.gov/Archives/edgar/data/50863/000005086319000013/a0330201910qdocument.htm,sec_edgar,2026-05-21 20:10:11.534388+00:00
INTC,0000050863,0000050863-19-000012,2019-04-25,2019-04-25,8-K,q1-2019_form8xk.htm,https://www.sec.gov/Archives/edgar/data/50863/000005086319000012/q1-2019_form8xk.htm,sec_edgar,2026-05-21 20:10:11.534389+00:00
INTC,0000050863,0001193125-19-102881,2019-04-10,2019-04-08,8-K,d676017d8k.htm,https://www.sec.gov/Archives/edgar/data/50863/000119312519102881/d676017d8k.htm,sec_edgar,2026-05-21 20:10:11.534390+00:00
INTC,0000050863,0001193125-19-096036,2019-04-03,2019-04-02,8-K,d642676d8k.htm,https://www.sec.gov/Archives/edgar/data/50863/000119312519096036/d642676d8k.htm,sec_edgar,2026-05-21 20:10:11.534394+00:00
INTC,0000050863,0001193125-19-085353,2019-03-25,2019-03-22,8-K,d710430d8k.htm,https://www.sec.gov/Archives/edgar/data/50863/000119312519085353/d710430d8k.htm,sec_edgar,2026-05-21 20:10:11.534401+00:00
INTC,0000050863,0001193125-19-076708,2019-03-15,2019-03-13,8-K,d679356d8k.htm,https://www.sec.gov/Archives/edgar/data/50863/000119312519076708/d679356d8k.htm,sec_edgar,2026-05-21 20:10:11.534407+00:00
META,0001326801,0001193125-26-204128,2026-05-04,2026-04-30,8-K,d134616d8k.htm,https://www.sec.gov/Archives/edgar/data/1326801/000119312526204128/d134616d8k.htm,sec_edgar,2026-05-21 20:10:13.383668+00:00
META,0001326801,0001628280-26-028526,2026-04-30,2026-03-31,10-Q,meta-20260331.htm,https://www.sec.gov/Archives/edgar/data/1326801/000162828026028526/meta-20260331.htm,sec_edgar,2026-05-21 20:10:13.383676+00:00
META,0001326801,0001628280-26-028364,2026-04-29,2026-04-29,8-K,meta-20260429.htm,https://www.sec.gov/Archives/edgar/data/1326801/000162828026028364/meta-20260429.htm,sec_edgar,2026-05-21 20:10:13.383678+00:00
META,0001326801,0001628280-26-025108,2026-04-14,2026-04-08,8-K,meta-20260408.htm,https://www.sec.gov/Archives/edgar/data/1326801/000162828026025108/meta-20260408.htm,sec_edgar,2026-05-21 20:10:13.383692+00:00
META,0001326801,0001628280-26-003942,2026-01-29,2025-12-31,10-K,meta-20251231.htm,https://www.sec.gov/Archives/edgar/data/1326801/000162828026003942/meta-20251231.htm,sec_edgar,2026-05-21 20:10:13.383757+00:00
META,0001326801,0001628280-26-003832,2026-01-28,2026-01-28,8-K,meta-20260128.htm,https://www.sec.gov/Archives/edgar/data/1326801/000162828026003832/meta-20260128.htm,sec_edgar,2026-05-21 20:10:13.383759+00:00
META,0001326801,0001628280-26-002429,2026-01-16,2026-01-12,8-K,meta-20260112.htm,https://www.sec.gov/Archives/edgar/data/1326801/000162828026002429/meta-20260112.htm,sec_edgar,2026-05-21 20:10:13.383768+00:00
META,0001326801,0001628280-25-058337,2025-12-19,2025-12-19,8-K,meta-20251219.htm,https://www.sec.gov/Archives/edgar/data/1326801/000162828025058337/meta-20251219.htm,sec_edgar,2026-05-21 20:10:13.383785+00:00
META,0001326801,0001628280-25-056768,2025-12-12,2025-12-05,8-K,meta-20251205.htm,https://www.sec.gov/Archives/edgar/data/1326801/000162828025056768/meta-20251205.htm,sec_edgar,2026-05-21 20:10:13.383792+00:00
META,0001326801,0001193125-25-262593,2025-11-03,2025-10-30,8-K,d75422d8k.htm,https://www.sec.gov/Archives/edgar/data/1326801/000119312525262593/d75422d8k.htm,sec_edgar,2026-05-21 20:10:13.383838+00:00
META,0001326801,0001628280-25-047240,2025-10-30,2025-09-30,10-Q,meta-20250930.htm,https://www.sec.gov/Archives/edgar/data/1326801/000162828025047240/meta-20250930.htm,sec_edgar,2026-05-21 20:10:13.383845+00:00
META,0001326801,0001628280-25-047114,2025-10-29,2025-10-29,8-K,meta-20251029.htm,https://www.sec.gov/Archives/edgar/data/1326801/000162828025047114/meta-20251029.htm,sec_edgar,2026-05-21 20:10:13.383847+00:00
META,0001326801,0001628280-25-036791,2025-07-31,2025-06-30,10-Q,meta-20250630.htm,https://www.sec.gov/Archives/edgar/data/1326801/000162828025036791/meta-20250630.htm,sec_edgar,2026-05-21 20:10:13.383941+00:00
META,0001326801,0001628280-25-036719,2025-07-30,2025-07-30,8-K,meta-20250730.htm,https://www.sec.gov/Archives/edgar/data/1326801/000162828025036719/meta-20250730.htm,sec_edgar,2026-05-21 20:10:13.383944+00:00
META,0001326801,0001326801-25-000090,2025-05-30,2025-05-28,8-K,meta-20250528.htm,https://www.sec.gov/Archives/edgar/data/1326801/000132680125000090/meta-20250528.htm,sec_edgar,2026-05-21 20:10:13.384031+00:00
META,0001326801,0001326801-25-000054,2025-05-01,2025-03-31,10-Q,meta-20250331.htm,https://www.sec.gov/Archives/edgar/data/1326801/000132680125000054/meta-20250331.htm,sec_edgar,2026-05-21 20:10:13.384082+00:00
META,0001326801,0001326801-25-000050,2025-04-30,2025-04-30,8-K,meta-20250430.htm,https://www.sec.gov/Archives/edgar/data/1326801/000132680125000050/meta-20250430.htm,sec_edgar,2026-05-21 20:10:13.384084+00:00
META,0001326801,0001326801-25-000027,2025-04-11,2025-04-11,8-K,meta-20250411.htm,https://www.sec.gov/Archives/edgar/data/1326801/000132680125000027/meta-20250411.htm,sec_edgar,2026-05-21 20:10:13.384106+00:00
META,0001326801,0001326801-25-000021,2025-02-20,2025-02-13,8-K,meta-20250213.htm,https://www.sec.gov/Archives/edgar/data/1326801/000132680125000021/meta-20250213.htm,sec_edgar,2026-05-21 20:10:13.384152+00:00
META,0001326801,0001326801-25-000017,2025-01-30,2024-12-31,10-K,meta-20241231.htm,https://www.sec.gov/Archives/edgar/data/1326801/000132680125000017/meta-20241231.htm,sec_edgar,2026-05-21 20:10:13.384204+00:00
META,0001326801,0001326801-25-000014,2025-01-29,2025-01-29,8-K,meta-20250129.htm,https://www.sec.gov/Archives/edgar/data/1326801/000132680125000014/meta-20250129.htm,sec_edgar,2026-05-21 20:10:13.384213+00:00
META,0001326801,0001326801-25-000005,2025-01-06,2024-12-30,8-K,meta-20241230.htm,https://www.sec.gov/Archives/edgar/data/1326801/000132680125000005/meta-20241230.htm,sec_edgar,2026-05-21 20:10:13.384267+00:00
META,0001326801,0001326801-24-000081,2024-10-31,2024-09-30,10-Q,meta-20240930.htm,https://www.sec.gov/Archives/edgar/data/1326801/000132680124000081/meta-20240930.htm,sec_edgar,2026-05-21 20:10:13.384357+00:00
META,0001326801,0001326801-24-000077,2024-10-30,2024-10-30,8-K,meta-20241030.htm,https://www.sec.gov/Archives/edgar/data/1326801/000132680124000077/meta-20241030.htm,sec_edgar,2026-05-21 20:10:13.384360+00:00
META,0001326801,0001326801-24-000072,2024-09-10,2024-09-05,8-K,meta-20240905.htm,https://www.sec.gov/Archives/edgar/data/1326801/000132680124000072/meta-20240905.htm,sec_edgar,2026-05-21 20:10:13.384399+00:00
META,0001326801,0001193125-24-197873,2024-08-09,2024-08-07,8-K,d876862d8k.htm,https://www.sec.gov/Archives/edgar/data/1326801/000119312524197873/d876862d8k.htm,sec_edgar,2026-05-21 20:10:13.384462+00:00
META,0001326801,0001326801-24-000069,2024-08-01,2024-06-30,10-Q,meta-20240630.htm,https://www.sec.gov/Archives/edgar/data/1326801/000132680124000069/meta-20240630.htm,sec_edgar,2026-05-21 20:10:13.384482+00:00
META,0001326801,0001326801-24-000065,2024-07-31,2024-07-31,8-K,meta-20240731.htm,https://www.sec.gov/Archives/edgar/data/1326801/000132680124000065/meta-20240731.htm,sec_edgar,2026-05-21 20:10:13.384484+00:00
META,0001326801,0001326801-24-000057,2024-05-31,2024-05-29,8-K,meta-20240529.htm,https://www.sec.gov/Archives/edgar/data/1326801/000132680124000057/meta-20240529.htm,sec_edgar,2026-05-21 20:10:13.384582+00:00
META,0001326801,0001326801-24-000049,2024-04-25,2024-03-31,10-Q,meta-20240331.htm,https://www.sec.gov/Archives/edgar/data/1326801/000132680124000049/meta-20240331.htm,sec_edgar,2026-05-21 20:10:13.384633+00:00
META,0001326801,0001326801-24-000044,2024-04-24,2024-04-24,8-K,meta-20240424.htm,https://www.sec.gov/Archives/edgar/data/1326801/000132680124000044/meta-20240424.htm,sec_edgar,2026-05-21 20:10:13.384634+00:00
MSFT,0000789019,0001193125-26-224155,2026-05-14,2026-05-13,8-K,d125909d8k.htm,https://www.sec.gov/Archives/edgar/data/789019/000119312526224155/d125909d8k.htm,sec_edgar,2026-05-21 20:10:15.286534+00:00
MSFT,0000789019,0001193125-26-191507,2026-04-29,2026-03-31,10-Q,msft-20260331.htm,https://www.sec.gov/Archives/edgar/data/789019/000119312526191507/msft-20260331.htm,sec_edgar,2026-05-21 20:10:15.286538+00:00
MSFT,0000789019,0001193125-26-191457,2026-04-29,2026-04-29,8-K,msft-20260429.htm,https://www.sec.gov/Archives/edgar/data/789019/000119312526191457/msft-20260429.htm,sec_edgar,2026-05-21 20:10:15.286539+00:00
MSFT,0000789019,0001193125-26-027207,2026-01-28,2025-12-31,10-Q,msft-20251231.htm,https://www.sec.gov/Archives/edgar/data/789019/000119312526027207/msft-20251231.htm,sec_edgar,2026-05-21 20:10:15.286574+00:00
MSFT,0000789019,0001193125-26-027198,2026-01-28,2026-01-28,8-K,msft-20260128.htm,https://www.sec.gov/Archives/edgar/data/789019/000119312526027198/msft-20260128.htm,sec_edgar,2026-05-21 20:10:15.286575+00:00
MSFT,0000789019,0001193125-25-311196,2025-12-08,2025-12-05,8-K,d34077d8k.htm,https://www.sec.gov/Archives/edgar/data/789019/000119312525311196/d34077d8k.htm,sec_edgar,2026-05-21 20:10:15.286595+00:00
MSFT,0000789019,0001193125-25-256321,2025-10-29,2025-09-30,10-Q,msft-20250930.htm,https://www.sec.gov/Archives/edgar/data/789019/000119312525256321/msft-20250930.htm,sec_edgar,2026-05-21 20:10:15.286627+00:00
MSFT,0000789019,0001193125-25-256310,2025-10-29,2025-10-28,8-K,msft-20251028.htm,https://www.sec.gov/Archives/edgar/data/789019/000119312525256310/msft-20251028.htm,sec_edgar,2026-05-21 20:10:15.286629+00:00
MSFT,0000789019,0001193125-25-225125,2025-09-30,2025-09-24,8-K,d863209d8k.htm,https://www.sec.gov/Archives/edgar/data/789019/000119312525225125/d863209d8k.htm,sec_edgar,2026-05-21 20:10:15.286639+00:00
MSFT,0000789019,0000950170-25-100235,2025-07-30,2025-06-30,10-K,msft-20250630.htm,https://www.sec.gov/Archives/edgar/data/789019/000095017025100235/msft-20250630.htm,sec_edgar,2026-05-21 20:10:15.286672+00:00
MSFT,0000789019,0000950170-25-100226,2025-07-30,2025-07-30,8-K,msft-20250730.htm,https://www.sec.gov/Archives/edgar/data/789019/000095017025100226/msft-20250730.htm,sec_edgar,2026-05-21 20:10:15.286674+00:00
MSFT,0000789019,0001193125-25-154103,2025-07-01,2025-07-01,8-K,d84624d8k.htm,https://www.sec.gov/Archives/edgar/data/789019/000119312525154103/d84624d8k.htm,sec_edgar,2026-05-21 20:10:15.286678+00:00
MSFT,0000789019,0000950170-25-061032,2025-04-30,2025-04-30,8-K,msft-20250430.htm,https://www.sec.gov/Archives/edgar/data/789019/000095017025061032/msft-20250430.htm,sec_edgar,2026-05-21 20:10:15.286720+00:00
MSFT,0000789019,0000950170-25-061046,2025-04-30,2025-03-31,10-Q,msft-20250331.htm,https://www.sec.gov/Archives/edgar/data/789019/000095017025061046/msft-20250331.htm,sec_edgar,2026-05-21 20:10:15.286719+00:00
MSFT,0000789019,0000950170-25-010491,2025-01-29,2024-12-31,10-Q,msft-20241231.htm,https://www.sec.gov/Archives/edgar/data/789019/000095017025010491/msft-20241231.htm,sec_edgar,2026-05-21 20:10:15.286755+00:00
MSFT,0000789019,0000950170-25-010484,2025-01-29,2025-01-29,8-K,msft-20250129.htm,https://www.sec.gov/Archives/edgar/data/789019/000095017025010484/msft-20250129.htm,sec_edgar,2026-05-21 20:10:15.286756+00:00
MSFT,0000789019,0001193125-25-010492,2025-01-22,2025-01-22,8-K,d929748d8k.htm,https://www.sec.gov/Archives/edgar/data/789019/000119312525010492/d929748d8k.htm,sec_edgar,2026-05-21 20:10:15.286757+00:00
MSFT,0000789019,0001193125-24-275524,2024-12-11,2024-12-10,8-K,d865252d8k.htm,https://www.sec.gov/Archives/edgar/data/789019/000119312524275524/d865252d8k.htm,sec_edgar,2026-05-21 20:10:15.286768+00:00
MSFT,0000789019,0000950170-24-132722,2024-12-03,2024-12-03,8-K,msft-20241203.htm,https://www.sec.gov/Archives/edgar/data/789019/000095017024132722/msft-20241203.htm,sec_edgar,2026-05-21 20:10:15.286782+00:00
MSFT,0000789019,0000950170-24-118967,2024-10-30,2024-09-30,10-Q,msft-20240930.htm,https://www.sec.gov/Archives/edgar/data/789019/000095017024118967/msft-20240930.htm,sec_edgar,2026-05-21 20:10:15.286796+00:00
MSFT,0000789019,0000950170-24-118955,2024-10-30,2024-10-30,8-K,msft-20241030.htm,https://www.sec.gov/Archives/edgar/data/789019/000095017024118955/msft-20241030.htm,sec_edgar,2026-05-21 20:10:15.286797+00:00
MSFT,0000789019,0001193125-24-204403,2024-08-21,2024-08-21,8-K,d846847d8k.htm,https://www.sec.gov/Archives/edgar/data/789019/000119312524204403/d846847d8k.htm,sec_edgar,2026-05-21 20:10:15.286854+00:00
MSFT,0000789019,0000950170-24-087843,2024-07-30,2024-06-30,10-K,msft-20240630.htm,https://www.sec.gov/Archives/edgar/data/789019/000095017024087843/msft-20240630.htm,sec_edgar,2026-05-21 20:10:15.286855+00:00
MSFT,0000789019,0000950170-24-087835,2024-07-30,2024-07-30,8-K,msft-20240730.htm,https://www.sec.gov/Archives/edgar/data/789019/000095017024087835/msft-20240730.htm,sec_edgar,2026-05-21 20:10:15.286856+00:00
MSFT,0000789019,0000950170-24-048288,2024-04-25,2024-03-31,10-Q,msft-20240331.htm,https://www.sec.gov/Archives/edgar/data/789019/000095017024048288/msft-20240331.htm,sec_edgar,2026-05-21 20:10:15.286899+00:00
MSFT,0000789019,0000950170-24-048268,2024-04-25,2024-04-25,8-K,msft-20240425.htm,https://www.sec.gov/Archives/edgar/data/789019/000095017024048268/msft-20240425.htm,sec_edgar,2026-05-21 20:10:15.286900+00:00
MSFT,0000789019,0000950170-24-008814,2024-01-30,2023-12-31,10-Q,msft-20231231.htm,https://www.sec.gov/Archives/edgar/data/789019/000095017024008814/msft-20231231.htm,sec_edgar,2026-05-21 20:10:15.286940+00:00
MSFT,0000789019,0000950170-24-008809,2024-01-30,2024-01-30,8-K,msft-20240130.htm,https://www.sec.gov/Archives/edgar/data/789019/000095017024008809/msft-20240130.htm,sec_edgar,2026-05-21 20:10:15.286941+00:00
MSFT,0000789019,0001193125-24-011295,2024-01-19,2024-01-17,8-K,d708866d8k.htm,https://www.sec.gov/Archives/edgar/data/789019/000119312524011295/d708866d8k.htm,sec_edgar,2026-05-21 20:10:15.286942+00:00
MSFT,0000789019,0001193125-23-291720,2023-12-08,2023-12-07,8-K,d636199d8k.htm,https://www.sec.gov/Archives/edgar/data/789019/000119312523291720/d636199d8k.htm,sec_edgar,2026-05-21 20:10:15.286956+00:00
MSFT,0000789019,0001193125-23-271376,2023-11-06,2023-11-06,8-K,d566386d8k.htm,https://www.sec.gov/Archives/edgar/data/789019/000119312523271376/d566386d8k.htm,sec_edgar,2026-05-21 20:10:15.286983+00:00
MSFT,0000789019,0001193125-23-265616,2023-10-30,2023-10-27,8-K,d572684d8k.htm,https://www.sec.gov/Archives/edgar/data/789019/000119312523265616/d572684d8k.htm,sec_edgar,2026-05-21 20:10:15.286985+00:00
MSFT,0000789019,0000950170-23-054848,2023-10-24,2023-10-24,8-K,msft-20231024.htm,https://www.sec.gov/Archives/edgar/data/789019/000095017023054848/msft-20231024.htm,sec_edgar,2026-05-21 20:10:15.286989+00:00
MSFT,0000789019,0000950170-23-054855,2023-10-24,2023-09-30,10-Q,msft-20230930.htm,https://www.sec.gov/Archives/edgar/data/789019/000095017023054855/msft-20230930.htm,sec_edgar,2026-05-21 20:10:15.286988+00:00
MSFT,0000789019,0001104659-23-109428,2023-10-16,2023-10-16,8-K,tm2328507d1_8k.htm,https://www.sec.gov/Archives/edgar/data/789019/000110465923109428/tm2328507d1_8k.htm,sec_edgar,2026-05-21 20:10:15.286994+00:00
MSFT,0000789019,0001193125-23-255762,2023-10-13,2023-10-13,8-K,d537928d8k.htm,https://www.sec.gov/Archives/edgar/data/789019/000119312523255762/d537928d8k.htm,sec_edgar,2026-05-21 20:10:15.286995+00:00
MSFT,0000789019,0001193125-23-254151,2023-10-11,2023-10-11,8-K,d530324d8k.htm,https://www.sec.gov/Archives/edgar/data/789019/000119312523254151/d530324d8k.htm,sec_edgar,2026-05-21 20:10:15.286996+00:00
MSFT,0000789019,0000950170-23-035122,2023-07-27,2023-06-30,10-K,msft-20230630.htm,https://www.sec.gov/Archives/edgar/data/789019/000095017023035122/msft-20230630.htm,sec_edgar,2026-05-21 20:10:15.287028+00:00
MSFT,0000789019,0000950170-23-034400,2023-07-25,2023-07-25,8-K,msft-20230725.htm,https://www.sec.gov/Archives/edgar/data/789019/000095017023034400/msft-20230725.htm,sec_edgar,2026-05-21 20:10:15.287029+00:00
MSFT,0000789019,0001193125-23-181341,2023-07-03,2023-07-01,8-K,d288670d8k.htm,https://www.sec.gov/Archives/edgar/data/789019/000119312523181341/d288670d8k.htm,sec_edgar,2026-05-21 20:10:15.287030+00:00
MSFT,0000789019,0001193125-23-115280,2023-04-25,2023-04-25,8-K,d321368d8k.htm,https://www.sec.gov/Archives/edgar/data/789019/000119312523115280/d321368d8k.htm,sec_edgar,2026-05-21 20:10:15.287063+00:00
MSFT,0000789019,0000950170-23-014423,2023-04-25,2023-03-31,10-Q,msft-20230331.htm,https://www.sec.gov/Archives/edgar/data/789019/000095017023014423/msft-20230331.htm,sec_edgar,2026-05-21 20:10:15.287062+00:00
MSFT,0000789019,0001564590-23-000733,2023-01-24,2022-12-31,10-Q,msft-10q_20221231.htm,https://www.sec.gov/Archives/edgar/data/789019/000156459023000733/msft-10q_20221231.htm,sec_edgar,2026-05-21 20:10:15.287101+00:00
MSFT,0000789019,0001193125-23-014230,2023-01-24,2023-01-24,8-K,d406070d8k.htm,https://www.sec.gov/Archives/edgar/data/789019/000119312523014230/d406070d8k.htm,sec_edgar,2026-05-21 20:10:15.287103+00:00
MSFT,0000789019,0001193125-23-009934,2023-01-18,2023-01-18,8-K,d447690d8k.htm,https://www.sec.gov/Archives/edgar/data/789019/000119312523009934/d447690d8k.htm,sec_edgar,2026-05-21 20:10:15.287105+00:00
MSFT,0000789019,0001193125-22-306591,2022-12-16,2022-12-13,8-K,d434535d8k.htm,https://www.sec.gov/Archives/edgar/data/789019/000119312522306591/d434535d8k.htm,sec_edgar,2026-05-21 20:10:15.287108+00:00
MSFT,0000789019,0001564590-22-035087,2022-10-25,2022-09-30,10-Q,msft-10q_20220930.htm,https://www.sec.gov/Archives/edgar/data/789019/000156459022035087/msft-10q_20220930.htm,sec_edgar,2026-05-21 20:10:15.287135+00:00
MSFT,0000789019,0001193125-22-268356,2022-10-25,2022-10-25,8-K,d361432d8k.htm,https://www.sec.gov/Archives/edgar/data/789019/000119312522268356/d361432d8k.htm,sec_edgar,2026-05-21 20:10:15.287136+00:00
MSFT,0000789019,0001564590-22-026876,2022-07-28,2022-06-30,10-K,msft-10k_20220630.htm,https://www.sec.gov/Archives/edgar/data/789019/000156459022026876/msft-10k_20220630.htm,sec_edgar,2026-05-21 20:10:15.287173+00:00
MSFT,0000789019,0001193125-22-202034,2022-07-26,2022-07-26,8-K,d372382d8k.htm,https://www.sec.gov/Archives/edgar/data/789019/000119312522202034/d372382d8k.htm,sec_edgar,2026-05-21 20:10:15.287174+00:00
MSFT,0000789019,0001193125-22-165839,2022-06-02,2022-06-02,8-K,d295016d8k.htm,https://www.sec.gov/Archives/edgar/data/789019/000119312522165839/d295016d8k.htm,sec_edgar,2026-05-21 20:10:15.287185+00:00
MSFT,0000789019,0001193125-22-120207,2022-04-26,2022-04-26,8-K,d328712d8k.htm,https://www.sec.gov/Archives/edgar/data/789019/000119312522120207/d328712d8k.htm,sec_edgar,2026-05-21 20:10:15.287200+00:00
MSFT,0000789019,0001564590-22-015675,2022-04-26,2022-03-31,10-Q,msft-10q_20220331.htm,https://www.sec.gov/Archives/edgar/data/789019/000156459022015675/msft-10q_20220331.htm,sec_edgar,2026-05-21 20:10:15.287199+00:00
MSFT,0000789019,0001193125-22-017041,2022-01-25,2022-01-25,8-K,d299919d8k.htm,https://www.sec.gov/Archives/edgar/data/789019/000119312522017041/d299919d8k.htm,sec_edgar,2026-05-21 20:10:15.287236+00:00
MSFT,0000789019,0001564590-22-002324,2022-01-25,2021-12-31,10-Q,msft-10q_20211231.htm,https://www.sec.gov/Archives/edgar/data/789019/000156459022002324/msft-10q_20211231.htm,sec_edgar,2026-05-21 20:10:15.287235+00:00
MSFT,0000789019,0001193125-22-010667,2022-01-18,2022-01-18,8-K,d301984d8k.htm,https://www.sec.gov/Archives/edgar/data/789019/000119312522010667/d301984d8k.htm,sec_edgar,2026-05-21 20:10:15.287238+00:00
MSFT,0000789019,0001193125-21-343711,2021-11-30,2021-11-30,8-K,d205343d8k.htm,https://www.sec.gov/Archives/edgar/data/789019/000119312521343711/d205343d8k.htm,sec_edgar,2026-05-21 20:10:15.287261+00:00
MSFT,0000789019,0001564590-21-051992,2021-10-26,2021-09-30,10-Q,msft-10q_20210930.htm,https://www.sec.gov/Archives/edgar/data/789019/000156459021051992/msft-10q_20210930.htm,sec_edgar,2026-05-21 20:10:15.287268+00:00
MSFT,0000789019,0001193125-21-307941,2021-10-26,2021-10-26,8-K,d239488d8k.htm,https://www.sec.gov/Archives/edgar/data/789019/000119312521307941/d239488d8k.htm,sec_edgar,2026-05-21 20:10:15.287269+00:00
MSFT,0000789019,0001564590-21-039151,2021-07-29,2021-06-30,10-K,msft-10k_20210630.htm,https://www.sec.gov/Archives/edgar/data/789019/000156459021039151/msft-10k_20210630.htm,sec_edgar,2026-05-21 20:10:15.287309+00:00
MSFT,0000789019,0001193125-21-225746,2021-07-27,2021-07-27,8-K,d200100d8k.htm,https://www.sec.gov/Archives/edgar/data/789019/000119312521225746/d200100d8k.htm,sec_edgar,2026-05-21 20:10:15.287310+00:00
MSFT,0000789019,0001193125-21-210827,2021-07-08,2021-07-08,8-K,d158429d8k.htm,https://www.sec.gov/Archives/edgar/data/789019/000119312521210827/d158429d8k.htm,sec_edgar,2026-05-21 20:10:15.287313+00:00
MSFT,0000789019,0001193125-21-192783,2021-06-17,2021-06-16,8-K,d176999d8k.htm,https://www.sec.gov/Archives/edgar/data/789019/000119312521192783/d176999d8k.htm,sec_edgar,2026-05-21 20:10:15.287316+00:00
MSFT,0000789019,0001193125-21-167940,2021-05-20,2021-05-20,8-K,d171596d8k.htm,https://www.sec.gov/Archives/edgar/data/789019/000119312521167940/d171596d8k.htm,sec_edgar,2026-05-21 20:10:15.287334+00:00
MSFT,0000789019,0001564590-21-020891,2021-04-27,2021-03-31,10-Q,msft-10q_20210331.htm,https://www.sec.gov/Archives/edgar/data/789019/000156459021020891/msft-10q_20210331.htm,sec_edgar,2026-05-21 20:10:15.287339+00:00
MSFT,0000789019,0001193125-21-134213,2021-04-27,2021-04-27,8-K,d179564d8k.htm,https://www.sec.gov/Archives/edgar/data/789019/000119312521134213/d179564d8k.htm,sec_edgar,2026-05-21 20:10:15.287340+00:00
MSFT,0000789019,0001193125-21-112687,2021-04-12,2021-04-12,8-K,d171120d8k.htm,https://www.sec.gov/Archives/edgar/data/789019/000119312521112687/d171120d8k.htm,sec_edgar,2026-05-21 20:10:15.287342+00:00
MSFT,0000789019,0001193125-21-084239,2021-03-17,2021-03-16,8-K,d130687d8k.htm,https://www.sec.gov/Archives/edgar/data/789019/000119312521084239/d130687d8k.htm,sec_edgar,2026-05-21 20:10:15.287344+00:00
MSFT,0000789019,0001193125-21-065751,2021-03-02,2021-03-02,8-K,d336741d8k.htm,https://www.sec.gov/Archives/edgar/data/789019/000119312521065751/d336741d8k.htm,sec_edgar,2026-05-21 20:10:15.287362+00:00
MSFT,0000789019,0001193125-21-044940,2021-02-16,2021-02-16,8-K,d11855d8k.htm,https://www.sec.gov/Archives/edgar/data/789019/000119312521044940/d11855d8k.htm,sec_edgar,2026-05-21 20:10:15.287365+00:00
MSFT,0000789019,0001564590-21-002316,2021-01-26,2020-12-31,10-Q,msft-10q_20201231.htm,https://www.sec.gov/Archives/edgar/data/789019/000156459021002316/msft-10q_20201231.htm,sec_edgar,2026-05-21 20:10:15.287383+00:00
MSFT,0000789019,0001193125-21-017683,2021-01-26,2021-01-26,8-K,d65802d8k.htm,https://www.sec.gov/Archives/edgar/data/789019/000119312521017683/d65802d8k.htm,sec_edgar,2026-05-21 20:10:15.287384+00:00
MSFT,0000789019,0001193125-20-310549,2020-12-04,2020-12-02,8-K,d48255d8k.htm,https://www.sec.gov/Archives/edgar/data/789019/000119312520310549/d48255d8k.htm,sec_edgar,2026-05-21 20:10:15.287394+00:00
MSFT,0000789019,0001564590-20-047996,2020-10-27,2020-09-30,10-Q,msft-10q_20200930.htm,https://www.sec.gov/Archives/edgar/data/789019/000156459020047996/msft-10q_20200930.htm,sec_edgar,2026-05-21 20:10:15.287412+00:00
MSFT,0000789019,0001193125-20-278410,2020-10-27,2020-10-27,8-K,d10535d8k.htm,https://www.sec.gov/Archives/edgar/data/789019/000119312520278410/d10535d8k.htm,sec_edgar,2026-05-21 20:10:15.287413+00:00
MSFT,0000789019,0001193125-20-250163,2020-09-21,2020-09-21,8-K,d62084d8k.htm,https://www.sec.gov/Archives/edgar/data/789019/000119312520250163/d62084d8k.htm,sec_edgar,2026-05-21 20:10:15.287418+00:00
MSFT,0000789019,0001193125-20-207517,2020-08-03,2020-08-02,8-K,d49621d8k.htm,https://www.sec.gov/Archives/edgar/data/789019/000119312520207517/d49621d8k.htm,sec_edgar,2026-05-21 20:10:15.287458+00:00
MSFT,0000789019,0001564590-20-034944,2020-07-30,2020-06-30,10-K,msft-10k_20200630.htm,https://www.sec.gov/Archives/edgar/data/789019/000156459020034944/msft-10k_20200630.htm,sec_edgar,2026-05-21 20:10:15.287460+00:00
MSFT,0000789019,0001193125-20-197109,2020-07-22,2020-07-22,8-K,d941281d8k.htm,https://www.sec.gov/Archives/edgar/data/789019/000119312520197109/d941281d8k.htm,sec_edgar,2026-05-21 20:10:15.287462+00:00
MSFT,0000789019,0001193125-20-188481,2020-07-07,2020-07-01,8-K,d88910d8k.htm,https://www.sec.gov/Archives/edgar/data/789019/000119312520188481/d88910d8k.htm,sec_edgar,2026-05-21 20:10:15.287463+00:00
MSFT,0000789019,0001193125-20-184744,2020-07-01,2020-07-01,8-K,d949734d8k.htm,https://www.sec.gov/Archives/edgar/data/789019/000119312520184744/d949734d8k.htm,sec_edgar,2026-05-21 20:10:15.287465+00:00
MSFT,0000789019,0001193125-20-180036,2020-06-26,2020-06-26,8-K,d854075d8k.htm,https://www.sec.gov/Archives/edgar/data/789019/000119312520180036/d854075d8k.htm,sec_edgar,2026-05-21 20:10:15.287466+00:00
MSFT,0000789019,0001193125-20-157234,2020-06-01,2020-05-29,8-K,d829164d8k.htm,https://www.sec.gov/Archives/edgar/data/789019/000119312520157234/d829164d8k.htm,sec_edgar,2026-05-21 20:10:15.287488+00:00
MSFT,0000789019,0001193125-20-142890,2020-05-14,2020-05-14,8-K,d911580d8k.htm,https://www.sec.gov/Archives/edgar/data/789019/000119312520142890/d911580d8k.htm,sec_edgar,2026-05-21 20:10:15.287492+00:00
MSFT,0000789019,0001193125-20-128779,2020-04-30,2020-04-30,8-K,d924162d8k.htm,https://www.sec.gov/Archives/edgar/data/789019/000119312520128779/d924162d8k.htm,sec_edgar,2026-05-21 20:10:15.287496+00:00
MSFT,0000789019,0001193125-20-126089,2020-04-29,2020-04-29,8-K,d844377d8k.htm,https://www.sec.gov/Archives/edgar/data/789019/000119312520126089/d844377d8k.htm,sec_edgar,2026-05-21 20:10:15.287499+00:00
MSFT,0000789019,0001564590-20-019706,2020-04-29,2020-03-31,10-Q,msft-10q_20200331.htm,https://www.sec.gov/Archives/edgar/data/789019/000156459020019706/msft-10q_20200331.htm,sec_edgar,2026-05-21 20:10:15.287498+00:00
MSFT,0000789019,0001193125-20-091746,2020-03-31,2020-03-28,8-K,d909204d8k.htm,https://www.sec.gov/Archives/edgar/data/789019/000119312520091746/d909204d8k.htm,sec_edgar,2026-05-21 20:10:15.287500+00:00
MSFT,0000789019,0001193125-20-073072,2020-03-13,2020-03-13,8-K,d884867d8k.htm,https://www.sec.gov/Archives/edgar/data/789019/000119312520073072/d884867d8k.htm,sec_edgar,2026-05-21 20:10:15.287509+00:00
MSFT,0000789019,0001193125-20-050232,2020-02-26,2020-02-26,8-K,d896577d8k.htm,https://www.sec.gov/Archives/edgar/data/789019/000119312520050232/d896577d8k.htm,sec_edgar,2026-05-21 20:10:15.287519+00:00
MSFT,0000789019,0001564590-20-002450,2020-01-29,2019-12-31,10-Q,msft-10q_20191231.htm,https://www.sec.gov/Archives/edgar/data/789019/000156459020002450/msft-10q_20191231.htm,sec_edgar,2026-05-21 20:10:15.287536+00:00
MSFT,0000789019,0001193125-20-018383,2020-01-29,2020-01-29,8-K,d875975d8k.htm,https://www.sec.gov/Archives/edgar/data/789019/000119312520018383/d875975d8k.htm,sec_edgar,2026-05-21 20:10:15.287537+00:00
NVDA,0001045810,0001045810-26-000052,2026-05-20,2026-04-26,10-Q,nvda-20260426.htm,https://www.sec.gov/Archives/edgar/data/1045810/000104581026000052/nvda-20260426.htm,sec_edgar,2026-05-21 20:10:17.229851+00:00
NVDA,0001045810,0001045810-26-000051,2026-05-20,2026-05-20,8-K,nvda-20260520.htm,https://www.sec.gov/Archives/edgar/data/1045810/000104581026000051/nvda-20260520.htm,sec_edgar,2026-05-21 20:10:17.229855+00:00
NVDA,0001045810,0001045810-26-000028,2026-05-08,2026-05-07,8-K,nvda-20260507.htm,https://www.sec.gov/Archives/edgar/data/1045810/000104581026000028/nvda-20260507.htm,sec_edgar,2026-05-21 20:10:17.229864+00:00
NVDA,0001045810,0001045810-26-000026,2026-04-27,2026-04-24,8-K,nvda-20260424.htm,https://www.sec.gov/Archives/edgar/data/1045810/000104581026000026/nvda-20260424.htm,sec_edgar,2026-05-21 20:10:17.229866+00:00
NVDA,0001045810,0001045810-26-000024,2026-03-06,2026-03-02,8-K,nvda-20260302.htm,https://www.sec.gov/Archives/edgar/data/1045810/000104581026000024/nvda-20260302.htm,sec_edgar,2026-05-21 20:10:17.229891+00:00
NVDA,0001045810,0001045810-26-000021,2026-02-25,2026-01-25,10-K,nvda-20260125.htm,https://www.sec.gov/Archives/edgar/data/1045810/000104581026000021/nvda-20260125.htm,sec_edgar,2026-05-21 20:10:17.229896+00:00
NVDA,0001045810,0001045810-26-000019,2026-02-25,2026-02-25,8-K,nvda-20260225.htm,https://www.sec.gov/Archives/edgar/data/1045810/000104581026000019/nvda-20260225.htm,sec_edgar,2026-05-21 20:10:17.229897+00:00
NVDA,0001045810,0001045810-26-000003,2026-01-23,2026-01-20,8-K,nvda-20260120.htm,https://www.sec.gov/Archives/edgar/data/1045810/000104581026000003/nvda-20260120.htm,sec_edgar,2026-05-21 20:10:17.229905+00:00
NVDA,0001045810,0001045810-25-000230,2025-11-19,2025-10-26,10-Q,nvda-20251026.htm,https://www.sec.gov/Archives/edgar/data/1045810/000104581025000230/nvda-20251026.htm,sec_edgar,2026-05-21 20:10:17.229935+00:00
NVDA,0001045810,0001045810-25-000228,2025-11-19,2025-11-19,8-K,nvda-20251119.htm,https://www.sec.gov/Archives/edgar/data/1045810/000104581025000228/nvda-20251119.htm,sec_edgar,2026-05-21 20:10:17.229936+00:00
NVDA,0001045810,0001045810-25-000209,2025-08-27,2025-07-27,10-Q,nvda-20250727.htm,https://www.sec.gov/Archives/edgar/data/1045810/000104581025000209/nvda-20250727.htm,sec_edgar,2026-05-21 20:10:17.230022+00:00
NVDA,0001045810,0001045810-25-000207,2025-08-27,2025-08-27,8-K,nvda-20250827.htm,https://www.sec.gov/Archives/edgar/data/1045810/000104581025000207/nvda-20250827.htm,sec_edgar,2026-05-21 20:10:17.230023+00:00
NVDA,0001045810,0001045810-25-000197,2025-08-05,2025-07-31,8-K,nvda-20250731.htm,https://www.sec.gov/Archives/edgar/data/1045810/000104581025000197/nvda-20250731.htm,sec_edgar,2026-05-21 20:10:17.230039+00:00
NVDA,0001045810,0001045810-25-000179,2025-07-01,2025-06-25,8-K,nvda-20250625.htm,https://www.sec.gov/Archives/edgar/data/1045810/000104581025000179/nvda-20250625.htm,sec_edgar,2026-05-21 20:10:17.230085+00:00
NVDA,0001045810,0001045810-25-000116,2025-05-28,2025-04-27,10-Q,nvda-20250427.htm,https://www.sec.gov/Archives/edgar/data/1045810/000104581025000116/nvda-20250427.htm,sec_edgar,2026-05-21 20:10:17.230136+00:00
NVDA,0001045810,0001045810-25-000115,2025-05-28,2025-05-28,8-K,nvda-20250528.htm,https://www.sec.gov/Archives/edgar/data/1045810/000104581025000115/nvda-20250528.htm,sec_edgar,2026-05-21 20:10:17.230137+00:00
NVDA,0001045810,0001045810-25-000082,2025-04-15,2025-04-09,8-K,nvda-20250409.htm,https://www.sec.gov/Archives/edgar/data/1045810/000104581025000082/nvda-20250409.htm,sec_edgar,2026-05-21 20:10:17.230146+00:00
NVDA,0001045810,0001045810-25-000039,2025-03-07,2025-03-03,8-K,nvda-20250303.htm,https://www.sec.gov/Archives/edgar/data/1045810/000104581025000039/nvda-20250303.htm,sec_edgar,2026-05-21 20:10:17.230173+00:00
NVDA,0001045810,0001045810-25-000023,2025-02-26,2025-01-26,10-K,nvda-20250126.htm,https://www.sec.gov/Archives/edgar/data/1045810/000104581025000023/nvda-20250126.htm,sec_edgar,2026-05-21 20:10:17.230180+00:00
NVDA,0001045810,0001045810-25-000021,2025-02-26,2025-02-26,8-K,nvda-20250226.htm,https://www.sec.gov/Archives/edgar/data/1045810/000104581025000021/nvda-20250226.htm,sec_edgar,2026-05-21 20:10:17.230181+00:00
NVDA,0001045810,0001045810-25-000007,2025-01-17,2025-01-13,8-K,nvda-20250113.htm,https://www.sec.gov/Archives/edgar/data/1045810/000104581025000007/nvda-20250113.htm,sec_edgar,2026-05-21 20:10:17.230184+00:00
NVDA,0001045810,0001045810-24-000316,2024-11-20,2024-10-27,10-Q,nvda-20241027.htm,https://www.sec.gov/Archives/edgar/data/1045810/000104581024000316/nvda-20241027.htm,sec_edgar,2026-05-21 20:10:17.230205+00:00
NVDA,0001045810,0001045810-24-000315,2024-11-20,2024-11-20,8-K,nvda-20241120.htm,https://www.sec.gov/Archives/edgar/data/1045810/000104581024000315/nvda-20241120.htm,sec_edgar,2026-05-21 20:10:17.230206+00:00
NVDA,0001045810,0001045810-24-000300,2024-11-07,2024-11-07,8-K,nvda-20241107.htm,https://www.sec.gov/Archives/edgar/data/1045810/000104581024000300/nvda-20241107.htm,sec_edgar,2026-05-21 20:10:17.230210+00:00
NVDA,0001045810,0001045810-24-000264,2024-08-28,2024-07-28,10-Q,nvda-20240728.htm,https://www.sec.gov/Archives/edgar/data/1045810/000104581024000264/nvda-20240728.htm,sec_edgar,2026-05-21 20:10:17.230243+00:00
NVDA,0001045810,0001045810-24-000262,2024-08-28,2024-08-28,8-K,nvda-20240828.htm,https://www.sec.gov/Archives/edgar/data/1045810/000104581024000262/nvda-20240828.htm,sec_edgar,2026-05-21 20:10:17.230244+00:00
NVDA,0001045810,0001045810-24-000206,2024-07-02,2024-06-26,8-K,nvda-20240626.htm,https://www.sec.gov/Archives/edgar/data/1045810/000104581024000206/nvda-20240626.htm,sec_edgar,2026-05-21 20:10:17.230294+00:00
NVDA,0001045810,0001045810-24-000144,2024-06-07,2024-06-07,8-K,nvda-20240607.htm,https://www.sec.gov/Archives/edgar/data/1045810/000104581024000144/nvda-20240607.htm,sec_edgar,2026-05-21 20:10:17.230346+00:00
NVDA,0001045810,0001045810-24-000124,2024-05-29,2024-04-28,10-Q,nvda-20240428.htm,https://www.sec.gov/Archives/edgar/data/1045810/000104581024000124/nvda-20240428.htm,sec_edgar,2026-05-21 20:10:17.230369+00:00
NVDA,0001045810,0001045810-24-000113,2024-05-22,2024-05-22,8-K,nvda-20240522.htm,https://www.sec.gov/Archives/edgar/data/1045810/000104581024000113/nvda-20240522.htm,sec_edgar,2026-05-21 20:10:17.230384+00:00
NVDA,0001045810,0001045810-24-000069,2024-03-14,2024-03-08,8-K,nvda-20240308.htm,https://www.sec.gov/Archives/edgar/data/1045810/000104581024000069/nvda-20240308.htm,sec_edgar,2026-05-21 20:10:17.230404+00:00
NVDA,0001045810,0001045810-24-000029,2024-02-21,2024-01-28,10-K,nvda-20240128.htm,https://www.sec.gov/Archives/edgar/data/1045810/000104581024000029/nvda-20240128.htm,sec_edgar,2026-05-21 20:10:17.230427+00:00
NVDA,0001045810,0001045810-24-000028,2024-02-21,2024-02-21,8-K,nvda-20240221.htm,https://www.sec.gov/Archives/edgar/data/1045810/000104581024000028/nvda-20240221.htm,sec_edgar,2026-05-21 20:10:17.230429+00:00
NVDA,0001045810,0001045810-23-000227,2023-11-21,2023-10-29,10-Q,nvda-20231029.htm,https://www.sec.gov/Archives/edgar/data/1045810/000104581023000227/nvda-20231029.htm,sec_edgar,2026-05-21 20:10:17.230481+00:00
NVDA,0001045810,0001045810-23-000225,2023-11-21,2023-11-21,8-K,nvda-20231121.htm,https://www.sec.gov/Archives/edgar/data/1045810/000104581023000225/nvda-20231121.htm,sec_edgar,2026-05-21 20:10:17.230483+00:00
NVDA,0001045810,0001045810-23-000221,2023-10-24,2023-10-23,8-K,nvda-20231023.htm,https://www.sec.gov/Archives/edgar/data/1045810/000104581023000221/nvda-20231023.htm,sec_edgar,2026-05-21 20:10:17.230484+00:00
NVDA,0001045810,0001045810-23-000217,2023-10-17,2023-10-17,8-K,nvda-20231017.htm,https://www.sec.gov/Archives/edgar/data/1045810/000104581023000217/nvda-20231017.htm,sec_edgar,2026-05-21 20:10:17.230485+00:00
NVDA,0001045810,0001045810-23-000175,2023-08-28,2023-07-30,10-Q,nvda-20230730.htm,https://www.sec.gov/Archives/edgar/data/1045810/000104581023000175/nvda-20230730.htm,sec_edgar,2026-05-21 20:10:17.230507+00:00
NVDA,0001045810,0001045810-23-000171,2023-08-23,2023-08-23,8-K,nvda-20230823.htm,https://www.sec.gov/Archives/edgar/data/1045810/000104581023000171/nvda-20230823.htm,sec_edgar,2026-05-21 20:10:17.230508+00:00
NVDA,0001045810,0001045810-23-000164,2023-07-24,2023-07-24,8-K,nvda-20230724.htm,https://www.sec.gov/Archives/edgar/data/1045810/000104581023000164/nvda-20230724.htm,sec_edgar,2026-05-21 20:10:17.230511+00:00
NVDA,0001045810,0001045810-23-000146,2023-06-27,2023-06-22,8-K,nvda-20230622.htm,https://www.sec.gov/Archives/edgar/data/1045810/000104581023000146/nvda-20230622.htm,sec_edgar,2026-05-21 20:10:17.230526+00:00
NVDA,0001045810,0001045810-23-000093,2023-05-26,2023-04-30,10-Q,nvda-20230430.htm,https://www.sec.gov/Archives/edgar/data/1045810/000104581023000093/nvda-20230430.htm,sec_edgar,2026-05-21 20:10:17.230560+00:00
NVDA,0001045810,0001045810-23-000087,2023-05-24,2023-05-24,8-K,nvda-20230524.htm,https://www.sec.gov/Archives/edgar/data/1045810/000104581023000087/nvda-20230524.htm,sec_edgar,2026-05-21 20:10:17.230563+00:00
NVDA,0001045810,0001045810-23-000039,2023-03-08,2023-03-02,8-K,nvda-20230302.htm,https://www.sec.gov/Archives/edgar/data/1045810/000104581023000039/nvda-20230302.htm,sec_edgar,2026-05-21 20:10:17.230585+00:00
NVDA,0001045810,0001045810-23-000017,2023-02-24,2023-01-29,10-K,nvda-20230129.htm,https://www.sec.gov/Archives/edgar/data/1045810/000104581023000017/nvda-20230129.htm,sec_edgar,2026-05-21 20:10:17.230596+00:00
NVDA,0001045810,0001045810-23-000014,2023-02-22,2023-02-22,8-K,nvda-20230222.htm,https://www.sec.gov/Archives/edgar/data/1045810/000104581023000014/nvda-20230222.htm,sec_edgar,2026-05-21 20:10:17.230597+00:00
NVDA,0001045810,0001045810-22-000166,2022-11-18,2022-10-30,10-Q,nvda-20221030.htm,https://www.sec.gov/Archives/edgar/data/1045810/000104581022000166/nvda-20221030.htm,sec_edgar,2026-05-21 20:10:17.230619+00:00
NVDA,0001045810,0001045810-22-000163,2022-11-16,2022-11-16,8-K,nvda-20221116.htm,https://www.sec.gov/Archives/edgar/data/1045810/000104581022000163/nvda-20221116.htm,sec_edgar,2026-05-21 20:10:17.230620+00:00
NVDA,0001045810,0001045810-22-000151,2022-09-01,2022-08-31,8-K,nvda-20220831.htm,https://www.sec.gov/Archives/edgar/data/1045810/000104581022000151/nvda-20220831.htm,sec_edgar,2026-05-21 20:10:17.230635+00:00
NVDA,0001045810,0001045810-22-000147,2022-08-31,2022-07-31,10-Q,nvda-20220731.htm,https://www.sec.gov/Archives/edgar/data/1045810/000104581022000147/nvda-20220731.htm,sec_edgar,2026-05-21 20:10:17.230637+00:00
NVDA,0001045810,0001045810-22-000146,2022-08-31,2022-08-26,8-K,nvda-20220826.htm,https://www.sec.gov/Archives/edgar/data/1045810/000104581022000146/nvda-20220826.htm,sec_edgar,2026-05-21 20:10:17.230638+00:00
NVDA,0001045810,0001045810-22-000136,2022-08-24,2022-08-24,8-K,nvda-20220824.htm,https://www.sec.gov/Archives/edgar/data/1045810/000104581022000136/nvda-20220824.htm,sec_edgar,2026-05-21 20:10:17.230639+00:00
NVDA,0001045810,0001045810-22-000133,2022-08-08,2022-08-08,8-K,nvda-20220808.htm,https://www.sec.gov/Archives/edgar/data/1045810/000104581022000133/nvda-20220808.htm,sec_edgar,2026-05-21 20:10:17.230640+00:00
NVDA,0001045810,0001045810-22-000088,2022-06-06,2022-06-02,8-K,nvda-20220602.htm,https://www.sec.gov/Archives/edgar/data/1045810/000104581022000088/nvda-20220602.htm,sec_edgar,2026-05-21 20:10:17.230662+00:00
NVDA,0001045810,0001045810-22-000079,2022-05-27,2022-05-01,10-Q,nvda-20220501.htm,https://www.sec.gov/Archives/edgar/data/1045810/000104581022000079/nvda-20220501.htm,sec_edgar,2026-05-21 20:10:17.230666+00:00
NVDA,0001045810,0001045810-22-000073,2022-05-25,2022-05-25,8-K,nvda-20220525.htm,https://www.sec.gov/Archives/edgar/data/1045810/000104581022000073/nvda-20220525.htm,sec_edgar,2026-05-21 20:10:17.230667+00:00
NVDA,0001045810,0001045810-22-000036,2022-03-18,2022-01-30,10-K,nvda-20220130.htm,https://www.sec.gov/Archives/edgar/data/1045810/000104581022000036/nvda-20220130.htm,sec_edgar,2026-05-21 20:10:17.230680+00:00
NVDA,0001045810,0001045810-22-000023,2022-03-09,2022-03-03,8-K,nvda-20220303.htm,https://www.sec.gov/Archives/edgar/data/1045810/000104581022000023/nvda-20220303.htm,sec_edgar,2026-05-21 20:10:17.230684+00:00
NVDA,0001045810,0001045810-22-000008,2022-02-16,2022-02-16,8-K,nvda-20220216.htm,https://www.sec.gov/Archives/edgar/data/1045810/000104581022000008/nvda-20220216.htm,sec_edgar,2026-05-21 20:10:17.230693+00:00
NVDA,0001045810,0001045810-22-000005,2022-02-08,2022-02-08,8-K,nvda-20220208.htm,https://www.sec.gov/Archives/edgar/data/1045810/000104581022000005/nvda-20220208.htm,sec_edgar,2026-05-21 20:10:17.230696+00:00
NVDA,0001045810,0001045810-21-000163,2021-11-22,2021-10-31,10-Q,nvda-20211031.htm,https://www.sec.gov/Archives/edgar/data/1045810/000104581021000163/nvda-20211031.htm,sec_edgar,2026-05-21 20:10:17.230713+00:00
NVDA,0001045810,0001045810-21-000160,2021-11-17,2021-11-17,8-K,nvda-20211117.htm,https://www.sec.gov/Archives/edgar/data/1045810/000104581021000160/nvda-20211117.htm,sec_edgar,2026-05-21 20:10:17.230714+00:00
NVDA,0001045810,0001045810-21-000131,2021-08-20,2021-08-01,10-Q,nvda-20210801.htm,https://www.sec.gov/Archives/edgar/data/1045810/000104581021000131/nvda-20210801.htm,sec_edgar,2026-05-21 20:10:17.230732+00:00
NVDA,0001045810,0001045810-21-000128,2021-08-18,2021-08-18,8-K,nvda-20210818.htm,https://www.sec.gov/Archives/edgar/data/1045810/000104581021000128/nvda-20210818.htm,sec_edgar,2026-05-21 20:10:17.230733+00:00
NVDA,0001045810,0001045810-21-000117,2021-06-28,2021-06-28,8-K,nvda-20210628.htm,https://www.sec.gov/Archives/edgar/data/1045810/000104581021000117/nvda-20210628.htm,sec_edgar,2026-05-21 20:10:17.230738+00:00
NVDA,0001045810,0001193125-21-192149,2021-06-16,2021-06-14,8-K,d80739d8k.htm,https://www.sec.gov/Archives/edgar/data/1045810/000119312521192149/d80739d8k.htm,sec_edgar,2026-05-21 20:10:17.230749+00:00
NVDA,0001045810,0001045810-21-000075,2021-06-07,2021-06-03,8-K,nvda-20210603.htm,https://www.sec.gov/Archives/edgar/data/1045810/000104581021000075/nvda-20210603.htm,sec_edgar,2026-05-21 20:10:17.230766+00:00
NVDA,0001045810,0001045810-21-000064,2021-05-26,2021-05-02,10-Q,nvda-20210502.htm,https://www.sec.gov/Archives/edgar/data/1045810/000104581021000064/nvda-20210502.htm,sec_edgar,2026-05-21 20:10:17.230770+00:00
NVDA,0001045810,0001045810-21-000063,2021-05-26,2021-05-26,8-K,nvda-20210526.htm,https://www.sec.gov/Archives/edgar/data/1045810/000104581021000063/nvda-20210526.htm,sec_edgar,2026-05-21 20:10:17.230771+00:00
NVDA,0001045810,0001045810-21-000056,2021-05-21,2021-05-21,8-K,nvda-20210521.htm,https://www.sec.gov/Archives/edgar/data/1045810/000104581021000056/nvda-20210521.htm,sec_edgar,2026-05-21 20:10:17.230773+00:00
NVDA,0001045810,0001045810-21-000047,2021-04-12,2021-04-12,8-K,nvda-20210412.htm,https://www.sec.gov/Archives/edgar/data/1045810/000104581021000047/nvda-20210412.htm,sec_edgar,2026-05-21 20:10:17.230778+00:00
NVDA,0001045810,0001045810-21-000034,2021-03-19,2021-03-15,8-K,nvda-20210315.htm,https://www.sec.gov/Archives/edgar/data/1045810/000104581021000034/nvda-20210315.htm,sec_edgar,2026-05-21 20:10:17.230781+00:00
NVDA,0001045810,0001045810-21-000010,2021-02-26,2021-01-31,10-K,nvda-20210131.htm,https://www.sec.gov/Archives/edgar/data/1045810/000104581021000010/nvda-20210131.htm,sec_edgar,2026-05-21 20:10:17.230799+00:00
NVDA,0001045810,0001045810-21-000007,2021-02-24,2021-02-24,8-K,nvda-20210224.htm,https://www.sec.gov/Archives/edgar/data/1045810/000104581021000007/nvda-20210224.htm,sec_edgar,2026-05-21 20:10:17.230800+00:00
NVDA,0001045810,0001045810-20-000189,2020-11-18,2020-10-25,10-Q,nvda-20201025.htm,https://www.sec.gov/Archives/edgar/data/1045810/000104581020000189/nvda-20201025.htm,sec_edgar,2026-05-21 20:10:17.230820+00:00
NVDA,0001045810,0001045810-20-000187,2020-11-18,2020-11-18,8-K,nvda-20201118.htm,https://www.sec.gov/Archives/edgar/data/1045810/000104581020000187/nvda-20201118.htm,sec_edgar,2026-05-21 20:10:17.230821+00:00
NVDA,0001045810,0001045810-20-000181,2020-11-09,2020-11-09,8-K,nvda-20201109.htm,https://www.sec.gov/Archives/edgar/data/1045810/000104581020000181/nvda-20201109.htm,sec_edgar,2026-05-21 20:10:17.230823+00:00
NVDA,0001045810,0001193125-20-244601,2020-09-14,2020-09-13,8-K,d13958d8k.htm,https://www.sec.gov/Archives/edgar/data/1045810/000119312520244601/d13958d8k.htm,sec_edgar,2026-05-21 20:10:17.230837+00:00
NVDA,0001045810,0001045810-20-000147,2020-08-19,2020-07-26,10-Q,nvda-20200726.htm,https://www.sec.gov/Archives/edgar/data/1045810/000104581020000147/nvda-20200726.htm,sec_edgar,2026-05-21 20:10:17.230840+00:00
NVDA,0001045810,0001045810-20-000145,2020-08-19,2020-08-19,8-K,nvda-20200819.htm,https://www.sec.gov/Archives/edgar/data/1045810/000104581020000145/nvda-20200819.htm,sec_edgar,2026-05-21 20:10:17.230841+00:00
NVDA,0001045810,0001045810-20-000127,2020-07-13,2020-07-13,8-K,nvda-20200713.htm,https://www.sec.gov/Archives/edgar/data/1045810/000104581020000127/nvda-20200713.htm,sec_edgar,2026-05-21 20:10:17.230847+00:00
NVDA,0001045810,0001045810-20-000103,2020-06-15,2020-06-09,8-K,a8-k2020annualmeetingr.htm,https://www.sec.gov/Archives/edgar/data/1045810/000104581020000103/a8-k2020annualmeetingr.htm,sec_edgar,2026-05-21 20:10:17.230858+00:00
NVDA,0001045810,0001045810-20-000065,2020-05-21,2020-04-26,10-Q,nvda-20200426.htm,https://www.sec.gov/Archives/edgar/data/1045810/000104581020000065/nvda-20200426.htm,sec_edgar,2026-05-21 20:10:17.230878+00:00
NVDA,0001045810,0001045810-20-000063,2020-05-21,2020-05-21,8-K,nvda-20200521.htm,https://www.sec.gov/Archives/edgar/data/1045810/000104581020000063/nvda-20200521.htm,sec_edgar,2026-05-21 20:10:17.230879+00:00
NVDA,0001045810,0001045810-20-000052,2020-04-27,2020-04-27,8-K,form8-kmellanoxclosing.htm,https://www.sec.gov/Archives/edgar/data/1045810/000104581020000052/form8-kmellanoxclosing.htm,sec_edgar,2026-05-21 20:10:17.230882+00:00
NVDA,0001045810,0001045810-20-000048,2020-04-17,2020-04-16,8-K,mellanoxantitrustappro.htm,https://www.sec.gov/Archives/edgar/data/1045810/000104581020000048/mellanoxantitrustappro.htm,sec_edgar,2026-05-21 20:10:17.230884+00:00
NVDA,0001045810,0001193125-20-092939,2020-03-31,2020-03-26,8-K,d904626d8k.htm,https://www.sec.gov/Archives/edgar/data/1045810/000119312520092939/d904626d8k.htm,sec_edgar,2026-05-21 20:10:17.230889+00:00
ORCL,0001341439,0001193125-26-219708,2026-05-12,2026-05-06,8-K,d76569d8k.htm,https://www.sec.gov/Archives/edgar/data/1341439/000119312526219708/d76569d8k.htm,sec_edgar,2026-05-21 20:10:19.256733+00:00
ORCL,0001341439,0001193125-26-142939,2026-04-06,2026-04-01,8-K,d132760d8k.htm,https://www.sec.gov/Archives/edgar/data/1341439/000119312526142939/d132760d8k.htm,sec_edgar,2026-05-21 20:10:19.256745+00:00
ORCL,0001341439,0001193125-26-101045,2026-03-11,2026-02-28,10-Q,orcl-20260228.htm,https://www.sec.gov/Archives/edgar/data/1341439/000119312526101045/orcl-20260228.htm,sec_edgar,2026-05-21 20:10:19.256748+00:00
ORCL,0001341439,0001193125-26-100148,2026-03-10,2026-03-10,8-K,orcl-20260310.htm,https://www.sec.gov/Archives/edgar/data/1341439/000119312526100148/orcl-20260310.htm,sec_edgar,2026-05-21 20:10:19.256749+00:00
ORCL,0001341439,0001193125-26-039344,2026-02-05,2026-02-02,8-K,d63638d8k.htm,https://www.sec.gov/Archives/edgar/data/1341439/000119312526039344/d63638d8k.htm,sec_edgar,2026-05-21 20:10:19.256755+00:00
ORCL,0001341439,0001193125-26-037840,2026-02-04,2026-02-02,8-K,d23732d8k.htm,https://www.sec.gov/Archives/edgar/data/1341439/000119312526037840/d23732d8k.htm,sec_edgar,2026-05-21 20:10:19.256756+00:00
ORCL,0001341439,0001193125-26-009002,2026-01-09,2026-01-05,8-K,d34442d8k.htm,https://www.sec.gov/Archives/edgar/data/1341439/000119312526009002/d34442d8k.htm,sec_edgar,2026-05-21 20:10:19.256778+00:00
ORCL,0001341439,0001193125-25-315925,2025-12-11,2025-11-30,10-Q,orcl-20251130.htm,https://www.sec.gov/Archives/edgar/data/1341439/000119312525315925/orcl-20251130.htm,sec_edgar,2026-05-21 20:10:19.256786+00:00
ORCL,0001341439,0001193125-25-314207,2025-12-10,2025-12-10,8-K,orcl-20251210.htm,https://www.sec.gov/Archives/edgar/data/1341439/000119312525314207/orcl-20251210.htm,sec_edgar,2026-05-21 20:10:19.256787+00:00
ORCL,0001341439,0001193125-25-291441,2025-11-21,2025-11-18,8-K,d43173d8k.htm,https://www.sec.gov/Archives/edgar/data/1341439/000119312525291441/d43173d8k.htm,sec_edgar,2026-05-21 20:10:19.256789+00:00
ORCL,0001341439,0001193125-25-220445,2025-09-26,2025-09-26,8-K,d31817d8k.htm,https://www.sec.gov/Archives/edgar/data/1341439/000119312525220445/d31817d8k.htm,sec_edgar,2026-05-21 20:10:19.256819+00:00
ORCL,0001341439,0001193125-25-210089,2025-09-22,2025-09-18,8-K,d921500d8k.htm,https://www.sec.gov/Archives/edgar/data/1341439/000119312525210089/d921500d8k.htm,sec_edgar,2026-05-21 20:10:19.256831+00:00
ORCL,0001341439,0001193125-25-200095,2025-09-10,2025-08-31,10-Q,orcl-20250831.htm,https://www.sec.gov/Archives/edgar/data/1341439/000119312525200095/orcl-20250831.htm,sec_edgar,2026-05-21 20:10:19.256844+00:00
ORCL,0001341439,0001193125-25-199175,2025-09-09,2025-09-09,8-K,orcl-20250909.htm,https://www.sec.gov/Archives/edgar/data/1341439/000119312525199175/orcl-20250909.htm,sec_edgar,2026-05-21 20:10:19.256845+00:00
ORCL,0001341439,0001193125-25-152035,2025-06-30,2025-06-30,8-K,d136779d8k.htm,https://www.sec.gov/Archives/edgar/data/1341439/000119312525152035/d136779d8k.htm,sec_edgar,2026-05-21 20:10:19.256861+00:00
ORCL,0001341439,0000950170-25-087926,2025-06-18,2025-05-31,10-K,orcl-20250531.htm,https://www.sec.gov/Archives/edgar/data/1341439/000095017025087926/orcl-20250531.htm,sec_edgar,2026-05-21 20:10:19.256874+00:00
ORCL,0001341439,0000950170-25-084831,2025-06-11,2025-06-11,8-K,orcl-20250611.htm,https://www.sec.gov/Archives/edgar/data/1341439/000095017025084831/orcl-20250611.htm,sec_edgar,2026-05-21 20:10:19.256883+00:00
ORCL,0001341439,0000950170-25-037143,2025-03-11,2025-02-28,10-Q,orcl-20250228.htm,https://www.sec.gov/Archives/edgar/data/1341439/000095017025037143/orcl-20250228.htm,sec_edgar,2026-05-21 20:10:19.256911+00:00
ORCL,0001341439,0000950170-25-036295,2025-03-10,2025-03-10,8-K,orcl-20250310.htm,https://www.sec.gov/Archives/edgar/data/1341439/000095017025036295/orcl-20250310.htm,sec_edgar,2026-05-21 20:10:19.256912+00:00
ORCL,0001341439,0001193125-25-019281,2025-02-03,2025-02-03,8-K,d927919d8k.htm,https://www.sec.gov/Archives/edgar/data/1341439/000119312525019281/d927919d8k.htm,sec_edgar,2026-05-21 20:10:19.256915+00:00
ORCL,0001341439,0001193125-25-010390,2025-01-22,2025-01-21,8-K,d918243d8k.htm,https://www.sec.gov/Archives/edgar/data/1341439/000119312525010390/d918243d8k.htm,sec_edgar,2026-05-21 20:10:19.256926+00:00
ORCL,0001341439,0001193125-25-005333,2025-01-13,2025-01-08,8-K,d902043d8k.htm,https://www.sec.gov/Archives/edgar/data/1341439/000119312525005333/d902043d8k.htm,sec_edgar,2026-05-21 20:10:19.256928+00:00
ORCL,0001341439,0000950170-24-134973,2024-12-10,2024-11-30,10-Q,orcl-20241130.htm,https://www.sec.gov/Archives/edgar/data/1341439/000095017024134973/orcl-20241130.htm,sec_edgar,2026-05-21 20:10:19.256929+00:00
ORCL,0001341439,0000950170-24-134537,2024-12-09,2024-12-09,8-K,orcl-20241209.htm,https://www.sec.gov/Archives/edgar/data/1341439/000095017024134537/orcl-20241209.htm,sec_edgar,2026-05-21 20:10:19.256934+00:00
ORCL,0001341439,0001193125-24-260986,2024-11-18,2024-11-14,8-K,d38577d8k.htm,https://www.sec.gov/Archives/edgar/data/1341439/000119312524260986/d38577d8k.htm,sec_edgar,2026-05-21 20:10:19.256935+00:00
ORCL,0001341439,0001193125-24-227971,2024-09-27,2024-09-27,8-K,d832518d8k.htm,https://www.sec.gov/Archives/edgar/data/1341439/000119312524227971/d832518d8k.htm,sec_edgar,2026-05-21 20:10:19.256943+00:00
ORCL,0001341439,0000950170-24-104905,2024-09-10,2024-08-31,10-Q,orcl-20240831.htm,https://www.sec.gov/Archives/edgar/data/1341439/000095017024104905/orcl-20240831.htm,sec_edgar,2026-05-21 20:10:19.256959+00:00
ORCL,0001341439,0000950170-24-104753,2024-09-09,2024-09-09,8-K,orcl-20240909.htm,https://www.sec.gov/Archives/edgar/data/1341439/000095017024104753/orcl-20240909.htm,sec_edgar,2026-05-21 20:10:19.256960+00:00
ORCL,0001341439,0000950170-24-075605,2024-06-20,2024-05-31,10-K,orcl-20240531.htm,https://www.sec.gov/Archives/edgar/data/1341439/000095017024075605/orcl-20240531.htm,sec_edgar,2026-05-21 20:10:19.256987+00:00
ORCL,0001341439,0000950170-24-071916,2024-06-11,2024-06-11,8-K,orcl-20240611.htm,https://www.sec.gov/Archives/edgar/data/1341439/000095017024071916/orcl-20240611.htm,sec_edgar,2026-05-21 20:10:19.256990+00:00
ORCL,0001341439,0000950170-24-029904,2024-03-12,2024-02-29,10-Q,orcl-20240229.htm,https://www.sec.gov/Archives/edgar/data/1341439/000095017024029904/orcl-20240229.htm,sec_edgar,2026-05-21 20:10:19.257022+00:00
ORCL,0001341439,0000950170-24-029250,2024-03-11,2024-03-11,8-K,orcl-20240311.htm,https://www.sec.gov/Archives/edgar/data/1341439/000095017024029250/orcl-20240311.htm,sec_edgar,2026-05-21 20:10:19.257024+00:00
ORCL,0001341439,0000950170-23-069682,2023-12-12,2023-11-30,10-Q,orcl-20231130.htm,https://www.sec.gov/Archives/edgar/data/1341439/000095017023069682/orcl-20231130.htm,sec_edgar,2026-05-21 20:10:19.257034+00:00
ORCL,0001341439,0000950170-23-069410,2023-12-11,2023-12-11,8-K,orcl-20231211.htm,https://www.sec.gov/Archives/edgar/data/1341439/000095017023069410/orcl-20231211.htm,sec_edgar,2026-05-21 20:10:19.257036+00:00
ORCL,0001341439,0001193125-23-279837,2023-11-17,2023-11-15,8-K,d606391d8k.htm,https://www.sec.gov/Archives/edgar/data/1341439/000119312523279837/d606391d8k.htm,sec_edgar,2026-05-21 20:10:19.257039+00:00
ORCL,0001341439,0000950170-23-047713,2023-09-12,2023-08-31,10-Q,orcl-20230831.htm,https://www.sec.gov/Archives/edgar/data/1341439/000095017023047713/orcl-20230831.htm,sec_edgar,2026-05-21 20:10:19.257061+00:00
ORCL,0001341439,0000950170-23-047471,2023-09-11,2023-09-11,8-K,orcl-20230911.htm,https://www.sec.gov/Archives/edgar/data/1341439/000095017023047471/orcl-20230911.htm,sec_edgar,2026-05-21 20:10:19.257062+00:00
ORCL,0001341439,0000950170-23-028914,2023-06-20,2023-05-31,10-K,orcl-20230531.htm,https://www.sec.gov/Archives/edgar/data/1341439/000095017023028914/orcl-20230531.htm,sec_edgar,2026-05-21 20:10:19.257087+00:00
ORCL,0001341439,0000950170-23-027490,2023-06-12,2023-06-12,8-K,orcl-20230612.htm,https://www.sec.gov/Archives/edgar/data/1341439/000095017023027490/orcl-20230612.htm,sec_edgar,2026-05-21 20:10:19.257092+00:00
ORCL,0001341439,0001564590-23-003413,2023-03-10,2023-02-28,10-Q,orcl-10q_20230228.htm,https://www.sec.gov/Archives/edgar/data/1341439/000156459023003413/orcl-10q_20230228.htm,sec_edgar,2026-05-21 20:10:19.257116+00:00
ORCL,0001341439,0001564590-23-003362,2023-03-09,2023-03-09,8-K,orcl-8k_20230309.htm,https://www.sec.gov/Archives/edgar/data/1341439/000156459023003362/orcl-8k_20230309.htm,sec_edgar,2026-05-21 20:10:19.257117+00:00
ORCL,0001341439,0001193125-23-025644,2023-02-06,2023-02-06,8-K,d356350d8k.htm,https://www.sec.gov/Archives/edgar/data/1341439/000119312523025644/d356350d8k.htm,sec_edgar,2026-05-21 20:10:19.257121+00:00
ORCL,0001341439,0001564590-22-039278,2022-12-13,2022-11-30,10-Q,orcl-10q_20221130.htm,https://www.sec.gov/Archives/edgar/data/1341439/000156459022039278/orcl-10q_20221130.htm,sec_edgar,2026-05-21 20:10:19.257132+00:00
ORCL,0001341439,0001564590-22-039236,2022-12-12,2022-12-12,8-K,orcl-8k_20221212.htm,https://www.sec.gov/Archives/edgar/data/1341439/000156459022039236/orcl-8k_20221212.htm,sec_edgar,2026-05-21 20:10:19.257133+00:00
ORCL,0001341439,0001193125-22-288990,2022-11-18,2022-11-16,8-K,d420527d8k.htm,https://www.sec.gov/Archives/edgar/data/1341439/000119312522288990/d420527d8k.htm,sec_edgar,2026-05-21 20:10:19.257134+00:00
ORCL,0001341439,0001193125-22-281194,2022-11-09,2022-11-09,8-K,d404441d8k.htm,https://www.sec.gov/Archives/edgar/data/1341439/000119312522281194/d404441d8k.htm,sec_edgar,2026-05-21 20:10:19.257136+00:00
ORCL,0001341439,0001193125-22-259611,2022-10-07,2022-10-04,8-K,d401339d8k.htm,https://www.sec.gov/Archives/edgar/data/1341439/000119312522259611/d401339d8k.htm,sec_edgar,2026-05-21 20:10:19.257144+00:00
ORCL,0001341439,0001564590-22-031545,2022-09-13,2022-08-31,10-Q,orcl-10q_20220831.htm,https://www.sec.gov/Archives/edgar/data/1341439/000156459022031545/orcl-10q_20220831.htm,sec_edgar,2026-05-21 20:10:19.257151+00:00
ORCL,0001341439,0001564590-22-031466,2022-09-12,2022-09-12,8-K,orcl-8k_20220912.htm,https://www.sec.gov/Archives/edgar/data/1341439/000156459022031466/orcl-8k_20220912.htm,sec_edgar,2026-05-21 20:10:19.257152+00:00
ORCL,0001341439,0001193125-22-191296,2022-07-11,2022-07-08,8-K,d331231d8k.htm,https://www.sec.gov/Archives/edgar/data/1341439/000119312522191296/d331231d8k.htm,sec_edgar,2026-05-21 20:10:19.257159+00:00
ORCL,0001341439,0001193125-22-187252,2022-07-01,2022-06-27,8-K,d376795d8k.htm,https://www.sec.gov/Archives/edgar/data/1341439/000119312522187252/d376795d8k.htm,sec_edgar,2026-05-21 20:10:19.257160+00:00
ORCL,0001341439,0001564590-22-023675,2022-06-21,2022-05-31,10-K,orcl-10k_20220531.htm,https://www.sec.gov/Archives/edgar/data/1341439/000156459022023675/orcl-10k_20220531.htm,sec_edgar,2026-05-21 20:10:19.257170+00:00
ORCL,0001341439,0001564590-22-023099,2022-06-13,2022-06-13,8-K,orcl-8k_20220613.htm,https://www.sec.gov/Archives/edgar/data/1341439/000156459022023099/orcl-8k_20220613.htm,sec_edgar,2026-05-21 20:10:19.257171+00:00
ORCL,0001341439,0001193125-22-169835,2022-06-08,2022-06-08,8-K,d290344d8k.htm,https://www.sec.gov/Archives/edgar/data/1341439/000119312522169835/d290344d8k.htm,sec_edgar,2026-05-21 20:10:19.257172+00:00
ORCL,0001341439,0001193125-22-083447,2022-03-24,2022-03-22,8-K,d332961d8k.htm,https://www.sec.gov/Archives/edgar/data/1341439/000119312522083447/d332961d8k.htm,sec_edgar,2026-05-21 20:10:19.257196+00:00
ORCL,0001341439,0001564590-22-009859,2022-03-11,2022-02-28,10-Q,orcl-10q_20220228.htm,https://www.sec.gov/Archives/edgar/data/1341439/000156459022009859/orcl-10q_20220228.htm,sec_edgar,2026-05-21 20:10:19.257198+00:00
ORCL,0001341439,0001564590-22-009640,2022-03-10,2022-03-10,8-K,orcl-8k_20220310.htm,https://www.sec.gov/Archives/edgar/data/1341439/000156459022009640/orcl-8k_20220310.htm,sec_edgar,2026-05-21 20:10:19.257199+00:00
ORCL,0001341439,0001193125-21-363742,2021-12-21,2021-12-20,8-K,d235675d8k.htm,https://www.sec.gov/Archives/edgar/data/1341439/000119312521363742/d235675d8k.htm,sec_edgar,2026-05-21 20:10:19.257211+00:00
ORCL,0001341439,0001193125-21-362532,2021-12-20,2021-12-20,8-K,d276733d8k.htm,https://www.sec.gov/Archives/edgar/data/1341439/000119312521362532/d276733d8k.htm,sec_edgar,2026-05-21 20:10:19.257214+00:00
ORCL,0001341439,0001564590-21-060022,2021-12-10,2021-11-30,10-Q,orcl-10q_20211130.htm,https://www.sec.gov/Archives/edgar/data/1341439/000156459021060022/orcl-10q_20211130.htm,sec_edgar,2026-05-21 20:10:19.257216+00:00
ORCL,0001341439,0001564590-21-059893,2021-12-09,2021-12-09,8-K,orcl-8k_20211209.htm,https://www.sec.gov/Archives/edgar/data/1341439/000156459021059893/orcl-8k_20211209.htm,sec_edgar,2026-05-21 20:10:19.257218+00:00
ORCL,0001341439,0001193125-21-328116,2021-11-12,2021-11-10,8-K,d177330d8k.htm,https://www.sec.gov/Archives/edgar/data/1341439/000119312521328116/d177330d8k.htm,sec_edgar,2026-05-21 20:10:19.257219+00:00
ORCL,0001341439,0001564590-21-047772,2021-09-13,2021-08-31,10-Q,orcl-10q_20210831.htm,https://www.sec.gov/Archives/edgar/data/1341439/000156459021047772/orcl-10q_20210831.htm,sec_edgar,2026-05-21 20:10:19.257230+00:00
ORCL,0001341439,0001564590-21-047736,2021-09-13,2021-09-13,8-K,orcl-8k_20210913.htm,https://www.sec.gov/Archives/edgar/data/1341439/000156459021047736/orcl-8k_20210913.htm,sec_edgar,2026-05-21 20:10:19.257231+00:00
ORCL,0001341439,0001193125-21-259458,2021-08-27,2021-08-27,8-K,d224360d8k.htm,https://www.sec.gov/Archives/edgar/data/1341439/000119312521259458/d224360d8k.htm,sec_edgar,2026-05-21 20:10:19.257232+00:00
ORCL,0001341439,0001193125-21-209906,2021-07-07,2021-06-30,8-K,d145474d8k.htm,https://www.sec.gov/Archives/edgar/data/1341439/000119312521209906/d145474d8k.htm,sec_edgar,2026-05-21 20:10:19.257246+00:00
ORCL,0001341439,0001564590-21-033616,2021-06-21,2021-05-31,10-K,orcl-10k_20210531.htm,https://www.sec.gov/Archives/edgar/data/1341439/000156459021033616/orcl-10k_20210531.htm,sec_edgar,2026-05-21 20:10:19.257256+00:00
ORCL,0001341439,0001564590-21-032994,2021-06-15,2021-06-15,8-K,orcl-8k_20210615.htm,https://www.sec.gov/Archives/edgar/data/1341439/000156459021032994/orcl-8k_20210615.htm,sec_edgar,2026-05-21 20:10:19.257258+00:00
ORCL,0001341439,0001193125-21-092631,2021-03-24,2021-03-22,8-K,d165814d8k.htm,https://www.sec.gov/Archives/edgar/data/1341439/000119312521092631/d165814d8k.htm,sec_edgar,2026-05-21 20:10:19.257282+00:00
ORCL,0001341439,0001564590-21-012539,2021-03-11,2021-02-28,10-Q,orcl-10q_20210228.htm,https://www.sec.gov/Archives/edgar/data/1341439/000156459021012539/orcl-10q_20210228.htm,sec_edgar,2026-05-21 20:10:19.257291+00:00
ORCL,0001341439,0001564590-21-012058,2021-03-10,2021-03-10,8-K,orcl-8k_20210310.htm,https://www.sec.gov/Archives/edgar/data/1341439/000156459021012058/orcl-8k_20210310.htm,sec_edgar,2026-05-21 20:10:19.257292+00:00
ORCL,0001341439,0001564590-20-056896,2020-12-11,2020-11-30,10-Q,orcl-10q_20201130.htm,https://www.sec.gov/Archives/edgar/data/1341439/000156459020056896/orcl-10q_20201130.htm,sec_edgar,2026-05-21 20:10:19.257302+00:00
ORCL,0001341439,0001564590-20-056722,2020-12-10,2020-12-10,8-K,orcl-8k_20201210.htm,https://www.sec.gov/Archives/edgar/data/1341439/000156459020056722/orcl-8k_20201210.htm,sec_edgar,2026-05-21 20:10:19.257304+00:00
ORCL,0001341439,0001193125-20-288009,2020-11-06,2020-11-04,8-K,d58112d8k.htm,https://www.sec.gov/Archives/edgar/data/1341439/000119312520288009/d58112d8k.htm,sec_edgar,2026-05-21 20:10:19.257305+00:00
ORCL,0001341439,0001564590-20-043448,2020-09-15,2020-08-31,10-Q,orcl-10q_20200831.htm,https://www.sec.gov/Archives/edgar/data/1341439/000156459020043448/orcl-10q_20200831.htm,sec_edgar,2026-05-21 20:10:19.257317+00:00
ORCL,0001341439,0001564590-20-043143,2020-09-10,2020-09-10,8-K,orcl-8k_20200910.htm,https://www.sec.gov/Archives/edgar/data/1341439/000156459020043143/orcl-8k_20200910.htm,sec_edgar,2026-05-21 20:10:19.257319+00:00
ORCL,0001341439,0001193125-20-227084,2020-08-21,2020-08-21,8-K,d31885d8k.htm,https://www.sec.gov/Archives/edgar/data/1341439/000119312520227084/d31885d8k.htm,sec_edgar,2026-05-21 20:10:19.257320+00:00
ORCL,0001341439,0001564590-20-030125,2020-06-22,2020-05-31,10-K,orcl-10k_20200531.htm,https://www.sec.gov/Archives/edgar/data/1341439/000156459020030125/orcl-10k_20200531.htm,sec_edgar,2026-05-21 20:10:19.257342+00:00
ORCL,0001341439,0001564590-20-029533,2020-06-16,2020-06-16,8-K,orcl-8k_20200616.htm,https://www.sec.gov/Archives/edgar/data/1341439/000156459020029533/orcl-8k_20200616.htm,sec_edgar,2026-05-21 20:10:19.257343+00:00
ORCL,0001341439,0001193125-20-094641,2020-04-01,2020-03-30,8-K,d905931d8k.htm,https://www.sec.gov/Archives/edgar/data/1341439/000119312520094641/d905931d8k.htm,sec_edgar,2026-05-21 20:10:19.257359+00:00
ORCL,0001341439,0001564590-20-010833,2020-03-13,2020-02-29,10-Q,orcl-10q_20200229.htm,https://www.sec.gov/Archives/edgar/data/1341439/000156459020010833/orcl-10q_20200229.htm,sec_edgar,2026-05-21 20:10:19.257367+00:00
ORCL,0001341439,0001564590-20-010464,2020-03-12,2020-03-12,8-K,orcl-8k_20200312.htm,https://www.sec.gov/Archives/edgar/data/1341439/000156459020010464/orcl-8k_20200312.htm,sec_edgar,2026-05-21 20:10:19.257368+00:00
ORCL,0001341439,0001564590-19-045966,2019-12-13,2019-11-30,10-Q,orcl-10q_20191130.htm,https://www.sec.gov/Archives/edgar/data/1341439/000156459019045966/orcl-10q_20191130.htm,sec_edgar,2026-05-21 20:10:19.257376+00:00
ORCL,0001341439,0001564590-19-045836,2019-12-12,2019-12-12,8-K,orcl-8k_20191212.htm,https://www.sec.gov/Archives/edgar/data/1341439/000156459019045836/orcl-8k_20191212.htm,sec_edgar,2026-05-21 20:10:19.257376+00:00
ORCL,0001341439,0001193125-19-309214,2019-12-09,2019-12-09,8-K,d688356d8k.htm,https://www.sec.gov/Archives/edgar/data/1341439/000119312519309214/d688356d8k.htm,sec_edgar,2026-05-21 20:10:19.257380+00:00
ORCL,0001341439,0001193125-19-298638,2019-11-22,2019-11-19,8-K,d841163d8k.htm,https://www.sec.gov/Archives/edgar/data/1341439/000119312519298638/d841163d8k.htm,sec_edgar,2026-05-21 20:10:19.257381+00:00
ORCL,0001341439,0001193125-19-269943,2019-10-18,2019-10-18,8-K,d823419d8k.htm,https://www.sec.gov/Archives/edgar/data/1341439/000119312519269943/d823419d8k.htm,sec_edgar,2026-05-21 20:10:19.257387+00:00
ORCL,0001341439,0001564590-19-034717,2019-09-13,2019-08-31,10-Q,orcl-10q_20190831.htm,https://www.sec.gov/Archives/edgar/data/1341439/000156459019034717/orcl-10q_20190831.htm,sec_edgar,2026-05-21 20:10:19.257395+00:00
ORCL,0001341439,0001564590-19-034522,2019-09-11,2019-09-11,8-K,orcl-8k_20190911.htm,https://www.sec.gov/Archives/edgar/data/1341439/000156459019034522/orcl-8k_20190911.htm,sec_edgar,2026-05-21 20:10:19.257396+00:00
ORCL,0001341439,0001193125-19-208925,2019-07-31,2019-07-31,8-K,d795975d8k.htm,https://www.sec.gov/Archives/edgar/data/1341439/000119312519208925/d795975d8k.htm,sec_edgar,2026-05-21 20:10:19.257404+00:00
ORCL,0001341439,0001193125-19-191922,2019-07-10,2019-07-03,8-K,d776427d8k.htm,https://www.sec.gov/Archives/edgar/data/1341439/000119312519191922/d776427d8k.htm,sec_edgar,2026-05-21 20:10:19.257409+00:00
ORCL,0001341439,0001564590-19-023119,2019-06-21,2019-05-31,10-K,orcl-10k_20190531.htm,https://www.sec.gov/Archives/edgar/data/1341439/000156459019023119/orcl-10k_20190531.htm,sec_edgar,2026-05-21 20:10:19.257423+00:00
ORCL,0001341439,0001564590-19-022864,2019-06-19,2019-06-19,8-K,orcl-8k_20190619.htm,https://www.sec.gov/Archives/edgar/data/1341439/000156459019022864/orcl-8k_20190619.htm,sec_edgar,2026-05-21 20:10:19.257424+00:00
ORCL,0001341439,0001564590-19-008273,2019-03-18,2019-02-28,10-Q,orcl-10q_20190228.htm,https://www.sec.gov/Archives/edgar/data/1341439/000156459019008273/orcl-10q_20190228.htm,sec_edgar,2026-05-21 20:10:19.257449+00:00
ORCL,0001341439,0001564590-19-007818,2019-03-14,2019-03-14,8-K,orcl-8k_20190314.htm,https://www.sec.gov/Archives/edgar/data/1341439/000156459019007818/orcl-8k_20190314.htm,sec_edgar,2026-05-21 20:10:19.257451+00:00
ORCL,0001341439,0001193125-19-042553,2019-02-15,2019-02-12,8-K,d705045d8k.htm,https://www.sec.gov/Archives/edgar/data/1341439/000119312519042553/d705045d8k.htm,sec_edgar,2026-05-21 20:10:19.257453+00:00
ORCL,0001341439,0001564590-18-031113,2018-12-19,2018-11-30,10-Q,orcl-10q_20181130.htm,https://www.sec.gov/Archives/edgar/data/1341439/000156459018031113/orcl-10q_20181130.htm,sec_edgar,2026-05-21 20:10:19.257463+00:00
ORCL,0001341439,0001564590-18-030992,2018-12-17,2018-12-17,8-K,orcl-8k_20181130.htm,https://www.sec.gov/Archives/edgar/data/1341439/000156459018030992/orcl-8k_20181130.htm,sec_edgar,2026-05-21 20:10:19.257466+00:00
ORCL,0001341439,0001193125-18-329009,2018-11-16,2018-11-14,8-K,d657217d8k.htm,https://www.sec.gov/Archives/edgar/data/1341439/000119312518329009/d657217d8k.htm,sec_edgar,2026-05-21 20:10:19.257469+00:00
ORCL,0001341439,0001193125-18-287698,2018-09-28,2018-09-28,8-K,d625872d8k.htm,https://www.sec.gov/Archives/edgar/data/1341439/000119312518287698/d625872d8k.htm,sec_edgar,2026-05-21 20:10:19.257474+00:00
ORCL,0001341439,0001564590-18-023315,2018-09-19,2018-08-31,10-Q,orcl-10q_20180831.htm,https://www.sec.gov/Archives/edgar/data/1341439/000156459018023315/orcl-10q_20180831.htm,sec_edgar,2026-05-21 20:10:19.257478+00:00
ORCL,0001341439,0001564590-18-023209,2018-09-17,2018-09-17,8-K,orcl-8k_20180917.htm,https://www.sec.gov/Archives/edgar/data/1341439/000156459018023209/orcl-8k_20180917.htm,sec_edgar,2026-05-21 20:10:19.257480+00:00
ORCL,0001341439,0001193125-18-231625,2018-07-30,2018-07-30,8-K,d589516d8k.htm,https://www.sec.gov/Archives/edgar/data/1341439/000119312518231625/d589516d8k.htm,sec_edgar,2026-05-21 20:10:19.257490+00:00
ORCL,0001341439,0001193125-18-201034,2018-06-22,2018-05-31,10-K,d568983d10k.htm,https://www.sec.gov/Archives/edgar/data/1341439/000119312518201034/d568983d10k.htm,sec_edgar,2026-05-21 20:10:19.257507+00:00
ORCL,0001341439,0001564590-18-015818,2018-06-19,2018-06-19,8-K,orcl-8k_20180619.htm,https://www.sec.gov/Archives/edgar/data/1341439/000156459018015818/orcl-8k_20180619.htm,sec_edgar,2026-05-21 20:10:19.257508+00:00
ORCL,0001341439,0001193125-18-160979,2018-05-11,2018-05-09,8-K,d585930d8k.htm,https://www.sec.gov/Archives/edgar/data/1341439/000119312518160979/d585930d8k.htm,sec_edgar,2026-05-21 20:10:19.257525+00:00
ORCL,0001341439,0001193125-18-090646,2018-03-21,2018-02-28,10-Q,d548579d10q.htm,https://www.sec.gov/Archives/edgar/data/1341439/000119312518090646/d548579d10q.htm,sec_edgar,2026-05-21 20:10:19.257535+00:00
ORCL,0001341439,0001564590-18-006208,2018-03-19,2018-03-19,8-K,orcl-8k_20180319.htm,https://www.sec.gov/Archives/edgar/data/1341439/000156459018006208/orcl-8k_20180319.htm,sec_edgar,2026-05-21 20:10:19.257536+00:00
ORCL,0001341439,0001193125-18-030760,2018-02-02,2018-02-01,8-K,d506494d8k.htm,https://www.sec.gov/Archives/edgar/data/1341439/000119312518030760/d506494d8k.htm,sec_edgar,2026-05-21 20:10:19.257542+00:00
ORCL,0001341439,0001193125-17-372232,2017-12-18,2017-11-30,10-Q,d510241d10q.htm,https://www.sec.gov/Archives/edgar/data/1341439/000119312517372232/d510241d10q.htm,sec_edgar,2026-05-21 20:10:19.257555+00:00
ORCL,0001341439,0001193125-17-369491,2017-12-14,2017-12-14,8-K,d506986d8k.htm,https://www.sec.gov/Archives/edgar/data/1341439/000119312517369491/d506986d8k.htm,sec_edgar,2026-05-21 20:10:19.257557+00:00
ORCL,0001341439,0001193125-17-347046,2017-11-17,2017-11-15,8-K,d455628d8k.htm,https://www.sec.gov/Archives/edgar/data/1341439/000119312517347046/d455628d8k.htm,sec_edgar,2026-05-21 20:10:19.257559+00:00
ORCL,0001341439,0001193125-17-338832,2017-11-09,2017-11-09,8-K,d491112d8k.htm,https://www.sec.gov/Archives/edgar/data/1341439/000119312517338832/d491112d8k.htm,sec_edgar,2026-05-21 20:10:19.257561+00:00
ORCL,0001341439,0001193125-17-287455,2017-09-18,2017-08-31,10-Q,d407367d10q.htm,https://www.sec.gov/Archives/edgar/data/1341439/000119312517287455/d407367d10q.htm,sec_edgar,2026-05-21 20:10:19.257583+00:00
ORCL,0001341439,0001193125-17-285108,2017-09-14,2017-09-14,8-K,d379846d8k.htm,https://www.sec.gov/Archives/edgar/data/1341439/000119312517285108/d379846d8k.htm,sec_edgar,2026-05-21 20:10:19.257585+00:00
ORCL,0001341439,0001193125-17-276868,2017-09-05,2017-09-05,8-K,d449795d8k.htm,https://www.sec.gov/Archives/edgar/data/1341439/000119312517276868/d449795d8k.htm,sec_edgar,2026-05-21 20:10:19.257586+00:00
ORCL,0001341439,0001193125-17-240675,2017-07-28,2017-07-27,8-K,d432259d8k.htm,https://www.sec.gov/Archives/edgar/data/1341439/000119312517240675/d432259d8k.htm,sec_edgar,2026-05-21 20:10:19.257594+00:00
ORCL,0001341439,0001193125-17-214833,2017-06-27,2017-05-31,10-K,d385998d10k.htm,https://www.sec.gov/Archives/edgar/data/1341439/000119312517214833/d385998d10k.htm,sec_edgar,2026-05-21 20:10:19.257609+00:00
ORCL,0001341439,0001193125-17-209415,2017-06-21,2017-06-21,8-K,d383506d8k.htm,https://www.sec.gov/Archives/edgar/data/1341439/000119312517209415/d383506d8k.htm,sec_edgar,2026-05-21 20:10:19.257612+00:00
ORCL,0001341439,0001193125-17-087309,2017-03-17,2017-02-28,10-Q,d353998d10q.htm,https://www.sec.gov/Archives/edgar/data/1341439/000119312517087309/d353998d10q.htm,sec_edgar,2026-05-21 20:10:19.257644+00:00
ORCL,0001341439,0001193125-17-083638,2017-03-15,2017-03-15,8-K,d350212d8k.htm,https://www.sec.gov/Archives/edgar/data/1341439/000119312517083638/d350212d8k.htm,sec_edgar,2026-05-21 20:10:19.257648+00:00
ORCL,0001341439,0001193125-16-797253,2016-12-19,2016-11-30,10-Q,d289857d10q.htm,https://www.sec.gov/Archives/edgar/data/1341439/000119312516797253/d289857d10q.htm,sec_edgar,2026-05-21 20:10:19.257660+00:00
ORCL,0001341439,0001193125-16-794455,2016-12-15,2016-12-15,8-K,d309371d8k.htm,https://www.sec.gov/Archives/edgar/data/1341439/000119312516794455/d309371d8k.htm,sec_edgar,2026-05-21 20:10:19.257662+00:00
ORCL,0001341439,0001193125-16-775079,2016-11-22,2016-11-16,8-K,d298612d8k.htm,https://www.sec.gov/Archives/edgar/data/1341439/000119312516775079/d298612d8k.htm,sec_edgar,2026-05-21 20:10:19.257663+00:00
ORCL,0001341439,0001193125-16-713596,2016-09-19,2016-08-31,10-Q,d252702d10q.htm,https://www.sec.gov/Archives/edgar/data/1341439/000119312516713596/d252702d10q.htm,sec_edgar,2026-05-21 20:10:19.257685+00:00
ORCL,0001341439,0001193125-16-710982,2016-09-15,2016-09-15,8-K,d239177d8k.htm,https://www.sec.gov/Archives/edgar/data/1341439/000119312516710982/d239177d8k.htm,sec_edgar,2026-05-21 20:10:19.257687+00:00
ORCL,0001341439,0001193125-16-702358,2016-09-07,2016-09-07,8-K,d246757d8k.htm,https://www.sec.gov/Archives/edgar/data/1341439/000119312516702358/d246757d8k.htm,sec_edgar,2026-05-21 20:10:19.257693+00:00
ORCL,0001341439,0001193125-16-666792,2016-08-01,2016-07-28,8-K,d180474d8k.htm,https://www.sec.gov/Archives/edgar/data/1341439/000119312516666792/d180474d8k.htm,sec_edgar,2026-05-21 20:10:19.257700+00:00
ORCL,0001341439,0001193125-16-643428,2016-07-07,2016-07-07,8-K,d224097d8k.htm,https://www.sec.gov/Archives/edgar/data/1341439/000119312516643428/d224097d8k.htm,sec_edgar,2026-05-21 20:10:19.257714+00:00
ORCL,0001341439,0001193125-16-628942,2016-06-22,2016-05-31,10-K,d203801d10k.htm,https://www.sec.gov/Archives/edgar/data/1341439/000119312516628942/d203801d10k.htm,sec_edgar,2026-05-21 20:10:19.257735+00:00
ORCL,0001341439,0001193125-16-623620,2016-06-16,2016-06-15,8-K,d200599d8k.htm,https://www.sec.gov/Archives/edgar/data/1341439/000119312516623620/d200599d8k.htm,sec_edgar,2026-05-21 20:10:19.257738+00:00
ORCL,0001341439,0001193125-16-582163,2016-05-06,2016-04-29,8-K,d133623d8k.htm,https://www.sec.gov/Archives/edgar/data/1341439/000119312516582163/d133623d8k.htm,sec_edgar,2026-05-21 20:10:19.257762+00:00
ORCL,0001341439,0001193125-16-510333,2016-03-18,2016-02-29,10-Q,d48108d10q.htm,https://www.sec.gov/Archives/edgar/data/1341439/000119312516510333/d48108d10q.htm,sec_edgar,2026-05-21 20:10:19.257784+00:00
ORCL,0001341439,0001193125-16-505164,2016-03-15,2016-03-15,8-K,d118836d8k.htm,https://www.sec.gov/Archives/edgar/data/1341439/000119312516505164/d118836d8k.htm,sec_edgar,2026-05-21 20:10:19.257786+00:00
ORCL,0001341439,0001193125-15-407703,2015-12-18,2015-11-30,10-Q,d134252d10q.htm,https://www.sec.gov/Archives/edgar/data/1341439/000119312515407703/d134252d10q.htm,sec_edgar,2026-05-21 20:10:19.257800+00:00
ORCL,0001341439,0001193125-15-404914,2015-12-16,2015-12-16,8-K,d100103d8k.htm,https://www.sec.gov/Archives/edgar/data/1341439/000119312515404914/d100103d8k.htm,sec_edgar,2026-05-21 20:10:19.257804+00:00
ORCL,0001341439,0001193125-15-383821,2015-11-20,2015-11-18,8-K,d47012d8k.htm,https://www.sec.gov/Archives/edgar/data/1341439/000119312515383821/d47012d8k.htm,sec_edgar,2026-05-21 20:10:19.257805+00:00
TSLA,0001318605,0001628280-26-026673,2026-04-23,2026-03-31,10-Q,tsla-20260331.htm,https://www.sec.gov/Archives/edgar/data/1318605/000162828026026673/tsla-20260331.htm,sec_edgar,2026-05-21 20:10:21.109967+00:00
TSLA,0001318605,0001628280-26-026551,2026-04-22,2026-04-22,8-K,tsla-20260422.htm,https://www.sec.gov/Archives/edgar/data/1318605/000162828026026551/tsla-20260422.htm,sec_edgar,2026-05-21 20:10:21.109968+00:00
TSLA,0001318605,0001628280-26-022956,2026-04-02,2026-04-02,8-K,tsla-20260402.htm,https://www.sec.gov/Archives/edgar/data/1318605/000162828026022956/tsla-20260402.htm,sec_edgar,2026-05-21 20:10:21.109970+00:00
TSLA,0001318605,0001628280-26-003952,2026-01-29,2025-12-31,10-K,tsla-20251231.htm,https://www.sec.gov/Archives/edgar/data/1318605/000162828026003952/tsla-20251231.htm,sec_edgar,2026-05-21 20:10:21.109978+00:00
TSLA,0001318605,0001628280-26-003837,2026-01-28,2026-01-28,8-K,tsla-20260128.htm,https://www.sec.gov/Archives/edgar/data/1318605/000162828026003837/tsla-20260128.htm,sec_edgar,2026-05-21 20:10:21.109979+00:00
TSLA,0001318605,0001628280-26-000016,2026-01-02,2026-01-02,8-K,tsla-20260102.htm,https://www.sec.gov/Archives/edgar/data/1318605/000162828026000016/tsla-20260102.htm,sec_edgar,2026-05-21 20:10:21.109984+00:00
TSLA,0001318605,0001104659-25-108507,2025-11-07,2025-11-06,8-K,tm2530590d1_8k.htm,https://www.sec.gov/Archives/edgar/data/1318605/000110465925108507/tm2530590d1_8k.htm,sec_edgar,2026-05-21 20:10:21.109994+00:00
TSLA,0001318605,0001628280-25-045968,2025-10-23,2025-09-30,10-Q,tsla-20250930.htm,https://www.sec.gov/Archives/edgar/data/1318605/000162828025045968/tsla-20250930.htm,sec_edgar,2026-05-21 20:10:21.110011+00:00
TSLA,0001318605,0001628280-25-045861,2025-10-22,2025-10-22,8-K,tsla-20251022.htm,https://www.sec.gov/Archives/edgar/data/1318605/000162828025045861/tsla-20251022.htm,sec_edgar,2026-05-21 20:10:21.110013+00:00
TSLA,0001318605,0001628280-25-043530,2025-10-02,2025-10-02,8-K,tsla-20251002.htm,https://www.sec.gov/Archives/edgar/data/1318605/000162828025043530/tsla-20251002.htm,sec_edgar,2026-05-21 20:10:21.110030+00:00
TSLA,0001318605,0001104659-25-087862,2025-09-05,2025-09-03,8-K,tm2525337d1_8k.htm,https://www.sec.gov/Archives/edgar/data/1318605/000110465925087862/tm2525337d1_8k.htm,sec_edgar,2026-05-21 20:10:21.110063+00:00
TSLA,0001318605,0001104659-25-073263,2025-08-04,2025-08-03,8-K,tm2522385d1_8k.htm,https://www.sec.gov/Archives/edgar/data/1318605/000110465925073263/tm2522385d1_8k.htm,sec_edgar,2026-05-21 20:10:21.110068+00:00
TSLA,0001318605,0001628280-25-035806,2025-07-24,2025-06-30,10-Q,tsla-20250630.htm,https://www.sec.gov/Archives/edgar/data/1318605/000162828025035806/tsla-20250630.htm,sec_edgar,2026-05-21 20:10:21.110069+00:00
TSLA,0001318605,0001628280-25-035738,2025-07-23,2025-07-23,8-K,tsla-20250723.htm,https://www.sec.gov/Archives/edgar/data/1318605/000162828025035738/tsla-20250723.htm,sec_edgar,2026-05-21 20:10:21.110070+00:00
TSLA,0001318605,0001628280-25-034692,2025-07-10,2025-07-09,8-K,tsla-20250709.htm,https://www.sec.gov/Archives/edgar/data/1318605/000162828025034692/tsla-20250709.htm,sec_edgar,2026-05-21 20:10:21.110076+00:00
TSLA,0001318605,0001628280-25-033842,2025-07-02,2025-07-02,8-K,tsla-20250702.htm,https://www.sec.gov/Archives/edgar/data/1318605/000162828025033842/tsla-20250702.htm,sec_edgar,2026-05-21 20:10:21.110081+00:00
TSLA,0001318605,0001628280-25-026148,2025-05-16,2025-05-15,8-K,tsla-20250515.htm,https://www.sec.gov/Archives/edgar/data/1318605/000162828025026148/tsla-20250515.htm,sec_edgar,2026-05-21 20:10:21.110100+00:00
TSLA,0001318605,0001104659-25-050072,2025-05-16,2025-05-15,8-K,tm2515421d1_8k.htm,https://www.sec.gov/Archives/edgar/data/1318605/000110465925050072/tm2515421d1_8k.htm,sec_edgar,2026-05-21 20:10:21.110097+00:00
TSLA,0001318605,0001628280-25-018911,2025-04-23,2025-03-31,10-Q,tsla-20250331.htm,https://www.sec.gov/Archives/edgar/data/1318605/000162828025018911/tsla-20250331.htm,sec_edgar,2026-05-21 20:10:21.110116+00:00
TSLA,0001318605,0001628280-25-018851,2025-04-22,2025-04-22,8-K,tsla-20250422.htm,https://www.sec.gov/Archives/edgar/data/1318605/000162828025018851/tsla-20250422.htm,sec_edgar,2026-05-21 20:10:21.110118+00:00
TSLA,0001318605,0001628280-25-016070,2025-04-02,2025-04-02,8-K,tsla-20250402.htm,https://www.sec.gov/Archives/edgar/data/1318605/000162828025016070/tsla-20250402.htm,sec_edgar,2026-05-21 20:10:21.110121+00:00
TSLA,0001318605,0001628280-25-003063,2025-01-30,2024-12-31,10-K,tsla-20241231.htm,https://www.sec.gov/Archives/edgar/data/1318605/000162828025003063/tsla-20241231.htm,sec_edgar,2026-05-21 20:10:21.110137+00:00
TSLA,0001318605,0001628280-25-002993,2025-01-29,2025-01-29,8-K,tsla-20250129.htm,https://www.sec.gov/Archives/edgar/data/1318605/000162828025002993/tsla-20250129.htm,sec_edgar,2026-05-21 20:10:21.110138+00:00
TSLA,0001318605,0001628280-25-000007,2025-01-02,2025-01-02,8-K,tsla-20250102.htm,https://www.sec.gov/Archives/edgar/data/1318605/000162828025000007/tsla-20250102.htm,sec_edgar,2026-05-21 20:10:21.110143+00:00
TSLA,0001318605,0001628280-24-043486,2024-10-24,2024-09-30,10-Q,tsla-20240930.htm,https://www.sec.gov/Archives/edgar/data/1318605/000162828024043486/tsla-20240930.htm,sec_edgar,2026-05-21 20:10:21.110167+00:00
TSLA,0001318605,0001628280-24-043432,2024-10-23,2024-10-23,8-K,tsla-20241023.htm,https://www.sec.gov/Archives/edgar/data/1318605/000162828024043432/tsla-20241023.htm,sec_edgar,2026-05-21 20:10:21.110168+00:00
TSLA,0001318605,0001628280-24-041816,2024-10-02,2024-10-02,8-K,tsla-20241002.htm,https://www.sec.gov/Archives/edgar/data/1318605/000162828024041816/tsla-20241002.htm,sec_edgar,2026-05-21 20:10:21.110169+00:00
TSLA,0001318605,0001628280-24-032662,2024-07-24,2024-06-30,10-Q,tsla-20240630.htm,https://www.sec.gov/Archives/edgar/data/1318605/000162828024032662/tsla-20240630.htm,sec_edgar,2026-05-21 20:10:21.110175+00:00
TSLA,0001318605,0001628280-24-032603,2024-07-23,2024-07-23,8-K,tsla-20240723.htm,https://www.sec.gov/Archives/edgar/data/1318605/000162828024032603/tsla-20240723.htm,sec_edgar,2026-05-21 20:10:21.110176+00:00
TSLA,0001318605,0001628280-24-030714,2024-07-02,2024-07-02,8-K,tsla-20240702.htm,https://www.sec.gov/Archives/edgar/data/1318605/000162828024030714/tsla-20240702.htm,sec_edgar,2026-05-21 20:10:21.110177+00:00
TSLA,0001318605,0001104659-24-071439,2024-06-14,2024-06-13,8-K,tm2413800d31_8k.htm,https://www.sec.gov/Archives/edgar/data/1318605/000110465924071439/tm2413800d31_8k.htm,sec_edgar,2026-05-21 20:10:21.110178+00:00
TSLA,0001318605,0001628280-24-017503,2024-04-24,2024-03-31,10-Q,tsla-20240331.htm,https://www.sec.gov/Archives/edgar/data/1318605/000162828024017503/tsla-20240331.htm,sec_edgar,2026-05-21 20:10:21.110231+00:00
TSLA,0001318605,0000950170-24-046895,2024-04-23,2024-04-23,8-K,tsla-20240423.htm,https://www.sec.gov/Archives/edgar/data/1318605/000095017024046895/tsla-20240423.htm,sec_edgar,2026-05-21 20:10:21.110233+00:00
TSLA,0001318605,0000950170-24-044588,2024-04-16,2024-04-14,8-K,tsla-20240414.htm,https://www.sec.gov/Archives/edgar/data/1318605/000095017024044588/tsla-20240414.htm,sec_edgar,2026-05-21 20:10:21.110237+00:00
TSLA,0001318605,0000950170-24-040274,2024-04-02,2024-04-02,8-K,tsla-20240402.htm,https://www.sec.gov/Archives/edgar/data/1318605/000095017024040274/tsla-20240402.htm,sec_edgar,2026-05-21 20:10:21.110239+00:00
TSLA,0001318605,0001628280-24-002390,2024-01-29,2023-12-31,10-K,tsla-20231231.htm,https://www.sec.gov/Archives/edgar/data/1318605/000162828024002390/tsla-20231231.htm,sec_edgar,2026-05-21 20:10:21.110253+00:00
TSLA,0001318605,0000950170-24-007073,2024-01-24,2024-01-24,8-K,tsla-20240124.htm,https://www.sec.gov/Archives/edgar/data/1318605/000095017024007073/tsla-20240124.htm,sec_edgar,2026-05-21 20:10:21.110255+00:00
TSLA,0001318605,0000950170-24-000282,2024-01-02,2024-01-02,8-K,tsla-20240102.htm,https://www.sec.gov/Archives/edgar/data/1318605/000095017024000282/tsla-20240102.htm,sec_edgar,2026-05-21 20:10:21.110256+00:00
TSLA,0001318605,0001628280-23-034847,2023-10-23,2023-09-30,10-Q,tsla-20230930.htm,https://www.sec.gov/Archives/edgar/data/1318605/000162828023034847/tsla-20230930.htm,sec_edgar,2026-05-21 20:10:21.110270+00:00
TSLA,0001318605,0001628280-23-034588,2023-10-18,2023-10-18,8-K,tsla-20231018.htm,https://www.sec.gov/Archives/edgar/data/1318605/000162828023034588/tsla-20231018.htm,sec_edgar,2026-05-21 20:10:21.110271+00:00
TSLA,0001318605,0000950170-23-050938,2023-10-02,2023-10-02,8-K,tsla-20231002.htm,https://www.sec.gov/Archives/edgar/data/1318605/000095017023050938/tsla-20231002.htm,sec_edgar,2026-05-21 20:10:21.110278+00:00
TSLA,0001318605,0000950170-23-038779,2023-08-07,2023-08-04,8-K,tsla-20230804.htm,https://www.sec.gov/Archives/edgar/data/1318605/000095017023038779/tsla-20230804.htm,sec_edgar,2026-05-21 20:10:21.110293+00:00
TSLA,0001318605,0000950170-23-033872,2023-07-24,2023-06-30,10-Q,tsla-20230630.htm,https://www.sec.gov/Archives/edgar/data/1318605/000095017023033872/tsla-20230630.htm,sec_edgar,2026-05-21 20:10:21.110299+00:00
TSLA,0001318605,0000950170-23-033695,2023-07-20,2023-07-19,8-K,tsla-20230719.htm,https://www.sec.gov/Archives/edgar/data/1318605/000095017023033695/tsla-20230719.htm,sec_edgar,2026-05-21 20:10:21.110300+00:00
TSLA,0001318605,0000950170-23-033544,2023-07-19,2023-07-19,8-K,tsla-20230719.htm,https://www.sec.gov/Archives/edgar/data/1318605/000095017023033544/tsla-20230719.htm,sec_edgar,2026-05-21 20:10:21.110301+00:00
TSLA,0001318605,0000950170-23-031241,2023-07-03,2023-07-02,8-K,tsla-20230702.htm,https://www.sec.gov/Archives/edgar/data/1318605/000095017023031241/tsla-20230702.htm,sec_edgar,2026-05-21 20:10:21.110307+00:00
TSLA,0001318605,0001564590-23-007379,2023-05-22,2023-05-16,8-K,tsla-8k_20230516.htm,https://www.sec.gov/Archives/edgar/data/1318605/000156459023007379/tsla-8k_20230516.htm,sec_edgar,2026-05-21 20:10:21.110323+00:00
TSLA,0001318605,0000950170-23-013890,2023-04-24,2023-03-31,10-Q,tsla-20230331.htm,https://www.sec.gov/Archives/edgar/data/1318605/000095017023013890/tsla-20230331.htm,sec_edgar,2026-05-21 20:10:21.110329+00:00
TSLA,0001318605,0001564590-23-005959,2023-04-19,2023-04-19,8-K,tsla-8k_20230419.htm,https://www.sec.gov/Archives/edgar/data/1318605/000156459023005959/tsla-8k_20230419.htm,sec_edgar,2026-05-21 20:10:21.110330+00:00
TSLA,0001318605,0001564590-23-005462,2023-04-05,2023-03-30,8-K,tsla-8k_20230330.htm,https://www.sec.gov/Archives/edgar/data/1318605/000156459023005462/tsla-8k_20230330.htm,sec_edgar,2026-05-21 20:10:21.110338+00:00
TSLA,0001318605,0001564590-23-005126,2023-04-03,2023-04-02,8-K,tsla-8k_20230402.htm,https://www.sec.gov/Archives/edgar/data/1318605/000156459023005126/tsla-8k_20230402.htm,sec_edgar,2026-05-21 20:10:21.110339+00:00
TSLA,0001318605,0000950170-23-001409,2023-01-31,2022-12-31,10-K,tsla-20221231.htm,https://www.sec.gov/Archives/edgar/data/1318605/000095017023001409/tsla-20221231.htm,sec_edgar,2026-05-21 20:10:21.110354+00:00
TSLA,0001318605,0001564590-23-000799,2023-01-25,2023-01-20,8-K,tsla-8k_20230120.htm,https://www.sec.gov/Archives/edgar/data/1318605/000156459023000799/tsla-8k_20230120.htm,sec_edgar,2026-05-21 20:10:21.110355+00:00
TSLA,0001318605,0001564590-23-000002,2023-01-03,2023-01-02,8-K,tsla-8k_20230102.htm,https://www.sec.gov/Archives/edgar/data/1318605/000156459023000002/tsla-8k_20230102.htm,sec_edgar,2026-05-21 20:10:21.110358+00:00
TSLA,0001318605,0000950170-22-019867,2022-10-24,2022-09-30,10-Q,tsla-20220930.htm,https://www.sec.gov/Archives/edgar/data/1318605/000095017022019867/tsla-20220930.htm,sec_edgar,2026-05-21 20:10:21.110371+00:00
TSLA,0001318605,0001564590-22-034639,2022-10-19,2022-10-19,8-K,tsla-8k_20221019.htm,https://www.sec.gov/Archives/edgar/data/1318605/000156459022034639/tsla-8k_20221019.htm,sec_edgar,2026-05-21 20:10:21.110372+00:00
TSLA,0001318605,0001564590-22-033053,2022-10-03,2022-10-02,8-K,tsla-8k_20221002.htm,https://www.sec.gov/Archives/edgar/data/1318605/000156459022033053/tsla-8k_20221002.htm,sec_edgar,2026-05-21 20:10:21.110376+00:00
TSLA,0001318605,0001564590-22-032575,2022-09-28,2022-09-25,8-K,tsla-8k_20220925.htm,https://www.sec.gov/Archives/edgar/data/1318605/000156459022032575/tsla-8k_20220925.htm,sec_edgar,2026-05-21 20:10:21.110378+00:00
TSLA,0001318605,0001564590-22-028207,2022-08-05,2022-08-04,8-K,tsla-8k_20220804.htm,https://www.sec.gov/Archives/edgar/data/1318605/000156459022028207/tsla-8k_20220804.htm,sec_edgar,2026-05-21 20:10:21.110392+00:00
TSLA,0001318605,0000950170-22-012936,2022-07-25,2022-06-30,10-Q,tsla-20220630.htm,https://www.sec.gov/Archives/edgar/data/1318605/000095017022012936/tsla-20220630.htm,sec_edgar,2026-05-21 20:10:21.110397+00:00
TSLA,0001318605,0001564590-22-026048,2022-07-20,2022-07-20,8-K,tsla-8k_20220720.htm,https://www.sec.gov/Archives/edgar/data/1318605/000156459022026048/tsla-8k_20220720.htm,sec_edgar,2026-05-21 20:10:21.110398+00:00
TSLA,0001318605,0001564590-22-025153,2022-07-05,2022-07-02,8-K,tsla-8k_20220702.htm,https://www.sec.gov/Archives/edgar/data/1318605/000156459022025153/tsla-8k_20220702.htm,sec_edgar,2026-05-21 20:10:21.110403+00:00
TSLA,0001318605,0001564590-22-017214,2022-05-03,2022-05-02,8-K,tsla-8k_20220502.htm,https://www.sec.gov/Archives/edgar/data/1318605/000156459022017214/tsla-8k_20220502.htm,sec_edgar,2026-05-21 20:10:21.110424+00:00
TSLA,0001318605,0000950170-22-006034,2022-04-25,2022-03-31,10-Q,tsla-20220331.htm,https://www.sec.gov/Archives/edgar/data/1318605/000095017022006034/tsla-20220331.htm,sec_edgar,2026-05-21 20:10:21.110435+00:00
TSLA,0001318605,0001564590-22-014917,2022-04-20,2022-04-20,8-K,tsla-8k_20220420.htm,https://www.sec.gov/Archives/edgar/data/1318605/000156459022014917/tsla-8k_20220420.htm,sec_edgar,2026-05-21 20:10:21.110436+00:00
TSLA,0001318605,0001564590-22-013264,2022-04-04,2022-04-02,8-K,tsla-8k_20220402.htm,https://www.sec.gov/Archives/edgar/data/1318605/000156459022013264/tsla-8k_20220402.htm,sec_edgar,2026-05-21 20:10:21.110440+00:00
TSLA,0001318605,0001564590-22-011875,2022-03-28,2022-03-28,8-K,tsla-8k_20220328.htm,https://www.sec.gov/Archives/edgar/data/1318605/000156459022011875/tsla-8k_20220328.htm,sec_edgar,2026-05-21 20:10:21.110442+00:00
TSLA,0001318605,0000950170-22-000796,2022-02-07,2021-12-31,10-K,tsla-20211231.htm,https://www.sec.gov/Archives/edgar/data/1318605/000095017022000796/tsla-20211231.htm,sec_edgar,2026-05-21 20:10:21.110457+00:00
TSLA,0001318605,0001564590-22-002476,2022-01-26,2022-01-26,8-K,tsla-8k_20220126.htm,https://www.sec.gov/Archives/edgar/data/1318605/000156459022002476/tsla-8k_20220126.htm,sec_edgar,2026-05-21 20:10:21.110460+00:00
TSLA,0001318605,0001564590-22-000009,2022-01-03,2022-01-02,8-K,tsla-8k_20220102.htm,https://www.sec.gov/Archives/edgar/data/1318605/000156459022000009/tsla-8k_20220102.htm,sec_edgar,2026-05-21 20:10:21.110467+00:00
TSLA,0001318605,0001564590-21-058953,2021-12-01,2021-12-01,8-K,tsla-8k_20211201.htm,https://www.sec.gov/Archives/edgar/data/1318605/000156459021058953/tsla-8k_20211201.htm,sec_edgar,2026-05-21 20:10:21.110488+00:00
TSLA,0001318605,0000950170-21-002253,2021-10-25,2021-09-30,10-Q,tsla-20210930.htm,https://www.sec.gov/Archives/edgar/data/1318605/000095017021002253/tsla-20210930.htm,sec_edgar,2026-05-21 20:10:21.110517+00:00
TSLA,0001318605,0001564590-21-051307,2021-10-20,2021-10-20,8-K,tsla-8k_20211020.htm,https://www.sec.gov/Archives/edgar/data/1318605/000156459021051307/tsla-8k_20211020.htm,sec_edgar,2026-05-21 20:10:21.110520+00:00
TSLA,0001318605,0001564590-21-050737,2021-10-13,2021-10-07,8-K,tsla-8k_20211007.htm,https://www.sec.gov/Archives/edgar/data/1318605/000156459021050737/tsla-8k_20211007.htm,sec_edgar,2026-05-21 20:10:21.110521+00:00
TSLA,0001318605,0001564590-21-049874,2021-10-04,2021-10-02,8-K,tsla-8k_20211002.htm,https://www.sec.gov/Archives/edgar/data/1318605/000156459021049874/tsla-8k_20211002.htm,sec_edgar,2026-05-21 20:10:21.110522+00:00
TSLA,0001318605,0001564590-21-046390,2021-08-30,2021-08-27,8-K,tsla-8k_20210827.htm,https://www.sec.gov/Archives/edgar/data/1318605/000156459021046390/tsla-8k_20210827.htm,sec_edgar,2026-05-21 20:10:21.110531+00:00
TSLA,0001318605,0000950170-21-000524,2021-07-27,2021-06-30,10-Q,tsla-20210630.htm,https://www.sec.gov/Archives/edgar/data/1318605/000095017021000524/tsla-20210630.htm,sec_edgar,2026-05-21 20:10:21.110540+00:00
TSLA,0001318605,0001564590-21-037953,2021-07-26,2021-07-26,8-K,tsla-8k_20210726.htm,https://www.sec.gov/Archives/edgar/data/1318605/000156459021037953/tsla-8k_20210726.htm,sec_edgar,2026-05-21 20:10:21.110542+00:00
TSLA,0001318605,0000950170-21-000423,2021-07-02,2021-07-02,8-K,tsla-20210702.htm,https://www.sec.gov/Archives/edgar/data/1318605/000095017021000423/tsla-20210702.htm,sec_edgar,2026-05-21 20:10:21.110545+00:00
TSLA,0001318605,0001564590-21-031976,2021-06-07,2021-06-03,8-K,tsla-8k_20210603.htm,https://www.sec.gov/Archives/edgar/data/1318605/000156459021031976/tsla-8k_20210603.htm,sec_edgar,2026-05-21 20:10:21.110551+00:00
TSLA,0001318605,0000950170-21-000046,2021-04-28,2021-03-31,10-Q,tsla-20210331.htm,https://www.sec.gov/Archives/edgar/data/1318605/000095017021000046/tsla-20210331.htm,sec_edgar,2026-05-21 20:10:21.110559+00:00
TSLA,0001318605,0001564590-21-020558,2021-04-26,2021-04-26,8-K,tsla-8k_20210426.htm,https://www.sec.gov/Archives/edgar/data/1318605/000156459021020558/tsla-8k_20210426.htm,sec_edgar,2026-05-21 20:10:21.110561+00:00
TSLA,0001318605,0001564590-21-017443,2021-04-02,2021-04-02,8-K,tsla-8k_20210402.htm,https://www.sec.gov/Archives/edgar/data/1318605/000156459021017443/tsla-8k_20210402.htm,sec_edgar,2026-05-21 20:10:21.110568+00:00
TSLA,0001318605,0001564590-21-012962,2021-03-15,2021-03-11,8-K,tsla-8k_20210311.htm,https://www.sec.gov/Archives/edgar/data/1318605/000156459021012962/tsla-8k_20210311.htm,sec_edgar,2026-05-21 20:10:21.110572+00:00
TSLA,0001318605,0001564590-21-012981,2021-03-15,2021-03-15,8-K,tsla-8k_20210315.htm,https://www.sec.gov/Archives/edgar/data/1318605/000156459021012981/tsla-8k_20210315.htm,sec_edgar,2026-05-21 20:10:21.110571+00:00
TSLA,0001318605,0001564590-21-004599,2021-02-08,2020-12-31,10-K,tsla-10k_20201231.htm,https://www.sec.gov/Archives/edgar/data/1318605/000156459021004599/tsla-10k_20201231.htm,sec_edgar,2026-05-21 20:10:21.110591+00:00
TSLA,0001318605,0001564590-21-002645,2021-01-27,2021-01-27,8-K,tsla-8k_20210127.htm,https://www.sec.gov/Archives/edgar/data/1318605/000156459021002645/tsla-8k_20210127.htm,sec_edgar,2026-05-21 20:10:21.110595+00:00
TSLA,0001318605,0001564590-21-000010,2021-01-04,2020-12-29,8-K,tsla-8k_20201229.htm,https://www.sec.gov/Archives/edgar/data/1318605/000156459021000010/tsla-8k_20201229.htm,sec_edgar,2026-05-21 20:10:21.110600+00:00
TSLA,0001318605,0001564590-21-000008,2021-01-04,2021-01-02,8-K,tsla-8k_20210102.htm,https://www.sec.gov/Archives/edgar/data/1318605/000156459021000008/tsla-8k_20210102.htm,sec_edgar,2026-05-21 20:10:21.110601+00:00
TSLA,0001318605,0001564590-20-056725,2020-12-10,2020-12-09,8-K,tsla-8k_20201209.htm,https://www.sec.gov/Archives/edgar/data/1318605/000156459020056725/tsla-8k_20201209.htm,sec_edgar,2026-05-21 20:10:21.110607+00:00
TSLA,0001318605,0001193125-20-312194,2020-12-08,2020-12-08,8-K,d60067d8k.htm,https://www.sec.gov/Archives/edgar/data/1318605/000119312520312194/d60067d8k.htm,sec_edgar,2026-05-21 20:10:21.110614+00:00
TSLA,0001318605,0001564590-20-047486,2020-10-26,2020-09-30,10-Q,tsla-10q_20200930.htm,https://www.sec.gov/Archives/edgar/data/1318605/000156459020047486/tsla-10q_20200930.htm,sec_edgar,2026-05-21 20:10:21.110624+00:00
TSLA,0001318605,0001564590-20-047108,2020-10-21,2020-10-21,8-K,tsla-8k_20201021.htm,https://www.sec.gov/Archives/edgar/data/1318605/000156459020047108/tsla-8k_20201021.htm,sec_edgar,2026-05-21 20:10:21.110629+00:00
TSLA,0001318605,0001564590-20-045592,2020-10-02,2020-10-02,8-K,tsla-8k_20201002.htm,https://www.sec.gov/Archives/edgar/data/1318605/000156459020045592/tsla-8k_20201002.htm,sec_edgar,2026-05-21 20:10:21.110634+00:00
TSLA,0001318605,0001564590-20-044548,2020-09-24,2020-09-22,8-K,tsla-8k_20200922.htm,https://www.sec.gov/Archives/edgar/data/1318605/000156459020044548/tsla-8k_20200922.htm,sec_edgar,2026-05-21 20:10:21.110635+00:00
TSLA,0001318605,0001564590-20-042696,2020-09-08,2020-09-04,8-K,tsla-8k_20200904.htm,https://www.sec.gov/Archives/edgar/data/1318605/000156459020042696/tsla-8k_20200904.htm,sec_edgar,2026-05-21 20:10:21.110644+00:00
TSLA,0001318605,0001193125-20-236678,2020-09-01,2020-08-28,8-K,d21598d8k.htm,https://www.sec.gov/Archives/edgar/data/1318605/000119312520236678/d21598d8k.htm,sec_edgar,2026-05-21 20:10:21.110653+00:00
TSLA,0001318605,0001564590-20-039353,2020-08-11,2020-08-11,8-K,tsla-8k_20200811.htm,https://www.sec.gov/Archives/edgar/data/1318605/000156459020039353/tsla-8k_20200811.htm,sec_edgar,2026-05-21 20:10:21.110661+00:00
TSLA,0001318605,0001564590-20-033670,2020-07-28,2020-06-30,10-Q,tsla-10q_20200630.htm,https://www.sec.gov/Archives/edgar/data/1318605/000156459020033670/tsla-10q_20200630.htm,sec_edgar,2026-05-21 20:10:21.110667+00:00
TSLA,0001318605,0001564590-20-033069,2020-07-22,2020-07-22,8-K,tsla-8k_20200722.htm,https://www.sec.gov/Archives/edgar/data/1318605/000156459020033069/tsla-8k_20200722.htm,sec_edgar,2026-05-21 20:10:21.110669+00:00
TSLA,0001318605,0001564590-20-031568,2020-07-02,2020-07-02,8-K,tsla-8k_20200702.htm,https://www.sec.gov/Archives/edgar/data/1318605/000156459020031568/tsla-8k_20200702.htm,sec_edgar,2026-05-21 20:10:21.110675+00:00
TSLA,0001318605,0001564590-20-031314,2020-06-30,2020-06-24,8-K,tsla-8k_20200624.htm,https://www.sec.gov/Archives/edgar/data/1318605/000156459020031314/tsla-8k_20200624.htm,sec_edgar,2026-05-21 20:10:21.110676+00:00
TSLA,0001318605,0001564590-20-029536,2020-06-16,2020-06-10,8-K,tsla-8k_20200610.htm,https://www.sec.gov/Archives/edgar/data/1318605/000156459020029536/tsla-8k_20200610.htm,sec_edgar,2026-05-21 20:10:21.110681+00:00
TSLA,0001318605,0001564590-20-023655,2020-05-08,2020-05-07,8-K,tsla-8k_20200507.htm,https://www.sec.gov/Archives/edgar/data/1318605/000156459020023655/tsla-8k_20200507.htm,sec_edgar,2026-05-21 20:10:21.110697+00:00
TSLA,0001318605,0001564590-20-022062,2020-05-06,2020-04-30,8-K,tsla-8k_20200430.htm,https://www.sec.gov/Archives/edgar/data/1318605/000156459020022062/tsla-8k_20200430.htm,sec_edgar,2026-05-21 20:10:21.110699+00:00
TSLA,0001318605,0001564590-20-019931,2020-04-30,2020-03-31,10-Q,tsla-10q_20200331.htm,https://www.sec.gov/Archives/edgar/data/1318605/000156459020019931/tsla-10q_20200331.htm,sec_edgar,2026-05-21 20:10:21.110703+00:00
TSLA,0001318605,0001564590-20-019776,2020-04-29,2020-04-29,8-K,tsla-8k_20200429.htm,https://www.sec.gov/Archives/edgar/data/1318605/000156459020019776/tsla-8k_20200429.htm,sec_edgar,2026-05-21 20:10:21.110705+00:00
TSLA,0001318605,0001564590-20-018196,2020-04-23,2020-04-23,8-K,tsla-8k_20200423.htm,https://www.sec.gov/Archives/edgar/data/1318605/000156459020018196/tsla-8k_20200423.htm,sec_edgar,2026-05-21 20:10:21.110707+00:00
TSLA,0001318605,0001564590-20-014992,2020-04-02,2020-04-02,8-K,tsla-8k_20200402.htm,https://www.sec.gov/Archives/edgar/data/1318605/000156459020014992/tsla-8k_20200402.htm,sec_edgar,2026-05-21 20:10:21.110710+00:00
TSLA,0001318605,0001564590-20-011823,2020-03-19,2020-03-19,8-K,tsla-8k_20200319.htm,https://www.sec.gov/Archives/edgar/data/1318605/000156459020011823/tsla-8k_20200319.htm,sec_edgar,2026-05-21 20:10:21.110712+00:00
TSLA,0001318605,0001564590-20-005288,2020-02-19,2020-02-13,8-K,tsla-8k_20200213.htm,https://www.sec.gov/Archives/edgar/data/1318605/000156459020005288/tsla-8k_20200213.htm,sec_edgar,2026-05-21 20:10:21.110732+00:00
TSLA,0001318605,0001564590-20-004475,2020-02-13,2019-12-31,10-K,tsla-10k_20191231.htm,https://www.sec.gov/Archives/edgar/data/1318605/000156459020004475/tsla-10k_20191231.htm,sec_edgar,2026-05-21 20:10:21.110738+00:00
TSLA,0001318605,0001564590-20-002489,2020-01-29,2020-01-29,8-K,tsla-8k_20200129.htm,https://www.sec.gov/Archives/edgar/data/1318605/000156459020002489/tsla-8k_20200129.htm,sec_edgar,2026-05-21 20:10:21.110743+00:00
TSLA,0001318605,0001564590-20-000161,2020-01-03,2020-01-03,8-K,tsla-8k_20200103.htm,https://www.sec.gov/Archives/edgar/data/1318605/000156459020000161/tsla-8k_20200103.htm,sec_edgar,2026-05-21 20:10:21.110749+00:00
TSLA,0001318605,0001564590-19-046961,2019-12-26,2019-12-18,8-K,tsla-8k_20191218.htm,https://www.sec.gov/Archives/edgar/data/1318605/000156459019046961/tsla-8k_20191218.htm,sec_edgar,2026-05-21 20:10:21.110752+00:00
TSLA,0001318605,0001564590-19-038256,2019-10-29,2019-09-30,10-Q,tsla-10q_20190930.htm,https://www.sec.gov/Archives/edgar/data/1318605/000156459019038256/tsla-10q_20190930.htm,sec_edgar,2026-05-21 20:10:21.110767+00:00
TSLA,0001318605,0001564590-19-037581,2019-10-23,2019-10-23,8-K,tsla-8k_20191023.htm,https://www.sec.gov/Archives/edgar/data/1318605/000156459019037581/tsla-8k_20191023.htm,sec_edgar,2026-05-21 20:10:21.110769+00:00
TSLA,0001318605,0001564590-19-036274,2019-10-02,2019-09-26,8-K,tsla-8k_20190926.htm,https://www.sec.gov/Archives/edgar/data/1318605/000156459019036274/tsla-8k_20190926.htm,sec_edgar,2026-05-21 20:10:21.110774+00:00
TSLA,0001318605,0001564590-19-032484,2019-08-16,2019-08-16,8-K,tsla-8k_20190816.htm,https://www.sec.gov/Archives/edgar/data/1318605/000156459019032484/tsla-8k_20190816.htm,sec_edgar,2026-05-21 20:10:21.110787+00:00
TSLA,0001318605,0001564590-19-026445,2019-07-29,2019-06-30,10-Q,tsla-10q_20190630.htm,https://www.sec.gov/Archives/edgar/data/1318605/000156459019026445/tsla-10q_20190630.htm,sec_edgar,2026-05-21 20:10:21.110791+00:00
TSLA,0001318605,0001564590-19-025855,2019-07-24,2019-07-24,8-K,tsla-8k_20190724.htm,https://www.sec.gov/Archives/edgar/data/1318605/000156459019025855/tsla-8k_20190724.htm,sec_edgar,2026-05-21 20:10:21.110792+00:00
TSLA,0001318605,0001564590-19-024414,2019-07-02,2019-07-02,8-K,tsla-8k_20190702.htm,https://www.sec.gov/Archives/edgar/data/1318605/000156459019024414/tsla-8k_20190702.htm,sec_edgar,2026-05-21 20:10:21.110797+00:00
TSLA,0001318605,0001564590-19-022354,2019-06-12,2019-06-11,8-K,tsla-8k_20190611.htm,https://www.sec.gov/Archives/edgar/data/1318605/000156459019022354/tsla-8k_20190611.htm,sec_edgar,2026-05-21 20:10:21.110798+00:00
TSLA,0001318605,0001564590-19-018876,2019-05-13,2019-05-13,8-K,tsla-8k_20190513.htm,https://www.sec.gov/Archives/edgar/data/1318605/000156459019018876/tsla-8k_20190513.htm,sec_edgar,2026-05-21 20:10:21.110820+00:00
TSLA,0001318605,0001564590-19-016764,2019-05-08,2019-05-03,8-K,tsla-8k_20190503.htm,https://www.sec.gov/Archives/edgar/data/1318605/000156459019016764/tsla-8k_20190503.htm,sec_edgar,2026-05-21 20:10:21.110827+00:00
TSLA,0001318605,0001193125-19-135910,2019-05-03,2019-05-01,8-K,d730491d8k.htm,https://www.sec.gov/Archives/edgar/data/1318605/000119312519135910/d730491d8k.htm,sec_edgar,2026-05-21 20:10:21.110829+00:00
TSLA,0001318605,0001564590-19-013462,2019-04-29,2019-03-31,10-Q,tsla-10q_20190331.htm,https://www.sec.gov/Archives/edgar/data/1318605/000156459019013462/tsla-10q_20190331.htm,sec_edgar,2026-05-21 20:10:21.110844+00:00
TSLA,0001318605,0001564590-19-012758,2019-04-24,2019-04-24,8-K,tsla-8k_20190424.htm,https://www.sec.gov/Archives/edgar/data/1318605/000156459019012758/tsla-8k_20190424.htm,sec_edgar,2026-05-21 20:10:21.110845+00:00
TSLA,0001318605,0001564590-19-012122,2019-04-19,2019-04-18,8-K,tsla-8k_20190418.htm,https://www.sec.gov/Archives/edgar/data/1318605/000156459019012122/tsla-8k_20190418.htm,sec_edgar,2026-05-21 20:10:21.110848+00:00
TSLA,0001318605,0001564590-19-010743,2019-04-04,2019-04-03,8-K,tsla-8k_20190403.htm,https://www.sec.gov/Archives/edgar/data/1318605/000156459019010743/tsla-8k_20190403.htm,sec_edgar,2026-05-21 20:10:21.110856+00:00
TSLA,0001318605,0001564590-19-007669,2019-03-14,2019-03-13,8-K,tsla-8k_20190313.htm,https://www.sec.gov/Archives/edgar/data/1318605/000156459019007669/tsla-8k_20190313.htm,sec_edgar,2026-05-21 20:10:21.110874+00:00
TSLA,0001318605,0001564590-19-007080,2019-03-11,2019-03-10,8-K,tsla-8k_20190310.htm,https://www.sec.gov/Archives/edgar/data/1318605/000156459019007080/tsla-8k_20190310.htm,sec_edgar,2026-05-21 20:10:21.110876+00:00
TSLA,0001318605,0001564590-19-006788,2019-03-07,2019-03-01,8-K,tsla-8k_20190301.htm,https://www.sec.gov/Archives/edgar/data/1318605/000156459019006788/tsla-8k_20190301.htm,sec_edgar,2026-05-21 20:10:21.110879+00:00
TSLA,0001318605,0001564590-19-005560,2019-03-01,2019-02-28,8-K,tsla-8k_20190228.htm,https://www.sec.gov/Archives/edgar/data/1318605/000156459019005560/tsla-8k_20190228.htm,sec_edgar,2026-05-21 20:10:21.110884+00:00
TSLA,0001318605,0001564590-19-003165,2019-02-19,2018-12-31,10-K,tsla-10k_20181231.htm,https://www.sec.gov/Archives/edgar/data/1318605/000156459019003165/tsla-10k_20181231.htm,sec_edgar,2026-05-21 20:10:21.110892+00:00
TSLA,0001318605,0001564590-19-001597,2019-02-01,2019-01-29,8-K,tsla-8k_20190129.htm,https://www.sec.gov/Archives/edgar/data/1318605/000156459019001597/tsla-8k_20190129.htm,sec_edgar,2026-05-21 20:10:21.110901+00:00
TSLA,0001318605,0001564590-19-001399,2019-01-30,2019-01-30,8-K,tsla-8k_20190130.htm,https://www.sec.gov/Archives/edgar/data/1318605/000156459019001399/tsla-8k_20190130.htm,sec_edgar,2026-05-21 20:10:21.110903+00:00
TSLA,0001318605,0001564590-19-000740,2019-01-18,2019-01-18,8-K,tsla-8k_20190118.htm,https://www.sec.gov/Archives/edgar/data/1318605/000156459019000740/tsla-8k_20190118.htm,sec_edgar,2026-05-21 20:10:21.110905+00:00
TSLA,0001318605,0001564590-19-000190,2019-01-04,2018-12-28,8-K,tsla-8k_20181228.htm,https://www.sec.gov/Archives/edgar/data/1318605/000156459019000190/tsla-8k_20181228.htm,sec_edgar,2026-05-21 20:10:21.110912+00:00
TSLA,0001318605,0001564590-19-000013,2019-01-02,2019-01-02,8-K,tsla-8k_20190102.htm,https://www.sec.gov/Archives/edgar/data/1318605/000156459019000013/tsla-8k_20190102.htm,sec_edgar,2026-05-21 20:10:21.110914+00:00
TSLA,0001318605,0001564590-18-031477,2018-12-28,2018-12-27,8-K,tsla-8k_20181227.htm,https://www.sec.gov/Archives/edgar/data/1318605/000156459018031477/tsla-8k_20181227.htm,sec_edgar,2026-05-21 20:10:21.110915+00:00
TSLA,0001318605,0001564590-18-028241,2018-11-08,2018-11-07,8-K,tsla-8k_20181107.htm,https://www.sec.gov/Archives/edgar/data/1318605/000156459018028241/tsla-8k_20181107.htm,sec_edgar,2026-05-21 20:10:21.110926+00:00
TSLA,0001318605,0001564590-18-026353,2018-11-02,2018-09-30,10-Q,tsla-10q_20180930.htm,https://www.sec.gov/Archives/edgar/data/1318605/000156459018026353/tsla-10q_20180930.htm,sec_edgar,2026-05-21 20:10:21.110928+00:00
TSLA,0001318605,0001564590-18-024902,2018-10-24,2018-10-24,8-K,tsla-8k_20181024.htm,https://www.sec.gov/Archives/edgar/data/1318605/000156459018024902/tsla-8k_20181024.htm,sec_edgar,2026-05-21 20:10:21.110930+00:00
TSLA,0001318605,0001564590-18-024373,2018-10-17,2018-10-16,8-K,tsla-8k_20181016.htm,https://www.sec.gov/Archives/edgar/data/1318605/000156459018024373/tsla-8k_20181016.htm,sec_edgar,2026-05-21 20:10:21.110933+00:00
TSLA,0001318605,0001564590-18-023815,2018-10-02,2018-10-02,8-K,tsla-8k_20181002.htm,https://www.sec.gov/Archives/edgar/data/1318605/000156459018023815/tsla-8k_20181002.htm,sec_edgar,2026-05-21 20:10:21.110938+00:00
TSLA,0001318605,0001564590-18-023716,2018-10-01,2018-09-30,8-K,tsla-8k_20180930.htm,https://www.sec.gov/Archives/edgar/data/1318605/000156459018023716/tsla-8k_20180930.htm,sec_edgar,2026-05-21 20:10:21.110939+00:00
TSLA,0001318605,0001564590-18-022798,2018-09-07,2018-09-04,8-K,tsla-8k_20180904.htm,https://www.sec.gov/Archives/edgar/data/1318605/000156459018022798/tsla-8k_20180904.htm,sec_edgar,2026-05-21 20:10:21.110941+00:00
TSLA,0001318605,0001564590-18-022131,2018-08-21,2018-08-16,8-K,tsla-8k_20180816.htm,https://www.sec.gov/Archives/edgar/data/1318605/000156459018022131/tsla-8k_20180816.htm,sec_edgar,2026-05-21 20:10:21.110942+00:00
TSLA,0001318605,0001564590-18-021585,2018-08-14,2018-08-14,8-K,tsla-8k_20180814.htm,https://www.sec.gov/Archives/edgar/data/1318605/000156459018021585/tsla-8k_20180814.htm,sec_edgar,2026-05-21 20:10:21.110945+00:00
TSLA,0001318605,0001564590-18-019254,2018-08-06,2018-06-30,10-Q,tsla-10q_20180630.htm,https://www.sec.gov/Archives/edgar/data/1318605/000156459018019254/tsla-10q_20180630.htm,sec_edgar,2026-05-21 20:10:21.110946+00:00
TSLA,0001318605,0001564590-18-018490,2018-08-01,2018-08-01,8-K,tsla-8k_20180801.htm,https://www.sec.gov/Archives/edgar/data/1318605/000156459018018490/tsla-8k_20180801.htm,sec_edgar,2026-05-21 20:10:21.110947+00:00
TSLA,0001318605,0001564590-18-017908,2018-07-30,2018-07-30,8-K,tsla-8k_20180730.htm,https://www.sec.gov/Archives/edgar/data/1318605/000156459018017908/tsla-8k_20180730.htm,sec_edgar,2026-05-21 20:10:21.110949+00:00
TSLA,0001318605,0001564590-18-016494,2018-07-02,2018-06-27,8-K,tsla-8k_20180702.htm,https://www.sec.gov/Archives/edgar/data/1318605/000156459018016494/tsla-8k_20180702.htm,sec_edgar,2026-05-21 20:10:21.110952+00:00
TSLA,0001318605,0001564590-18-016465,2018-07-02,2018-07-02,8-K,tsla-8k_20180702.htm,https://www.sec.gov/Archives/edgar/data/1318605/000156459018016465/tsla-8k_20180702.htm,sec_edgar,2026-05-21 20:10:21.110953+00:00
TSLA,0001318605,0001564590-18-015129,2018-06-06,2018-06-05,8-K,tsla-8k_20180611.htm,https://www.sec.gov/Archives/edgar/data/1318605/000156459018015129/tsla-8k_20180611.htm,sec_edgar,2026-05-21 20:10:21.110967+00:00
TSLA,0001318605,0001564590-18-011086,2018-05-07,2018-03-31,10-Q,tsla-10q_20180331.htm,https://www.sec.gov/Archives/edgar/data/1318605/000156459018011086/tsla-10q_20180331.htm,sec_edgar,2026-05-21 20:10:21.110979+00:00
TSLA,0001318605,0001564590-18-010306,2018-05-02,2018-05-02,8-K,tsla-8k_20180502.htm,https://www.sec.gov/Archives/edgar/data/1318605/000156459018010306/tsla-8k_20180502.htm,sec_edgar,2026-05-21 20:10:21.110980+00:00
TSLA,0001318605,0001564590-18-007463,2018-04-03,2018-04-03,8-K,tsla-8k_20180403.htm,https://www.sec.gov/Archives/edgar/data/1318605/000156459018007463/tsla-8k_20180403.htm,sec_edgar,2026-05-21 20:10:21.110984+00:00
TSLA,0001318605,0001564590-18-006479,2018-03-21,2018-03-21,8-K,tsla-8k_20180321.htm,https://www.sec.gov/Archives/edgar/data/1318605/000156459018006479/tsla-8k_20180321.htm,sec_edgar,2026-05-21 20:10:21.110987+00:00
