ticker,reference_date,fiscal_year,fiscal_period,assets,cash_and_equivalents,net_income,operating_income,rd_expense,revenue,stockholders_equity,operating_margin,net_margin,cash_to_assets,equity_to_assets,rd_to_revenue,revenue_growth_qoq,revenue_growth_yoy,net_income_growth_qoq,net_income_growth_yoy,assets_growth_qoq
AAPL,2015-03-28,2016.0,Q2,261194000000.0,14489000000.0,31593000000.0,42524000000.0,3813000000.0,,129006000000.0,,,0.055472177768248886,0.4939087421609991,,,,0.7528295605858855,0.7528295605858855,-0.0026728371020336983
AAPL,2015-06-27,2016.0,Q3,273151000000.0,15319000000.0,42270000000.0,56607000000.0,5847000000.0,,125677000000.0,,,0.05608253310440013,0.4601008233541155,,,,2.958977240797977,2.115189033827106,0.0
AAPL,2015-09-26,2017.0,Q2,290479000000.0,21120000000.0,53394000000.0,71230000000.0,8067000000.0,,119355000000.0,,,0.07270749348489908,0.41089028811032813,,,,0.0,0.2631653655074522,0.0
AAPL,2015-12-26,2017.0,Q1,293284000000.0,16689000000.0,18361000000.0,24171000000.0,2404000000.0,,128267000000.0,,,0.05690388838122775,0.43734741752021933,,,,0.0,-0.656122410757763,0.0
AAPL,2016-03-26,2017.0,Q2,305277000000.0,21514000000.0,28877000000.0,38158000000.0,4915000000.0,,130457000000.0,,,0.07047370093390593,0.4273397602832837,,,,1.746006085964245,0.5727356897772453,0.0
AAPL,2016-06-25,2017.0,Q3,305602000000.0,18237000000.0,36673000000.0,48263000000.0,7475000000.0,,126541000000.0,,,0.059675656572928185,0.41407124298924747,,,,0.2699726425875264,2.4873526055534425,0.0010646068979975887
AAPL,2016-09-24,2018.0,Q1,321686000000.0,20484000000.0,45687000000.0,60024000000.0,10045000000.0,215639000000.0,128249000000.0,0.27835410106706115,0.211867983064288,0.06367700179678319,0.39867759243485884,0.046582482760539605,0.0,,0.0,0.0,0.0
AAPL,2016-12-31,2018.0,Q1,331141000000.0,16371000000.0,17891000000.0,23359000000.0,2871000000.0,78351000000.0,132390000000.0,0.2981327615473957,0.22834424576584855,0.04943815474374964,0.399799481187772,0.0366427997090018,-0.6366566344677911,-0.6366566344677911,-0.6084006391314816,-0.6084006391314816,0.02939201581666584
AAPL,2017-04-01,2018.0,Q2,334532000000.0,15157000000.0,28920000000.0,37456000000.0,5647000000.0,52896000000.0,134082000000.0,0.7081064730792499,0.5467332123411979,0.04530807217246781,0.40080470627623066,0.10675665456745312,0.0,-0.7547011440416622,1.6221778946413998,0.6164552009390196,0.0
AAPL,2017-07-01,2018.0,Q3,345173000000.0,18571000000.0,37637000000.0,48224000000.0,8584000000.0,45408000000.0,132425000000.0,1.062015503875969,0.8288627554615927,0.053802006530058843,0.38364819959846225,0.1890415785764623,0.0,-0.14156079854809434,3.31765515659057,0.30141770401106505,0.0
AAPL,2017-09-30,2019.0,Q3,375319000000.0,20289000000.0,48351000000.0,61344000000.0,11581000000.0,229234000000.0,134047000000.0,0.2676042820872994,0.21092420845075338,0.05405801464887203,0.3571548469435334,0.05052042890670668,4.048317477096547,3.333673623714459,0.28466668437973275,4.546747734312263,0.0873359156133302
AAPL,2017-12-30,2019.0,Q1,406794000000.0,27491000000.0,20065000000.0,26274000000.0,3407000000.0,88293000000.0,140199000000.0,0.29757738439060855,0.22725470875380835,0.06757965948366987,0.34464372630864765,0.03858743048712809,0.0,-0.614834623136184,0.0,-0.585013753593514,0.0
AAPL,2018-03-31,2019.0,Q2,367502000000.0,45059000000.0,33887000000.0,42168000000.0,6785000000.0,149430000000.0,126878000000.0,0.2821923308572576,0.22677507863213545,0.12260885655044054,0.3452443796224238,0.045405875660844544,1.444182737131361,0.6924331487207367,1.4516712487339025,0.6888612010964366,0.0
AAPL,2018-06-30,2019.0,Q3,349197000000.0,31971000000.0,45406000000.0,54780000000.0,10486000000.0,202695000000.0,114949000000.0,0.27025826981425294,0.22401144576827253,0.09155576937946203,0.329180949435419,0.05173289918350231,2.805406927626021,0.3564545272033728,2.941835228752496,0.33992386460884716,0.0
AAPL,2018-09-29,2020.0,Q3,365725000000.0,25913000000.0,59531000000.0,70898000000.0,14236000000.0,265595000000.0,107147000000.0,0.26694026619477024,0.22414202074587247,0.07085378358055916,0.29297149497573316,0.05360040663416103,0.3103184587680998,3.9862949403923773,0.3110822358278642,4.168070144977863,0.04733144901015751
AAPL,2018-12-29,2020.0,Q1,373719000000.0,44771000000.0,19965000000.0,23346000000.0,3902000000.0,84310000000.0,117892000000.0,0.27690665401494485,0.23680464950776894,0.11979856523216642,0.315456265268825,0.0462815798837623,0.0,0.0,0.0,0.0,0.0
AAPL,2019-03-30,2020.0,Q3,341998000000.0,37988000000.0,31526000000.0,36761000000.0,7850000000.0,142325000000.0,105860000000.0,0.2582891269980678,0.2215071139996487,0.11107667296299978,0.3095339738828882,0.05515545406639733,0.6881152888150872,0.6881152888150872,0.5790633608815428,0.5790633608815428,-0.08487928095708275
AAPL,2019-06-29,2020.0,Q3,322239000000.0,50530000000.0,41570000000.0,48305000000.0,12107000000.0,196134000000.0,96456000000.0,0.24628570263187413,0.2119469342388367,0.15680907649291365,0.29933062106076547,0.06172820622635545,2.6450036239290826,0.3780713156507993,3.13878932696137,0.31859417623548825,0.0
AAPL,2019-09-28,2021.0,Q1,338516000000.0,48844000000.0,55256000000.0,63930000000.0,16217000000.0,260174000000.0,90488000000.0,0.24572017188496928,0.21238094505984456,0.1442886008342294,0.2673078968202389,0.06233136285716482,0.32651146665035125,3.8351391031240123,0.3292278085157565,4.501393866985265,0.05051219746833868
AAPL,2019-12-28,2021.0,Q1,340618000000.0,39771000000.0,22236000000.0,25569000000.0,4451000000.0,91819000000.0,89531000000.0,0.2784717759940753,0.2421720994565395,0.11676129858081487,0.2628487044137421,0.048475805661137676,-0.6470861807867043,-0.6470861807867043,-0.5975821630230201,-0.5975821630230201,0.006209455387633067
AAPL,2020-03-28,2021.0,Q2,320400000000.0,40174000000.0,33485000000.0,38422000000.0,9016000000.0,150132000000.0,78425000000.0,0.25592145578557535,0.22303706071989982,0.12538701622971285,0.2447721598002497,0.06005381930567767,0.0,0.6350864200219999,0.0,0.505891347364634,0.0
AAPL,2020-06-27,2021.0,Q3,317344000000.0,33383000000.0,44738000000.0,51513000000.0,13774000000.0,209817000000.0,72282000000.0,0.24551394786885714,0.21322390464071073,0.10519499344559846,0.2277717555712413,0.06564768345748914,2.515405880874592,0.3975501558628407,2.9756509375277704,0.3360609228012543,-0.00953807740324597
AAPL,2020-09-26,2022.0,Q3,323888000000.0,38016000000.0,57411000000.0,66288000000.0,18752000000.0,274515000000.0,65339000000.0,0.24147314354406862,0.20913611278072236,0.11737390702959048,0.20173331522007606,0.06830956414039306,0.3083544231401649,0.8284909279833745,0.283271491796683,0.7145288935344183,0.020621155591408646
AAPL,2020-12-26,2022.0,Q1,354054000000.0,36010000000.0,28755000000.0,33534000000.0,5163000000.0,111439000000.0,66224000000.0,0.30091799100853384,0.25803354301456405,0.10170764911567162,0.18704491405265863,0.04633027934565098,0.0,-0.5940513268855983,0.0,-0.4991377958927732,0.0
AAPL,2021-03-27,2022.0,Q3,337158000000.0,38466000000.0,52385000000.0,61037000000.0,10425000000.0,201023000000.0,69178000000.0,0.3036319227153112,0.26059207155400127,0.11408894346270888,0.2051797673494326,0.05185973744297916,0.8038837390859574,0.8038837390859574,0.8217701269344462,0.8217701269344462,-0.0477215340032876
AAPL,2021-06-26,2022.0,Q3,329840000000.0,34050000000.0,74129000000.0,85163000000.0,16142000000.0,282457000000.0,64280000000.0,0.30150784013141824,0.2624434869732384,0.10323186999757458,0.19488236720834343,0.05714852172189041,0.0,0.40509792411813583,0.0,0.4150806528586428,0.0
AAPL,2021-09-25,2023.0,Q1,351002000000.0,34940000000.0,94680000000.0,108949000000.0,21914000000.0,365817000000.0,63090000000.0,0.29782377527561593,0.2588179335569424,0.09954359234420317,0.17974256556942694,0.059904269074427925,0.2951245676333034,0.8197768414559528,0.27723293178108444,0.807387610957335,0.06415837982051897
AAPL,2021-12-25,2023.0,Q1,381191000000.0,37119000000.0,34630000000.0,41488000000.0,6306000000.0,123945000000.0,71932000000.0,0.3347291137197951,0.2793981201339304,0.09737638086943291,0.18870330096985502,0.050877405300738233,0.0,-0.6611830505416643,0.0,-0.6342416561047739,0.0
AAPL,2022-03-26,2023.0,Q2,350662000000.0,28098000000.0,59640000000.0,71467000000.0,12693000000.0,221223000000.0,67399000000.0,0.32305411281828744,0.2695922214236314,0.08012844277395327,0.19220502934449699,0.05737649340258472,0.0,0.7848481181169067,0.0,0.7222061796130523,0.0
AAPL,2022-06-25,2023.0,Q3,336309000000.0,27502000000.0,79082000000.0,94543000000.0,19490000000.0,304182000000.0,58107000000.0,0.31081063310781043,0.25998251047070503,0.0817759857749867,0.17277860538968626,0.0640734823230829,0.3750016951221167,0.3750016951221167,0.3259892689470154,0.3259892689470154,-0.04093115307618167
AAPL,2022-09-24,2024.0,Q1,352755000000.0,23646000000.0,99803000000.0,119437000000.0,26251000000.0,394328000000.0,50672000000.0,0.30288744395528594,0.2530964070519973,0.067032359569673,0.1436464401638531,0.06657148363798665,0.0,0.0,0.0,0.0,0.0
AAPL,2022-12-31,2024.0,Q2,346747000000.0,20535000000.0,29998000000.0,36016000000.0,7709000000.0,117154000000.0,56727000000.0,0.30742441572630896,0.2560561312460522,0.05922185339743386,0.16359766631001854,0.06580227734435017,-0.702902152522773,-0.702902152522773,-0.6994278729096319,-0.6994278729096319,-0.017031650862496583
AAPL,2023-04-01,2024.0,Q2,332160000000.0,24687000000.0,54158000000.0,64334000000.0,15166000000.0,211990000000.0,62158000000.0,0.30347657908391906,0.25547431482617106,0.07432261560693641,0.1871327071290944,0.07154111042973725,0.0,0.8094986086689315,0.0,0.8053870258017202,0.0
AAPL,2023-07-01,2024.0,Q3,335038000000.0,28408000000.0,74039000000.0,87332000000.0,22608000000.0,293787000000.0,60274000000.0,0.2972629830455398,0.2520159162930967,0.08479038198652093,0.1799019812677965,0.0769537113623135,0.0,0.38585310627859815,0.0,0.36709258096680086,0.0
AAPL,2023-09-30,2025.0,Q3,352583000000.0,29965000000.0,96995000000.0,114301000000.0,29915000000.0,383285000000.0,62146000000.0,0.2982141226502472,0.2530623426432028,0.08498708105609176,0.17625920705195655,0.07804897139204509,0.30463567142181236,0.8080333978017831,0.3100528100055375,0.7909634772332803,0.05236719416901958
AAPL,2023-12-30,2025.0,Q1,353514000000.0,40760000000.0,33916000000.0,40373000000.0,7696000000.0,119575000000.0,74100000000.0,0.337637466025507,0.2836378841731131,0.11529953552051687,0.20960980328926151,0.06436127953167468,0.0,-0.6880258815241922,0.0,-0.6503324913655343,0.0
AAPL,2024-03-30,2025.0,Q3,337411000000.0,32695000000.0,57552000000.0,68273000000.0,15599000000.0,210328000000.0,74194000000.0,0.3246025255790955,0.27362975923319766,0.09689962686456577,0.21989206042482315,0.07416511353695181,0.7589629939368596,0.7589629939368596,0.6968982191296142,0.6968982191296142,-0.0455512370090011
AAPL,2024-06-29,2025.0,Q3,331612000000.0,25565000000.0,79000000000.0,93625000000.0,23605000000.0,296105000000.0,66708000000.0,0.3161885142094865,0.2667972509751608,0.07709310881391505,0.20116280472359263,0.07971834315529965,0.0,0.40782492107565327,0.0,0.3726716708368085,0.0
AAPL,2024-09-28,2026.0,Q1,364980000000.0,29943000000.0,93736000000.0,123216000000.0,31370000000.0,391035000000.0,56950000000.0,0.31510222870075566,0.23971255769943867,0.08204011178694723,0.15603594717518768,0.08022299794136074,0.32059573462116475,0.8591675858658856,0.1865316455696202,0.6287183764247986,0.10062362037561967
AAPL,2024-12-28,2026.0,Q1,344085000000.0,30299000000.0,36330000000.0,42832000000.0,8268000000.0,124300000000.0,66758000000.0,0.34458567980691873,0.2922767497988737,0.08805673016841768,0.19401601348504002,0.06651649235720032,0.0,-0.6821256409272827,0.0,-0.6124221217035077,0.0
AAPL,2025-03-29,2026.0,Q2,331233000000.0,28162000000.0,61110000000.0,72421000000.0,16818000000.0,219659000000.0,66796000000.0,0.3296973945979905,0.278203943384974,0.08502172186949972,0.20165865116096524,0.07656412894531979,0.0,0.7671681415929203,0.0,0.6820809248554913,0.0
AAPL,2025-06-28,2025.0,Q3,331495000000.0,36269000000.0,84544000000.0,100623000000.0,25684000000.0,313695000000.0,65830000000.0,0.3207669870415531,0.26951019302188434,0.10941039834688306,0.19858519736345948,0.08187570729530276,0.42809991851005424,1.5236926790024135,0.3834724267713958,1.3271125791357004,0.0007909839901216742
AAPL,2025-09-27,2026.0,Q1,359241000000.0,35934000000.0,112010000000.0,133050000000.0,34550000000.0,416161000000.0,73733000000.0,0.31970799762591884,0.2691506412181824,0.10002755810166435,0.20524661717342954,0.08302075398703868,0.3266421205310892,0.894577504222454,0.3248722558667676,0.8329242349860906,0.08369960331226722
AAPL,2025-12-27,2026.0,Q2,379297000000.0,45317000000.0,42097000000.0,50852000000.0,10887000000.0,143756000000.0,88190000000.0,0.35373827875010433,0.292836472912435,0.1194762943023541,0.23250908918341037,0.07573249116558613,-0.6545663817609051,-0.5417332121965603,-0.624167485045978,-0.5020699280847842,0.05582881686667163
AAPL,2026-03-28,2026.0,Q2,371082000000.0,45572000000.0,71675000000.0,86737000000.0,22306000000.0,254940000000.0,106491000000.0,0.3402251510159253,0.28114458303914647,0.12280843587131685,0.28697430756544373,0.08749509688554169,0.7734216310971369,-0.3874005493066386,0.702615388269948,-0.36010177662708687,-0.021658489257758484
AMD,2015-03-28,2016.0,Q1,3428000000.0,677000000.0,-180000000.0,-137000000.0,242000000.0,,17000000.0,,,0.19749124854142358,0.004959159859976663,,,,-0.5533498759305211,-0.5533498759305211,-0.08999203610299977
AMD,2015-06-27,2016.0,Q2,3381000000.0,829000000.0,-361000000.0,-274000000.0,477000000.0,,-141000000.0,,,0.24519372966577935,-0.0417036379769299,,,,0.0,1.0055555555555555,0.0
AMD,2015-09-26,2016.0,Q3,3229000000.0,755000000.0,-558000000.0,-432000000.0,718000000.0,,-336000000.0,,,0.23381851966553113,-0.10405698358624961,,,,0.5457063711911356,2.0828729281767955,-0.04495711328009466
AMD,2015-12-26,2017.0,Q2,3084000000.0,785000000.0,-660000000.0,-481000000.0,947000000.0,,-412000000.0,,,0.25453955901426717,-0.13359273670557717,,,,0.18279569892473124,0.18279569892473124,-0.04490554351192322
AMD,2016-03-26,2017.0,Q1,2981000000.0,716000000.0,-109000000.0,-68000000.0,242000000.0,,-503000000.0,,,0.2401878564240188,-0.16873532371687353,,,,0.0,-0.8348484848484848,0.0
AMD,2016-06-25,2017.0,Q2,3316000000.0,957000000.0,-40000000.0,-76000000.0,485000000.0,,-413000000.0,,,0.28860072376357054,-0.12454764776839566,,,,-0.6330275229357798,-0.9393939393939394,0.11237839651123793
AMD,2016-09-24,2017.0,Q3,3616000000.0,1258000000.0,-446000000.0,-369000000.0,744000000.0,,385000000.0,,,0.3478982300884956,0.1064712389380531,,,,0.09852216748768483,10.15,0.0
AMD,2016-12-31,2017.0,Q3,3321000000.0,1264000000.0,-497000000.0,-372000000.0,1008000000.0,,416000000.0,,,0.3806082505269497,0.12526347485697079,,,,-0.002008032128514081,0.11434977578475336,0.0
AMD,2017-04-01,2018.0,Q1,3299000000.0,722000000.0,-33000000.0,11000000.0,271000000.0,1178000000.0,409000000.0,0.00933786078098472,-0.02801358234295416,0.21885419824189148,0.12397696271597454,0.2300509337860781,0.0,,0.0,-0.9336016096579477,0.0
AMD,2017-07-01,2018.0,Q2,3370000000.0,760000000.0,-75000000.0,10000000.0,556000000.0,2329000000.0,417000000.0,0.004293688278231,-0.0322026620867325,0.22551928783382788,0.12373887240356084,0.23872906826964363,0.9770797962648556,-0.4607548043528594,1.272727272727273,0.027397260273972712,0.021521673234313532
AMD,2017-09-30,2018.0,Q3,3586000000.0,879000000.0,-14000000.0,129000000.0,876000000.0,3913000000.0,520000000.0,0.03296703296703297,-0.0035778175313059034,0.24511991076408254,0.14500836586726157,0.22386915410171224,1.4703282828282829,2.3217317487266556,-1.2295081967213115,-0.8426966292134832,0.0
AMD,2017-12-30,2018.0,Q3,3552000000.0,1185000000.0,-33000000.0,127000000.0,1196000000.0,5253000000.0,596000000.0,0.024176660955644393,-0.006282124500285551,0.33361486486486486,0.1677927927927928,0.22767942128307633,0.0,1.2554744525547443,0.0,0.8333333333333333,0.0
AMD,2018-03-31,2019.0,Q1,3763000000.0,1045000000.0,81000000.0,120000000.0,343000000.0,1647000000.0,715000000.0,0.07285974499089254,0.04918032786885246,0.2777039596066968,0.19000797236247674,0.2082574377656345,0.0,-0.6864648772130211,0.0,-3.4545454545454546,0.0
AMD,2018-06-30,2019.0,Q2,4103000000.0,948000000.0,197000000.0,273000000.0,700000000.0,3403000000.0,879000000.0,0.08022333235380547,0.05789009697325889,0.23105045088959297,0.21423348769193273,0.20570085218924478,0.9379271070615034,1.066180935033394,0.6982758620689655,1.432098765432099,0.0
AMD,2018-09-29,2019.0,Q3,4347000000.0,1046000000.0,299000000.0,423000000.0,1063000000.0,5056000000.0,1125000000.0,0.0836629746835443,0.059137658227848104,0.24062571888658846,0.2587991718426501,0.21024525316455697,2.058681185722928,0.485747869526888,1.9313725490196076,0.5177664974619289,0.0
AMD,2018-12-29,2019.0,Q3,4556000000.0,1078000000.0,337000000.0,451000000.0,1434000000.0,6475000000.0,1266000000.0,0.06965250965250966,0.05204633204633204,0.23661106233538193,0.2778753292361721,0.22146718146718147,0.0,0.2806566455696202,0.0,0.1270903010033444,0.0
AMD,2019-03-30,2020.0,Q1,4931000000.0,978000000.0,16000000.0,38000000.0,373000000.0,1272000000.0,1788000000.0,0.029874213836477988,0.012578616352201259,0.1983370513080511,0.36260393429324683,0.29323899371069184,0.0,-0.8035521235521236,0.0,-0.9525222551928784,0.0
AMD,2019-06-29,2020.0,Q2,5102000000.0,963000000.0,51000000.0,97000000.0,746000000.0,2803000000.0,1901000000.0,0.03460577952194078,0.018194791295041028,0.18874950999607998,0.37259898079184633,0.26614341776667855,1.2036163522012577,1.2036163522012577,2.1875,2.1875,0.03467856418576343
AMD,2019-09-28,2020.0,Q3,5253000000.0,1156000000.0,171000000.0,283000000.0,1152000000.0,4604000000.0,2176000000.0,0.061468288444830585,0.037141615986099046,0.22006472491909385,0.41423948220064727,0.25021720243266726,1.5563575791227096,2.007184846505552,0.42500000000000004,3.885714285714286,0.0
AMD,2019-12-28,2020.0,Q3,6028000000.0,1466000000.0,341000000.0,631000000.0,1547000000.0,6731000000.0,2827000000.0,0.09374535730203536,0.05066112019016491,0.24319840743198406,0.46897810218978103,0.2298321200415986,0.0,0.46198957428323206,0.0,0.9941520467836258,0.0
AMD,2020-03-28,2021.0,Q1,5864000000.0,1330000000.0,162000000.0,177000000.0,442000000.0,1786000000.0,3037000000.0,0.09910414333706608,0.09070548712206047,0.2268076398362892,0.517905866302865,0.24748040313549832,0.0,-0.7346605259248254,0.0,-0.5249266862170088,0.0
AMD,2020-06-27,2021.0,Q2,6583000000.0,1775000000.0,319000000.0,350000000.0,902000000.0,3718000000.0,3305000000.0,0.09413663259817107,0.08579881656804733,0.26963390551420324,0.5020507367461644,0.24260355029585798,0.0,1.081746920492721,0.0,0.9691358024691359,0.0
AMD,2020-09-26,2021.0,Q3,7023000000.0,1296000000.0,709000000.0,799000000.0,1410000000.0,6519000000.0,3867000000.0,0.12256481055376592,0.10875901211842307,0.1845365228534814,0.5506193934216147,0.21629084215370456,0.7533620225927917,2.6500559910414334,1.2225705329153604,3.3765432098765435,0.0668388272823941
AMD,2020-12-26,2021.0,Q3,8962000000.0,1595000000.0,2490000000.0,1369000000.0,1983000000.0,9763000000.0,5837000000.0,0.14022329202089523,0.25504455597664655,0.1779736665922785,0.6513055121624637,0.20311379698863055,0.49762233471391326,1.6258741258741258,2.5119887165021155,6.80564263322884,0.27609283781859606
AMD,2021-03-27,2022.0,Q1,10047000000.0,1763000000.0,555000000.0,662000000.0,610000000.0,3445000000.0,6477000000.0,0.19216255442670538,0.16110304789550073,0.17547526624863144,0.6446700507614214,0.17706821480406387,-0.6471371504660453,-0.6471371504660453,-0.7771084337349398,-0.7771084337349398,0.1210667261771925
AMD,2021-06-26,2022.0,Q2,10691000000.0,2623000000.0,1265000000.0,1493000000.0,1269000000.0,7295000000.0,7065000000.0,0.20466072652501713,0.17340644276901987,0.24534655317556822,0.6608362173791039,0.17395476353666894,0.0,-0.25279115026119026,0.0,-0.4919678714859438,0.0
AMD,2021-09-25,2022.0,Q3,11153000000.0,2440000000.0,2188000000.0,2441000000.0,2034000000.0,11608000000.0,7136000000.0,0.21028600964851826,0.1884906960716747,0.21877521743028783,0.6398278490092352,0.17522398345968299,0.0,2.369521044992743,0.0,2.9423423423423425,0.0
AMD,2021-12-25,2022.0,Q3,12419000000.0,2535000000.0,3162000000.0,3648000000.0,2845000000.0,16434000000.0,7497000000.0,0.22197882438846295,0.1924059875867105,0.2041227151944601,0.603671793220066,0.17311670926128758,0.41574776016540316,1.2527758738862236,0.44515539305301655,1.4996047430830037,0.11351205953555099
AMD,2022-03-26,2023.0,Q1,66915000000.0,4740000000.0,786000000.0,951000000.0,1060000000.0,5887000000.0,55333000000.0,0.16154238151860031,0.13351452352641413,0.0708361353956512,0.8269147425838751,0.1800577543740445,0.0,-0.6417792381647803,0.0,-0.7514231499051234,0.0
AMD,2022-06-25,2023.0,Q2,67502000000.0,4964000000.0,1233000000.0,1477000000.0,2360000000.0,12437000000.0,55169000000.0,0.11875854305700732,0.09913966390608668,0.07353856182039051,0.8172943023910403,0.18975637211546192,0.0,-0.2432152853839601,0.0,-0.610056925996205,0.0
AMD,2022-09-24,2023.0,Q3,67811000000.0,3398000000.0,1299000000.0,1413000000.0,3639000000.0,18002000000.0,54542000000.0,0.0784912787468059,0.07215864903899567,0.05010986418132751,0.8043237822772117,0.2021442061993112,0.0,2.057924239850518,0.0,0.6526717557251909,0.0
AMD,2022-12-31,2023.0,Q3,67580000000.0,4835000000.0,1320000000.0,1264000000.0,5005000000.0,23601000000.0,54750000000.0,0.05355705266725986,0.055929833481632135,0.07154483575022196,0.81015093222847,0.21206728528452184,0.3110209976669258,0.8976441263970412,0.01616628175519641,0.07055961070559613,-0.0034065269646517127
AMD,2023-04-01,2024.0,Q1,67634000000.0,3825000000.0,-139000000.0,-145000000.0,1411000000.0,5353000000.0,54694000000.0,-0.02708761442181954,-0.025966747618158044,0.05655439571812994,0.8086761096489931,0.26359050999439565,0.0,-0.7731875767975933,0.0,-1.1053030303030302,0.0
AMD,2023-07-01,2024.0,Q2,67967000000.0,3841000000.0,-112000000.0,-165000000.0,2854000000.0,10712000000.0,55136000000.0,-0.015403286034353996,-0.010455563853622106,0.05651271940794798,0.8112172083511116,0.2664301717699776,0.0,-0.546120927079361,0.0,-1.084848484848485,0.0
AMD,2023-09-30,2024.0,Q3,67626000000.0,3561000000.0,187000000.0,59000000.0,4361000000.0,16512000000.0,54970000000.0,0.003573158914728682,0.011325096899224806,0.052657261999822555,0.8128530446869547,0.2641109496124031,0.0,2.084625443676443,0.0,-2.3453237410071943,0.0
AMD,2023-12-30,2024.0,Q1,67885000000.0,3933000000.0,854000000.0,401000000.0,5872000000.0,22680000000.0,55892000000.0,0.017680776014109348,0.037654320987654324,0.05793621565883479,0.8233335788465788,0.2589065255731922,0.0,0.3735465116279071,0.0,3.566844919786096,0.0
AMD,2024-03-30,2025.0,Q1,67895000000.0,4190000000.0,123000000.0,36000000.0,1525000000.0,5473000000.0,56198000000.0,0.006577745295084963,0.02247396309154029,0.06171293909713528,0.8277192724059209,0.27864059930568247,-0.7586860670194003,-0.7586860670194003,-0.8559718969555035,-0.8559718969555035,0.00014730794726380836
AMD,2024-06-29,2025.0,Q2,67886000000.0,4113000000.0,388000000.0,305000000.0,3108000000.0,11308000000.0,56538000000.0,0.026972055182171915,0.03431199151043509,0.06058686621689303,0.8328374038829803,0.2748496639547223,0.0,-0.5014109347442681,0.0,-0.5456674473067915,0.0
AMD,2024-09-28,2025.0,Q3,69636000000.0,3897000000.0,1159000000.0,1029000000.0,4744000000.0,18127000000.0,56985000000.0,0.05676614994207536,0.06393777238373696,0.055962433224194384,0.818326727554713,0.26170905279417445,0.0,2.312077471222364,0.0,8.422764227642276,0.0
AMD,2024-12-28,2025.0,Q2,69226000000.0,3787000000.0,1641000000.0,1900000000.0,6456000000.0,25785000000.0,57568000000.0,0.0736862516967229,0.06364165212332752,0.054704879669488345,0.8315950654378412,0.2503781268179174,0.42246372814034316,1.2802440749911566,0.41587575496117335,3.229381443298969,-0.005887759205008947
AMD,2025-03-29,2026.0,Q1,71550000000.0,6049000000.0,709000000.0,806000000.0,1728000000.0,7438000000.0,57881000000.0,0.10836246302769562,0.0953213229362732,0.08454227812718379,0.8089587700908456,0.23232051626781391,0.0,-0.7115377157261974,0.0,-0.5679463741620963,0.0
AMD,2025-06-28,2025.0,Q2,74820000000.0,4442000000.0,1581000000.0,672000000.0,3622000000.0,15123000000.0,59665000000.0,0.04443562785161674,0.10454274945447332,0.05936915263298583,0.7974472066292435,0.2395027441645176,1.0332078515730037,-0.41349621873182085,1.2299012693935119,-0.03656307129798908,0.045702306079664634
AMD,2025-09-27,2025.0,Q3,76891000000.0,4808000000.0,2824000000.0,1942000000.0,5761000000.0,24369000000.0,60790000000.0,0.07969141121917189,0.11588493577906356,0.06253007504129222,0.7905996800665878,0.23640691041897494,0.6113866296369768,-0.054915648632926084,0.7862112586970271,0.7209018890920171,0.027679764768778314
AMD,2025-12-27,2026.0,Q1,76926000000.0,5539000000.0,4335000000.0,3694000000.0,8091000000.0,34639000000.0,62999000000.0,0.10664280146655504,0.12514795461762754,0.07200426383797416,0.8189558796765722,0.23358064609255463,0.42143707168944156,3.657031460069911,0.535056657223796,5.114245416078984,0.00045518981415249016
AMD,2026-03-28,2026.0,Q1,79642000000.0,5585000000.0,1383000000.0,1476000000.0,2397000000.0,10253000000.0,64462000000.0,0.14395786599044183,0.1348873500438896,0.07012631526079205,0.8093970518068356,0.23378523359016873,-0.7040041571638904,-0.32202605303180587,-0.6809688581314879,-0.1252371916508539,0.03530665834698277
AMZN,2015-03-31,2017.0,Q1,50075000000.0,10237000000.0,-405000000.0,255000000.0,,,10873000000.0,,,0.20443334997503745,0.21713429855217176,,,,0.0,0.0,0.0
AMZN,2015-06-30,2017.0,Q2,52440000000.0,10269000000.0,-188000000.0,719000000.0,,,11768000000.0,,,0.19582379862700228,0.2244088482074752,,,,-0.5358024691358025,2.2982456140350878,0.047229156265601535
AMZN,2015-09-30,2017.0,Q3,56230000000.0,10709000000.0,328000000.0,1124000000.0,,,12430000000.0,,,0.19044993775564645,0.2210563756002134,,,,2.5652173913043477,2.5652173913043477,0.07227307398932115
AMZN,2015-12-31,2017.0,Q2,64747000000.0,15890000000.0,596000000.0,2233000000.0,,,13384000000.0,,,0.24541677606684478,0.20671228010564197,,,,0.8170731707317074,6.544303797468355,0.15146718833362982
AMZN,2016-03-31,2017.0,Q1,61128000000.0,12470000000.0,1166000000.0,1071000000.0,,,14756000000.0,,,0.2039981677790865,0.24139510535270253,,,,1.2729044834307994,1.2729044834307994,0.0
AMZN,2016-06-30,2017.0,Q2,65076000000.0,12521000000.0,1931000000.0,2356000000.0,,,16538000000.0,,,0.1924058024463704,0.25413362837297926,,,,0.6560891938250428,0.6560891938250428,0.06458578720062813
AMZN,2016-09-30,2017.0,Q3,70897000000.0,13656000000.0,2105000000.0,2931000000.0,,,17782000000.0,,,0.1926174591308518,0.2508145619701821,,,,7.353174603174603,0.09010875194199897,0.0
AMZN,2016-12-31,2017.0,Q1,83402000000.0,19334000000.0,2371000000.0,4186000000.0,,,19285000000.0,,,0.23181698280616772,0.23122946691925853,,,,0.0,8.408730158730158,0.0
AMZN,2017-03-31,2017.0,Q1,80969000000.0,15440000000.0,2583000000.0,1005000000.0,,135987000000.0,21674000000.0,0.007390412318824593,0.018994462705993954,0.19069026417517815,0.26768269337647743,,0.0,0.0,2.56767955801105,0.08941374947279623,-0.029171962303062293
AMZN,2017-06-30,2018.0,Q2,87781000000.0,13203000000.0,1922000000.0,1632000000.0,,37955000000.0,23214000000.0,0.04299828744565933,0.05063891450401792,0.15040840272952005,0.264453583349472,,0.0,0.06274850198801585,8.756345177664974,8.756345177664974,0.0
AMZN,2017-09-30,2018.0,Q3,115267000000.0,12767000000.0,1926000000.0,1979000000.0,,117413000000.0,24658000000.0,0.01685503308832923,0.016403635031895958,0.11076023493280818,0.21392072319050554,,1.684093818580834,2.0934791200105387,6.5234375,0.0020811654526535772,0.0
AMZN,2017-12-31,2019.0,Q3,131310000000.0,20522000000.0,3033000000.0,4106000000.0,,177866000000.0,27709000000.0,0.023084794170892695,0.01705216286417865,0.156286649912421,0.21101972431650293,,0.0,3.6862336978000263,0.0,0.5747663551401869,0.0
AMZN,2018-03-31,2019.0,Q2,126362000000.0,16676000000.0,3938000000.0,1927000000.0,,51042000000.0,31463000000.0,0.037753222836095765,0.07715214921045413,0.1319700542884728,0.2489909941279815,,-0.7130311582876998,-0.7130311582876998,0.2983844378503133,0.2983844378503133,-0.03768182164343914
AMZN,2018-06-30,2019.0,Q2,134100000000.0,19823000000.0,6275000000.0,4911000000.0,,103928000000.0,34995000000.0,0.04725386806250481,0.06037833884997306,0.14782252050708428,0.2609619686800895,,0.9651325492568923,1.0361271110066221,1.4763220205209158,2.8520564763658687,0.0
AMZN,2018-09-30,2019.0,Q3,143695000000.0,20425000000.0,8902000000.0,8635000000.0,,160504000000.0,39125000000.0,0.05379928226087823,0.05546279220455565,0.14214134103483073,0.2722780890079683,,1.836962669683258,0.5443768762989762,2.087755809920222,0.4186454183266932,0.0
AMZN,2018-12-31,2020.0,Q3,162648000000.0,31750000000.0,10073000000.0,12421000000.0,,232887000000.0,43549000000.0,0.053334879147397665,0.04325273630559026,0.1952068270129359,0.26774998770350694,,0.0,0.45097318446892287,0.0,0.1315434733767693,0.0
AMZN,2019-03-31,2020.0,Q2,178102000000.0,23115000000.0,12005000000.0,4420000000.0,,59700000000.0,48410000000.0,0.07403685092127303,0.2010887772194305,0.1297851792792894,0.2718105355358166,,-0.7436525009983382,-0.7436525009983382,0.19179986101459345,0.19179986101459345,0.09501500172150901
AMZN,2019-06-30,2020.0,Q2,191351000000.0,22616000000.0,12096000000.0,7504000000.0,,123104000000.0,53061000000.0,0.06095658955029894,0.09825838315570574,0.11819117746967614,0.27729669560127723,,0.9415809728092865,0.9415809728092865,3.6079999999999997,3.6079999999999997,0.0
AMZN,2019-09-30,2020.0,Q3,199099000000.0,23255000000.0,11347000000.0,10662000000.0,,193086000000.0,56508000000.0,0.05521891799509027,0.058766559978455195,0.11680118935805806,0.2838186028056394,,1.7591203326617224,2.045328370449814,4.317244611059044,3.3226666666666667,0.0
AMZN,2019-12-31,2021.0,Q1,225248000000.0,36092000000.0,11588000000.0,14541000000.0,,280522000000.0,62060000000.0,0.05183550666257905,0.04130870306072251,0.1602322773121182,0.27551853956527916,,0.0,0.0,0.0,0.0,0.0
AMZN,2020-03-31,2021.0,Q1,221238000000.0,27201000000.0,10563000000.0,3989000000.0,,75452000000.0,65272000000.0,0.052868048560674334,0.1399962890314372,0.12294904130393512,0.29503069093012957,,-0.7310300083415917,-0.7310300083415917,-0.08845357266137388,-0.08845357266137388,-0.0178025998011081
AMZN,2020-06-30,2021.0,Q2,258314000000.0,37466000000.0,13180000000.0,9832000000.0,,164364000000.0,73728000000.0,0.059818451729089096,0.0801878756905405,0.14504053206562556,0.28542007014718523,,0.0,1.1783915601972113,0.0,0.24775158572375267,0.0
AMZN,2020-09-30,2021.0,Q3,282179000000.0,29930000000.0,17377000000.0,16026000000.0,,260509000000.0,82775000000.0,0.06151802816793278,0.06670402941932908,0.10606742528678605,0.2933421693322324,,0.0,0.5849516925847509,0.0,0.31843702579666155,0.0
AMZN,2020-12-31,2022.0,Q3,321195000000.0,42122000000.0,21331000000.0,22899000000.0,,386064000000.0,93404000000.0,0.05931399975133657,0.05525249699531684,0.13114151839225394,0.29080153800650693,,0.0,3.015435020021842,0.0,2.36929395040278,0.0
AMZN,2021-03-31,2022.0,Q2,323077000000.0,33834000000.0,26903000000.0,8865000000.0,,108518000000.0,103320000000.0,0.08169151661475516,0.24791278866178884,0.1047242607799379,0.319799923857161,,-0.7189118902565378,-0.7189118902565378,0.2612160705077118,0.2612160705077118,0.005859368919192365
AMZN,2021-06-30,2022.0,Q2,360319000000.0,40380000000.0,29438000000.0,16567000000.0,,221598000000.0,114803000000.0,0.07476150506773527,0.13284415924331447,0.11206736253153456,0.31861489402446164,,1.0420391087192908,1.0420391087192908,0.09422740958257436,0.09422740958257436,0.11527282969694541
AMZN,2021-09-30,2022.0,Q3,382406000000.0,29944000000.0,26263000000.0,21419000000.0,,332410000000.0,120564000000.0,0.06443548629704281,0.07900785174934569,0.07830421070799098,0.3152774799558584,,0.0,0.5000586647893934,0.0,-0.10785379441538145,0.0
AMZN,2021-12-31,2023.0,Q1,420549000000.0,36220000000.0,33364000000.0,24879000000.0,,469822000000.0,138245000000.0,0.052954097509269465,0.07101412875514557,0.08612551688388273,0.32872507127587985,,0.0,0.0,0.0,0.0,0.0
AMZN,2022-03-31,2023.0,Q2,410767000000.0,36393000000.0,21413000000.0,3669000000.0,,116444000000.0,134001000000.0,0.031508708048504,0.1838909690495002,0.08859767215964282,0.32622143453588043,,-0.7521529430294878,-0.7521529430294878,-0.35820045558086555,-0.35820045558086555,-0.023260071953565498
AMZN,2022-06-30,2023.0,Q2,419728000000.0,37478000000.0,11607000000.0,6986000000.0,,237678000000.0,131402000000.0,0.029392707781115628,0.04883497841617651,0.08929115998932642,0.31306465139328327,,0.0,1.041135653189516,0.0,-0.4579461075047868,0.0
AMZN,2022-09-30,2023.0,Q3,428362000000.0,34947000000.0,11323000000.0,9511000000.0,,364779000000.0,137489000000.0,0.02607332110675231,0.031040712321707117,0.08158286682758975,0.3209645113245339,,0.0,0.5347613157296847,0.0,-0.024467993452227055,0.0
AMZN,2022-12-31,2024.0,Q1,462675000000.0,53888000000.0,-2722000000.0,12248000000.0,,513983000000.0,146043000000.0,0.023829581912242232,-0.005295895000418302,0.11647052466634246,0.3156492138109904,,0.4090257388720293,1.162518196888227,-1.2403956548617858,-1.2345136555526837,0.08010281023993726
AMZN,2023-03-31,2024.0,Q1,464378000000.0,49343000000.0,4294000000.0,4774000000.0,,127358000000.0,154526000000.0,0.037484885126964934,0.03371598172081848,0.10625611032391716,0.3327590885011779,,0.0,-0.7522135946130514,0.0,-2.577516531961793,0.0
AMZN,2023-06-30,2024.0,Q2,477607000000.0,49529000000.0,13072000000.0,12455000000.0,,261741000000.0,168602000000.0,0.04758520827841263,0.049942500410711355,0.10370241642186986,0.353014088989483,,0.0,1.0551594717253727,0.0,2.0442477876106193,0.0
AMZN,2023-09-30,2024.0,Q3,486883000000.0,49605000000.0,20079000000.0,23643000000.0,,404824000000.0,182973000000.0,0.05840315791553861,0.049599332055411734,0.10188279319672283,0.3758048648237872,,0.5466587198795756,0.5466587198795756,0.5360312117503061,0.5360312117503061,0.01942182589451158
AMZN,2023-12-31,2025.0,Q1,527854000000.0,73387000000.0,30425000000.0,36852000000.0,,574785000000.0,201875000000.0,0.0641144079960333,0.05293283575597832,0.139028973920819,0.3824447669241874,,0.0,0.0,0.0,0.0,0.0
AMZN,2024-03-31,2025.0,Q2,530969000000.0,72852000000.0,37684000000.0,15307000000.0,,143313000000.0,216661000000.0,0.10680817511321374,0.2629489299644833,0.13720575024153953,0.408048304138283,,-0.7506667710535244,-0.7506667710535244,0.23858668857847176,0.23858668857847176,0.005901252997988049
AMZN,2024-06-30,2025.0,Q2,554818000000.0,71178000000.0,44419000000.0,29979000000.0,,291290000000.0,236447000000.0,0.10291805417281746,0.15249064506162244,0.12829071875822343,0.42617038380153494,,0.0,1.0325441516122056,0.0,0.17872306549198602,0.0
AMZN,2024-09-30,2025.0,Q3,584626000000.0,75091000000.0,49868000000.0,47390000000.0,,450167000000.0,259151000000.0,0.10527204348608406,0.11077666732568135,0.12844279932811747,0.4432765562941094,,0.0,0.5454255209584951,0.0,0.12267273013800395,0.0
AMZN,2024-12-31,2026.0,Q1,624894000000.0,78779000000.0,59248000000.0,68593000000.0,,637959000000.0,285970000000.0,0.1075194487420038,0.09287117197186653,0.12606778109567382,0.45762961398253144,,0.0,1.190116378866422,0.0,0.33384362547558477,0.0
AMZN,2025-03-31,2026.0,Q1,643256000000.0,66207000000.0,65944000000.0,18405000000.0,,155667000000.0,305867000000.0,0.11823315153500742,0.42362221922437,0.10292480754163194,0.47549809096222967,,0.0,-0.7559921562357456,0.0,0.1130164731298946,0.0
AMZN,2025-06-30,2025.0,Q2,682170000000.0,57741000000.0,70623000000.0,37576000000.0,,323369000000.0,333775000000.0,0.11620161487341087,0.2183975582074967,0.08464312414793966,0.48928419602151957,,1.0773124682816526,-0.49311946378999283,0.07095414290913493,0.19198960302457468,0.06049535488203772
AMZN,2025-09-30,2025.0,Q3,727921000000.0,66922000000.0,76482000000.0,54998000000.0,,503538000000.0,369631000000.0,0.10922313708200772,0.15188923179581282,0.0919358007256282,0.5077899936943707,,0.557162251174355,2.234712559502014,0.08296164139161455,0.15980225646002677,0.06706686016682051
AMZN,2025-12-31,2026.0,Q1,818042000000.0,86810000000.0,77670000000.0,79975000000.0,,716924000000.0,411065000000.0,0.11155296795755199,0.10833784334183261,0.1061192457111004,0.5024986492136101,,0.42377337956618955,3.6054976327673813,0.015533066603906853,0.17781754215698165,0.1238060174112301
AMZN,2026-03-31,2026.0,Q1,916630000000.0,101816000000.0,90798000000.0,23852000000.0,,181519000000.0,441914000000.0,0.13140222235688825,0.5002120990089192,0.11107644305772231,0.4821072842913717,,-0.7468085878001016,-0.4386629516125541,0.1690227887215141,0.2856718066352322,0.1205170394674111
GOOGL,2015-03-31,2016.0,Q1,130426000000.0,16976000000.0,3515000000.0,4447000000.0,2753000000.0,17258000000.0,103860000000.0,0.2576775987947619,0.20367365859311623,0.13015809731188566,0.796313618450309,0.15952022250550468,-0.7385191133467675,-0.7385191133467675,0.0,-0.7513440860215054,0.0
GOOGL,2015-06-30,2016.0,Q2,130426000000.0,18453000000.0,7446000000.0,9272000000.0,5542000000.0,34985000000.0,103860000000.0,0.26502786908675147,0.21283407174503358,0.141482526490117,0.796313618450309,0.15841074746319853,1.0271758025263646,-0.46993227375342794,1.1183499288762446,-0.47325976230899836,0.0
GOOGL,2015-09-30,2016.0,Q3,144281000000.0,18068000000.0,11425000000.0,13980000000.0,8772000000.0,53660000000.0,116241000000.0,0.26052925829295565,0.2129146477823332,0.12522785397938743,0.8056570165163812,0.16347372344390607,0.0,-0.18698201542400872,0.0,2.2503556187766716,0.0
GOOGL,2015-12-31,2017.0,Q1,147461000000.0,16549000000.0,16348000000.0,19360000000.0,12282000000.0,74989000000.0,120331000000.0,0.25817119844243824,0.21800530744509194,0.11222628355972088,0.8160191508263201,0.16378402165650963,0.0,0.0,0.0,0.0,0.0
GOOGL,2016-03-31,2017.0,Q1,149747000000.0,15111000000.0,4207000000.0,5342000000.0,3367000000.0,20257000000.0,123569000000.0,0.2637113096707311,0.2076812953546922,0.10091020187382718,0.825185145612266,0.16621414819568545,-0.7298670471669177,-0.7298670471669177,-0.7426596525568877,-0.7426596525568877,0.015502404025471206
GOOGL,2016-06-30,2017.0,Q2,154292000000.0,13627000000.0,9084000000.0,11310000000.0,6730000000.0,41757000000.0,127879000000.0,0.2708527911487894,0.2175443638192399,0.08831954994426153,0.8288116039716901,0.16117058217783845,0.0,-0.44315832988838366,0.0,-0.4443356985563983,0.0
GOOGL,2016-09-30,2017.0,Q3,159948000000.0,9406000000.0,14145000000.0,17077000000.0,10326000000.0,64208000000.0,134103000000.0,0.2659637428357837,0.2202996511338151,0.05880661214894841,0.8384162352764648,0.16082108148517318,0.0,2.1696697437922694,0.0,2.3622533872117897,0.0
GOOGL,2016-12-31,2018.0,Q2,167497000000.0,12918000000.0,19478000000.0,23716000000.0,13948000000.0,90272000000.0,139036000000.0,0.26271712158808935,0.2157701169797944,0.07712376938094413,0.830080538755918,0.1545108117688763,0.0,1.1618411284335561,0.0,1.1442095992954644,0.0
GOOGL,2017-03-31,2018.0,Q1,172756000000.0,18132000000.0,5426000000.0,6568000000.0,3942000000.0,24750000000.0,144949000000.0,0.2653737373737374,0.21923232323232322,0.10495728078908982,0.8390388756396304,0.15927272727272726,0.0,-0.7258286068769939,0.0,-0.7214293048567615,0.0
GOOGL,2017-06-30,2018.0,Q2,178621000000.0,15711000000.0,8950000000.0,10700000000.0,8114000000.0,50760000000.0,148286000000.0,0.210795902285264,0.17631993695823484,0.08795718308597533,0.8301711444902895,0.15985027580772262,0.0,-0.43769939737681673,0.0,-0.5405072389362358,0.0
GOOGL,2017-09-30,2018.0,Q3,189536000000.0,10581000000.0,15682000000.0,18482000000.0,12319000000.0,78532000000.0,157100000000.0,0.23534355421993583,0.1996892986298579,0.05582580617930103,0.828866283977714,0.15686599093363215,0.0,2.173010101010101,0.0,1.8901584961297457,0.0
GOOGL,2017-12-31,2019.0,Q1,197295000000.0,10715000000.0,12662000000.0,26178000000.0,16625000000.0,110855000000.0,152502000000.0,0.23614631726128726,0.11422128005051645,0.05430953648090423,0.7729643427354976,0.14997068242298497,0.41159017979931756,1.1839046493301812,-0.19257747736258135,0.4147486033519554,0.04093681411446903
GOOGL,2018-03-31,2019.0,Q1,206935000000.0,12658000000.0,9401000000.0,7633000000.0,5039000000.0,31146000000.0,160825000000.0,0.24507159827907277,0.30183651191164196,0.06116896610046633,0.7771764080508372,0.16178642522314263,0.0,-0.7190383834739074,0.0,-0.25754225240878215,0.0
GOOGL,2018-06-30,2019.0,Q2,211610000000.0,14148000000.0,12596000000.0,10678000000.0,10153000000.0,63803000000.0,162000000000.0,0.16735890161904612,0.19742018400388697,0.06685884409999528,0.7655592835877322,0.1591304484115167,0.0,1.048513452770821,0.0,0.3398574619721306,0.0
GOOGL,2018-09-30,2019.0,Q3,221538000000.0,13443000000.0,21788000000.0,19303000000.0,15385000000.0,97543000000.0,169840000000.0,0.19789221163999468,0.2233681555826661,0.060680334750697396,0.7666404860565682,0.1577253108885312,0.0,0.5288152594705577,0.0,0.7297554779295015,0.0
GOOGL,2018-12-31,2020.0,Q3,232792000000.0,16701000000.0,30736000000.0,27524000000.0,21419000000.0,136819000000.0,177628000000.0,0.20117089000796673,0.22464716157843576,0.07174215608783807,0.7630330939207532,0.15654989438601363,0.40265318885004553,1.1443975988589878,0.4106847806131815,1.4401397268974279,0.05079941138766264
GOOGL,2019-03-31,2020.0,Q1,245349000000.0,19148000000.0,6657000000.0,6608000000.0,6029000000.0,36339000000.0,183472000000.0,0.18184319876716476,0.18319161231734502,0.07804392925995216,0.7478000725497149,0.16590990395993285,0.0,-0.7344009238482959,0.0,-0.7834135866736075,0.0
GOOGL,2019-06-30,2020.0,Q2,257101000000.0,16587000000.0,16604000000.0,15788000000.0,12242000000.0,75283000000.0,192192000000.0,0.20971534078078716,0.2205544412417146,0.06451550168999731,0.7475350154219548,0.16261307333660985,1.071686067310603,1.071686067310603,1.4942166140904312,1.4942166140904312,0.047899115138027915
GOOGL,2019-09-30,2020.0,Q3,263044000000.0,16032000000.0,23672000000.0,24965000000.0,18796000000.0,115782000000.0,194969000000.0,0.21562073552020175,0.20445319652450294,0.06094797828500175,0.7412029926552212,0.162339569190375,0.0,0.5379567764302697,0.0,0.4256805589014696,0.0
GOOGL,2019-12-31,2021.0,Q1,275909000000.0,18498000000.0,34343000000.0,34231000000.0,26018000000.0,161857000000.0,201442000000.0,0.2114891540063142,0.2121811228430034,0.06704384416601125,0.7301030412201124,0.16074683208016954,0.0,0.0,0.0,0.0,0.0
GOOGL,2020-03-31,2021.0,Q1,273403000000.0,19644000000.0,6836000000.0,7977000000.0,6820000000.0,41159000000.0,203659000000.0,0.1938093734055735,0.16608761145800433,0.0718499797002959,0.7449040427500796,0.16569887509414707,-0.7457076308099124,-0.7457076308099124,-0.8009492472993041,-0.8009492472993041,-0.009082704804845076
GOOGL,2020-06-30,2021.0,Q2,278492000000.0,17742000000.0,13795000000.0,14360000000.0,13695000000.0,79456000000.0,207322000000.0,0.1807289569069674,0.17361810310108738,0.06370739554457579,0.7444450828030966,0.17235954490535643,0.0,0.9304647829150368,0.0,1.0179929783499122,0.0
GOOGL,2020-09-30,2021.0,Q3,299243000000.0,20129000000.0,25042000000.0,25573000000.0,20551000000.0,125629000000.0,212920000000.0,0.20355968765173646,0.1993329565625771,0.06726640222160585,0.7115287575649222,0.16358484107968702,0.0,0.581114075714861,0.0,0.8152953968829286,0.0
GOOGL,2020-12-31,2022.0,Q3,319616000000.0,26465000000.0,40269000000.0,41224000000.0,27573000000.0,182527000000.0,222544000000.0,0.22585151785763202,0.22061941520980458,0.08280248798558269,0.6962855426511814,0.15106258252203783,0.0,1.2972085179218689,0.0,1.9191011235955058,0.0
GOOGL,2021-03-31,2022.0,Q1,327095000000.0,26622000000.0,17930000000.0,16437000000.0,7485000000.0,55314000000.0,230013000000.0,0.2971580431717106,0.32414940159814876,0.0813891988566013,0.7031993763279781,0.1353183642477492,0.0,-0.6969544231812279,0.0,-0.5547443442846856,0.0
GOOGL,2021-06-30,2022.0,Q3,335387000000.0,23630000000.0,36455000000.0,35798000000.0,15160000000.0,117194000000.0,237565000000.0,0.3054593238561701,0.31106541290509754,0.07045592107028596,0.7083309728761102,0.1293581582674881,1.1187041255378385,1.1187041255378385,1.0331846068042387,1.0331846068042387,0.02535043336033871
GOOGL,2021-09-30,2022.0,Q3,347403000000.0,23719000000.0,55391000000.0,56829000000.0,22854000000.0,182312000000.0,244567000000.0,0.31171288779674405,0.30382531045679934,0.06827517321381796,0.7039864365016998,0.1253565316600114,0.5556427803471167,0.5556427803471167,0.5194349197640926,0.5194349197640926,0.03582726820061599
GOOGL,2021-12-31,2023.0,Q1,359268000000.0,20945000000.0,76033000000.0,78714000000.0,31562000000.0,257637000000.0,251635000000.0,0.3055228868524319,0.2951167728237792,0.058299097052896445,0.7004102786777558,0.12250569599863374,0.0,0.0,0.0,0.0,0.0
GOOGL,2022-03-31,2023.0,Q2,357096000000.0,20886000000.0,16436000000.0,20094000000.0,9119000000.0,68011000000.0,254004000000.0,0.2954522062607519,0.24166678919586537,0.05848847368774783,0.7113045231534377,0.1340812515622473,-0.736020059230623,-0.736020059230623,-0.78383070508858,-0.78383070508858,-0.006045626106416346
GOOGL,2022-06-30,2023.0,Q2,355185000000.0,17936000000.0,32438000000.0,39547000000.0,18960000000.0,137696000000.0,255419000000.0,0.28720514757146176,0.23557692307692307,0.050497627996677785,0.7191153905711108,0.1376946316523356,0.0,1.0246136654364735,0.0,0.973594548551959,0.0
GOOGL,2022-09-30,2023.0,Q3,358255000000.0,21984000000.0,46348000000.0,56682000000.0,29233000000.0,206788000000.0,253626000000.0,0.2741068147087839,0.22413292840977234,0.06136411215475011,0.7079482491521403,0.14136700388803994,0.0,0.5017720195212643,0.0,0.4288180529009187,0.0
GOOGL,2022-12-31,2024.0,Q1,365264000000.0,21879000000.0,59972000000.0,74842000000.0,39500000000.0,282836000000.0,256144000000.0,0.2646127084246701,0.2120380715326196,0.05989914144290157,0.7012571728941259,0.13965690364734334,0.3677582838462581,1.0540611201487335,0.2939501165098817,0.8488192860225661,0.019564276841914197
GOOGL,2023-03-31,2024.0,Q1,369491000000.0,25924000000.0,15051000000.0,17415000000.0,11468000000.0,69787000000.0,260894000000.0,0.24954504420594092,0.21567054035851949,0.07016138417444538,0.7060902701283658,0.1643285998824996,0.0,-0.7532598396243759,0.0,-0.7490328820116054,0.0
GOOGL,2023-06-30,2024.0,Q2,383044000000.0,25929000000.0,33419000000.0,39253000000.0,22056000000.0,144391000000.0,267141000000.0,0.271852123747325,0.2314479434313773,0.06769196228109564,0.6974159626570315,0.1527519028194278,0.0,1.069024316849843,0.0,1.2203840276393594,0.0
GOOGL,2023-09-30,2024.0,Q3,396711000000.0,30702000000.0,53108000000.0,60596000000.0,33314000000.0,221084000000.0,273202000000.0,0.27408586781494815,0.24021638834108303,0.07739135037848711,0.6886675690868164,0.15068480758444755,0.531148063244939,0.531148063244939,0.5891558694156018,0.5891558694156018,0.035679974102191814
GOOGL,2023-12-31,2025.0,Q1,402392000000.0,24048000000.0,73795000000.0,84293000000.0,45427000000.0,307394000000.0,283379000000.0,0.27421810445226646,0.24006649446638517,0.059762619535179626,0.704236167717052,0.14778102370247956,0.0,0.0,0.0,0.0,0.0
GOOGL,2024-03-31,2025.0,Q2,407350000000.0,24493000000.0,23662000000.0,25472000000.0,11903000000.0,80539000000.0,292844000000.0,0.3162691366915407,0.2937955524652653,0.060127654351294954,0.7189002086657665,0.1477917530637331,-0.7379942354112312,-0.7379942354112312,-0.6793549698489058,-0.6793549698489058,0.012321318515278623
GOOGL,2024-06-30,2025.0,Q2,414770000000.0,27225000000.0,47281000000.0,52897000000.0,23763000000.0,165281000000.0,300753000000.0,0.32004283613966517,0.28606433891372873,0.06563878776189214,0.72510789112038,0.14377333147790733,0.0,1.0521858975154892,0.0,0.9981827402586425,0.0
GOOGL,2024-09-30,2025.0,Q3,430266000000.0,19959000000.0,73582000000.0,81418000000.0,36210000000.0,253549000000.0,314119000000.0,0.3211134731353703,0.29020820433131267,0.04638758349486132,0.7300576852458711,0.14281263187786186,0.0,0.5340480757013812,0.0,0.5562699604492292,0.0
GOOGL,2024-12-31,2026.0,Q1,450256000000.0,23466000000.0,100118000000.0,112390000000.0,49326000000.0,350018000000.0,325084000000.0,0.32109777211457696,0.28603671811164,0.052117017874275966,0.7219981521623254,0.14092418104211785,0.0,1.1177146798482585,0.0,1.117510204944904,0.0
GOOGL,2025-03-31,2026.0,Q1,475374000000.0,23264000000.0,34540000000.0,30606000000.0,13556000000.0,90234000000.0,345267000000.0,0.3391847862224882,0.38278254316554733,0.0489383096256842,0.7263060243092807,0.15023162001019572,0.0,-0.742201829620191,0.0,-0.6550070916318744,0.0
GOOGL,2025-06-30,2025.0,Q2,502053000000.0,21036000000.0,62736000000.0,61877000000.0,27364000000.0,186662000000.0,362916000000.0,0.3314922158768255,0.33609411663863026,0.04189995876929328,0.7228639207414357,0.14659652205590853,1.068643748476184,-0.4667074264752098,0.8163288940359004,-0.3733794122934937,0.05612212699895247
GOOGL,2025-09-30,2025.0,Q3,536469000000.0,23090000000.0,97715000000.0,93105000000.0,42515000000.0,289007000000.0,386867000000.0,0.3221548266996993,0.3381059974325881,0.043040697598556485,0.7211357972222067,0.14710716349430983,0.5482904929766101,2.202861449121174,0.5575586585054833,1.8290387955993053,0.06855053151758872
GOOGL,2025-12-31,2026.0,Q1,595281000000.0,30708000000.0,132170000000.0,129039000000.0,61087000000.0,402836000000.0,415265000000.0,0.32032638592380025,0.3280987796522654,0.05158572170117978,0.6975949173583568,0.15164235569810047,0.39386243239783125,3.4643482501052816,0.3526070715857341,2.826577880718008,0.10962795613539655
GOOGL,2026-03-31,2026.0,Q1,703919000000.0,38063000000.0,62578000000.0,39696000000.0,17032000000.0,109896000000.0,478746000000.0,0.36121423891679405,0.5694292785906675,0.054072982828990264,0.6801151837072164,0.15498289291693965,-0.7271941931704218,-0.4112567099891783,-0.5265340092305364,-0.002518490181076305,0.18249868549474946
INTC,2015-03-28,2016.0,Q1,89566000000.0,4244000000.0,1992000000.0,2615000000.0,2995000000.0,,54924000000.0,,,0.04738405198401179,0.6132237679476588,,,,0.0,-0.8298017771701982,0.0
INTC,2015-06-27,2016.0,Q2,90492000000.0,4454000000.0,4698000000.0,5511000000.0,6082000000.0,,57695000000.0,,,0.04921982053662202,0.6375701719489015,,,,0.0,-0.5985987696514012,0.0
INTC,2015-09-26,2016.0,Q3,98552000000.0,7065000000.0,7807000000.0,9703000000.0,9009000000.0,,57097000000.0,,,0.0716880428606218,0.5793591200584463,,,,0.0,2.9191767068273093,0.0
INTC,2015-12-26,2017.0,Q3,101459000000.0,15308000000.0,11420000000.0,14002000000.0,12128000000.0,,61085000000.0,,,0.15087868005795443,0.6020658591155048,,,,0.0,1.430821626223925,0.0
INTC,2016-04-02,2017.0,Q1,105467000000.0,3061000000.0,2046000000.0,2568000000.0,3246000000.0,,61174000000.0,,,0.02902329638654745,0.5800297723458523,,,,0.0,-0.8208406304728546,0.0
INTC,2016-07-02,2017.0,Q2,109831000000.0,3885000000.0,3376000000.0,3886000000.0,6391000000.0,,61367000000.0,,,0.03537252688220994,0.558740246378527,,,,0.0,-0.7043782837127845,0.0
INTC,2016-10-01,2017.0,Q3,112217000000.0,4752000000.0,6754000000.0,8348000000.0,9460000000.0,,63115000000.0,,,0.04234652503631357,0.5624370639029737,,,,1.0005924170616112,2.3010752688172045,0.02172428549316674
INTC,2016-12-31,2018.0,Q2,113327000000.0,5560000000.0,10316000000.0,13133000000.0,12685000000.0,59387000000.0,66226000000.0,0.2211426743226632,0.17370805058346103,0.049061565205114406,0.5843797153370336,0.213598935794029,0.0,,0.0,2.0556872037914693,0.0
INTC,2017-04-01,2018.0,Q1,115648000000.0,4934000000.0,2964000000.0,3632000000.0,3311000000.0,59387000000.0,66844000000.0,0.06115816592857023,0.049909912943910284,0.042663945766463755,0.5779952960708357,0.05575294256318723,0.0,,0.0,-0.7126793330748352,0.0
INTC,2017-07-01,2018.0,Q2,122107000000.0,11687000000.0,5772000000.0,7474000000.0,6573000000.0,59387000000.0,68625000000.0,0.12585245929243774,0.09719298836445686,0.09571113859156313,0.5620070921404997,0.1106807887248051,0.0,,0.0,-0.4404808065141528,0.0
INTC,2017-09-30,2018.0,Q3,127088000000.0,9075000000.0,10288000000.0,12615000000.0,9782000000.0,45708000000.0,70936000000.0,0.27599107377264376,0.22508094863043668,0.0714072138990306,0.5581644215032103,0.21401067646801436,-0.23033660565443614,-0.23033660565443614,0.0,2.4709851551956814,0.0
INTC,2017-12-30,2019.0,Q3,123249000000.0,3433000000.0,9601000000.0,18050000000.0,13035000000.0,62761000000.0,69019000000.0,0.2875989866318255,0.15297716734914996,0.02785418137266834,0.5599964299913184,0.20769267538758146,0.0,0.056813780793776525,0.0,-0.06677682737169521,0.0
INTC,2018-03-31,2019.0,Q1,128596000000.0,3554000000.0,4454000000.0,4470000000.0,3311000000.0,16066000000.0,70165000000.0,0.27822731233661147,0.2772314203908876,0.027636940495816355,0.5456235030638589,0.20608738951823727,-0.7440130017048805,-0.7440130017048805,0.0,-0.5360899906259764,0.0
INTC,2018-06-30,2019.0,Q2,125972000000.0,2614000000.0,9460000000.0,9743000000.0,6682000000.0,33028000000.0,70047000000.0,0.294992127891486,0.2864236405474143,0.02075064300003175,0.556052138570476,0.20231318880949498,1.0557699489605379,-0.4737496215802808,0.0,1.123933542882802,0.0
INTC,2018-09-29,2019.0,Q3,128242000000.0,3407000000.0,15858000000.0,17092000000.0,10110000000.0,52191000000.0,71483000000.0,0.3274894138836198,0.3038454906018279,0.026566959342493097,0.5574070897209963,0.19371155946427546,0.5802046748213636,2.248537283704718,0.6763213530655392,2.560395150426583,0.018019877433080422
INTC,2018-12-29,2020.0,Q2,127963000000.0,3019000000.0,21053000000.0,23316000000.0,13543000000.0,70848000000.0,74563000000.0,0.3290989159891599,0.2971572944896116,0.023592757281401654,0.5826918718692122,0.19115571364046974,0.3574754267977238,1.145089015380889,0.3275949047799218,1.225475687103594,-0.0021755743048299525
INTC,2019-03-30,2020.0,Q1,129458000000.0,3154000000.0,3974000000.0,4174000000.0,3332000000.0,16061000000.0,73661000000.0,0.25988419151983067,0.2474316667704377,0.024363113905668247,0.5689953498431923,0.20745906232488637,0.0,-0.7733034101174345,0.0,-0.8112383033296917,0.0
INTC,2019-06-29,2020.0,Q2,130759000000.0,2867000000.0,8153000000.0,8791000000.0,6770000000.0,32566000000.0,74947000000.0,0.26994411349259967,0.25035312903027696,0.021925833021054,0.5731689596891992,0.20788552478044586,0.0,1.0276446049436525,0.0,1.0515853044791141,0.0
INTC,2019-09-28,2020.0,Q3,133768000000.0,3935000000.0,14143000000.0,15238000000.0,9978000000.0,51756000000.0,74242000000.0,0.2944199706314244,0.2732630033232862,0.029416601877878118,0.5550056814783805,0.19278924182703455,0.5892648774795799,0.5892648774795799,0.734698883846437,0.734698883846437,0.023011800334967303
INTC,2019-12-28,2021.0,Q3,136524000000.0,4194000000.0,21048000000.0,22035000000.0,13362000000.0,71965000000.0,77504000000.0,0.3061905092753422,0.2924755089279511,0.030719873428847674,0.5676950572793062,0.18567359132911831,0.39046680578097215,1.2098200577289195,0.4882273916425086,1.5816263951919538,0.020602834758686628
INTC,2020-03-28,2021.0,Q2,147710000000.0,11380000000.0,5661000000.0,7038000000.0,3275000000.0,19828000000.0,76354000000.0,0.35495259229372605,0.28550534597538835,0.07704285424141899,0.5169182858303433,0.16517046600766594,-0.7244771764051969,-0.7244771764051969,-0.7310433295324972,-0.7310433295324972,0.08193431191585354
INTC,2020-06-27,2021.0,Q2,152539000000.0,8736000000.0,10766000000.0,12735000000.0,6629000000.0,39556000000.0,82010000000.0,0.3219486297906765,0.2721710992011326,0.05727059964992559,0.537632998774084,0.16758519567195873,0.0,0.9949566269921324,0.0,0.9017841370782547,0.0
INTC,2020-09-26,2021.0,Q3,145261000000.0,3356000000.0,15042000000.0,17794000000.0,9901000000.0,57889000000.0,74554000000.0,0.307381367790081,0.2598421116274249,0.023103241751054996,0.5132416822133952,0.17103422066368396,0.4634695115785217,0.4634695115785217,0.39717629574586666,0.39717629574586666,-0.04771238830725255
INTC,2020-12-26,2022.0,Q3,153091000000.0,5865000000.0,20899000000.0,23678000000.0,13556000000.0,77867000000.0,81073000000.0,0.30408260238611995,0.26839354283586114,0.03831054732152772,0.5295739135546832,0.17409172049777183,0.34510874259358437,0.9685256345434321,0.3893764127110757,0.9412037897083412,0.05390297464563787
INTC,2021-03-27,2022.0,Q1,150622000000.0,5192000000.0,3361000000.0,3694000000.0,3623000000.0,19673000000.0,79807000000.0,0.18777004015655976,0.17084328775479082,0.0344703960908765,0.5298495571696034,0.18416103288771413,0.0,-0.7473512527771713,0.0,-0.8391789080817265,0.0
INTC,2021-06-26,2022.0,Q3,154597000000.0,4746000000.0,8422000000.0,9240000000.0,7338000000.0,39304000000.0,85207000000.0,0.23509057602279665,0.21427844494199064,0.03069917268769769,0.5511555851665945,0.18669855485446774,0.9978650942916687,0.9978650942916687,1.5058018446890808,1.5058018446890808,0.02639056711502974
INTC,2021-09-25,2022.0,Q3,167962000000.0,7870000000.0,15245000000.0,14467000000.0,11141000000.0,58496000000.0,90087000000.0,0.2473160557986871,0.26061611050328226,0.04685583643919458,0.5363534609018706,0.19045746717724288,0.0,0.48829635660492565,0.0,0.8101401092377107,0.0
INTC,2021-12-25,2022.0,Q3,168406000000.0,7870000000.0,19868000000.0,19456000000.0,15190000000.0,79024000000.0,95391000000.0,0.2462036849564689,0.2514172909495849,0.04673230169946439,0.5664346876002043,0.19222008503745697,0.0,1.0105841644616325,0.0,1.3590596057943483,0.0
INTC,2022-04-02,2023.0,Q1,176356000000.0,7870000000.0,8113000000.0,4341000000.0,4362000000.0,18353000000.0,103136000000.0,0.23652808805099984,0.4420530703427233,0.04462564358456758,0.5848170745537435,0.23767231515283604,0.0,-0.767754100020247,0.0,-0.5916549224884236,0.0
INTC,2022-07-02,2024.0,Q2,170418000000.0,7870000000.0,7659000000.0,-2484000000.0,8762000000.0,24664000000.0,101218000000.0,-0.10071359065844956,0.3105335711968861,0.046180567780398786,0.5939396073184757,0.3552546221213104,-0.26756548078636333,0.3438674876042065,0.0,-0.055959571058794566,0.0
INTC,2022-10-01,2023.0,Q3,174841000000.0,7870000000.0,8678000000.0,3466000000.0,13064000000.0,49012000000.0,99885000000.0,0.07071737533665225,0.1770586795070595,0.045012325484297164,0.5712904867851362,0.2665469680894475,0.0,0.4554849438736117,0.0,0.1330460895678287,0.0
INTC,2022-12-31,2023.0,Q3,182103000000.0,7870000000.0,8014000000.0,2334000000.0,17528000000.0,63054000000.0,101423000000.0,0.03701589114092683,0.1270974085704317,0.0432173000993943,0.5569540315096402,0.27798395026485234,0.0,1.5565196237431072,0.0,0.0463506985246116,0.0
INTC,2023-04-01,2024.0,Q1,185303000000.0,7870000000.0,-2758000000.0,-1468000000.0,4109000000.0,11715000000.0,98059000000.0,-0.12530943235168587,-0.23542466922748612,0.042470979962547825,0.5291819344533009,0.35074690567648314,0.0,-0.8142068703016462,0.0,-1.344147741452458,0.0
INTC,2023-07-01,2024.0,Q2,185629000000.0,7870000000.0,-1277000000.0,-2484000000.0,8189000000.0,24664000000.0,101017000000.0,-0.10071359065844956,-0.051775867661368796,0.04239639280500353,0.5441875999978452,0.3320223807979241,0.0,-0.6088432137532909,0.0,-1.1593461442475668,0.0
INTC,2023-09-30,2024.0,Q3,188837000000.0,7870000000.0,-980000000.0,-2492000000.0,12059000000.0,38822000000.0,101813000000.0,-0.06419040750090155,-0.025243418680129824,0.04167615456716639,0.539158109904309,0.31062284271804647,0.0,2.313871105420401,0.0,-0.6446700507614214,0.0
INTC,2023-12-30,2024.0,Q1,191572000000.0,7870000000.0,1689000000.0,93000000.0,16046000000.0,54228000000.0,105590000000.0,0.001714981190528878,0.031146271298959947,0.041081160086025095,0.5511765811287662,0.2958987976691008,0.0,0.3968368450878368,0.0,-2.723469387755102,0.0
INTC,2024-03-30,2025.0,Q1,192733000000.0,7870000000.0,-381000000.0,-1069000000.0,4382000000.0,12724000000.0,105973000000.0,-0.08401446086136435,-0.029943414020748193,0.04083369220631651,0.5498435659695019,0.3443885570575291,-0.7653610680829092,-0.7653610680829092,-1.2255772646536411,-1.2255772646536411,0.006060384607353919
INTC,2024-06-29,2025.0,Q2,206205000000.0,7870000000.0,-1991000000.0,-3033000000.0,8621000000.0,25557000000.0,115229000000.0,-0.11867590092733889,-0.07790429236608365,0.0381659028636551,0.5588079823476637,0.3373244120984466,0.0,-0.5287121044478866,0.0,-2.1788040260509174,0.0
INTC,2024-09-28,2025.0,Q3,193542000000.0,7870000000.0,-18630000000.0,-12090000000.0,12670000000.0,38841000000.0,99532000000.0,-0.3112690198501583,-0.47964779485595116,0.04066300854594868,0.5142656374327019,0.3262016940861461,0.0,2.052577805721471,0.0,47.89763779527559,0.0
INTC,2024-12-28,2025.0,Q1,196485000000.0,8249000000.0,-18756000000.0,-11678000000.0,16546000000.0,53101000000.0,99270000000.0,-0.2199205288036007,-0.35321368712453627,0.04198284856350357,0.5052294068249484,0.31159488521873413,0.0,0.3671378182848022,0.0,0.006763285024154575,0.0
INTC,2025-03-29,2026.0,Q1,192242000000.0,8249000000.0,-821000000.0,-301000000.0,3640000000.0,12667000000.0,99756000000.0,-0.023762532564932503,-0.06481408383989895,0.042909457870808666,0.5189084591296387,0.28736085892476515,0.0,-0.7614545865426263,0.0,-0.9562273405843463,0.0
INTC,2025-06-28,2025.0,Q2,192520000000.0,9643000000.0,-3739000000.0,-3477000000.0,7324000000.0,25526000000.0,97883000000.0,-0.13621405625636607,-0.1464781007600094,0.05008830251402452,0.5084302929565759,0.2869231371934498,1.0151574958553722,-0.5192934219694545,3.5542021924482334,-0.8006504585199403,0.0014460939857054989
INTC,2025-09-27,2025.0,Q3,204514000000.0,11141000000.0,324000000.0,-2794000000.0,10555000000.0,39179000000.0,106376000000.0,-0.07131371397942775,0.00826973633834452,0.054475488230634576,0.5201404304839766,0.26940452793588404,0.5348664107184831,-0.26217961996949213,-1.086654185611126,-1.017274472168906,0.06230002077706209
INTC,2025-12-27,2026.0,Q1,211429000000.0,14265000000.0,-267000000.0,-2214000000.0,13774000000.0,52853000000.0,114281000000.0,-0.04188976973870925,-0.005051747299112633,0.06746945783218007,0.5405171476003765,0.26060961534823,0.3490135021312437,3.1724954606457727,-1.824074074074074,-0.6747868453105969,0.0338118661803104
INTC,2026-03-28,2026.0,Q1,205332000000.0,17247000000.0,-3728000000.0,-3136000000.0,3375000000.0,13577000000.0,111394000000.0,-0.23097886130956766,-0.2745820136996391,0.08399567529659284,0.5425067695244774,0.24858216100758637,-0.7431177038200292,-0.46811094570242107,12.962546816479401,-0.0029419630917357775,-0.028837103708573508
META,2015-03-31,2016.0,Q1,42007000000.0,3419000000.0,512000000.0,933000000.0,1062000000.0,3543000000.0,37501000000.0,0.26333615580016934,0.14451030200395146,0.08139119670531102,0.8927321636870046,0.29974597798475866,-0.7157869404781004,-0.7157869404781004,-0.8258503401360544,-0.8258503401360544,0.04536631495122445
META,2015-06-30,2016.0,Q2,44130000000.0,5123000000.0,1231000000.0,2206000000.0,2231000000.0,7586000000.0,39452000000.0,0.29079883996836275,0.16227260743474822,0.11608882846136415,0.8939950147292092,0.2940943843923016,0.0,-0.3914647842130595,0.0,-0.5812925170068027,0.0
META,2015-09-30,2016.0,Q3,46469000000.0,4308000000.0,2127000000.0,3665000000.0,3502000000.0,12087000000.0,41420000000.0,0.3032183337470009,0.17597418714321172,0.09270696593427877,0.8913469194516774,0.28973277074542897,0.0,2.4115156646909397,0.0,3.154296875,0.0
META,2015-12-31,2017.0,Q2,49407000000.0,4907000000.0,3688000000.0,6225000000.0,4816000000.0,17928000000.0,44218000000.0,0.3472222222222222,0.20571173583221777,0.09931791041755217,0.8949743963405995,0.2686300758589915,0.0,1.3633008172950172,0.0,1.9959382615759544,0.0
META,2016-03-31,2017.0,Q1,52075000000.0,6456000000.0,1738000000.0,2010000000.0,1343000000.0,5382000000.0,47150000000.0,0.3734671125975474,0.32292827945001856,0.12397503600576092,0.9054248679788767,0.24953548866592346,0.0,-0.6997991967871486,0.15099337748344377,-0.5287418655097613,0.0
META,2016-06-30,2017.0,Q2,55739000000.0,5108000000.0,4021000000.0,4743000000.0,2814000000.0,11818000000.0,50383000000.0,0.4013369436452868,0.3402436960568624,0.0916414000968801,0.9039092915194029,0.23811135555931628,1.195837978446674,-0.3408076751450245,1.313578826237054,0.09029284164858997,0.07036005760921737
META,2016-09-30,2017.0,Q3,59674000000.0,6038000000.0,6648000000.0,7860000000.0,4356000000.0,18829000000.0,54115000000.0,0.41744118115672635,0.3530723883371395,0.10118309481516238,0.9068438515936589,0.23134526528227733,0.0,2.4985135637309552,0.11843876177658141,1.9119579500657031,0.0
META,2016-12-31,2018.0,Q3,64961000000.0,8903000000.0,10217000000.0,12427000000.0,5919000000.0,27638000000.0,59194000000.0,0.4496345611115131,0.36967219046240685,0.1370514616462185,0.9112236572712858,0.21416166148057023,0.0,1.338635979015062,0.0,2.8892272554244385,0.0
META,2017-03-31,2018.0,Q1,68714000000.0,7104000000.0,3064000000.0,3327000000.0,1834000000.0,8032000000.0,62188000000.0,0.41421812749003983,0.38147410358565736,0.10338504526006345,0.9050266321273686,0.22833665338645417,0.0,-0.7093856284825241,0.0,-0.7001076636977586,0.0
META,2017-06-30,2018.0,Q2,73843000000.0,6252000000.0,6959000000.0,7729000000.0,3753000000.0,17353000000.0,66481000000.0,0.4453984901746096,0.40102575923471445,0.08466611594870198,0.9003019920642444,0.21627384313951478,0.0,-0.372132571097764,0.0,-0.31888029754331015,0.0
META,2017-09-30,2018.0,Q3,78998000000.0,7201000000.0,11665000000.0,12851000000.0,5805000000.0,27681000000.0,71208000000.0,0.46425345905133486,0.4214081861204436,0.09115420643560597,0.9013899086052811,0.2097106318413352,0.0,0.5951708638275803,0.0,0.6762465871533265,0.0
META,2017-12-31,2019.0,Q3,84524000000.0,8079000000.0,15934000000.0,20203000000.0,7754000000.0,40653000000.0,74347000000.0,0.4969620938184144,0.39195139350109465,0.09558231981449056,0.8795963276702475,0.19073623102846038,0.0,1.3427073128565667,0.0,1.2896967955165972,0.0
META,2018-03-31,2019.0,Q1,88945000000.0,12082000000.0,4988000000.0,5449000000.0,2238000000.0,11966000000.0,77620000000.0,0.45537355841551064,0.4168477352498746,0.1358367530496374,0.8726741244589353,0.18702991810128697,0.0,-0.7056551791995671,0.0,-0.6869587046567089,0.0
META,2018-06-30,2019.0,Q3,90291000000.0,11552000000.0,10093000000.0,11313000000.0,4761000000.0,25197000000.0,79382000000.0,0.44898202166924633,0.40056355915386754,0.1279418768205026,0.8791795417040458,0.18895106560304797,1.1057161958883501,-0.38019334366467417,1.02345629510826,-0.36657462030877375,0.01513294732699988
META,2018-09-30,2019.0,Q3,92452000000.0,9637000000.0,15230000000.0,17093000000.0,7418000000.0,38924000000.0,80342000000.0,0.43913780700852945,0.39127530572397495,0.10423787478907974,0.8690131095054731,0.19057650806700235,0.0,0.5447870778267254,0.0,0.508966610522144,0.0
META,2018-12-31,2020.0,Q2,97334000000.0,10019000000.0,22112000000.0,24913000000.0,10273000000.0,55838000000.0,84127000000.0,0.4461656936136681,0.39600272216053584,0.10293422647790083,0.8643125732015534,0.18397865253053475,0.43453910183948197,1.2160574671587887,0.451871306631648,1.1908253244823146,0.05280578029680272
META,2019-03-31,2020.0,Q1,109477000000.0,11076000000.0,2429000000.0,3317000000.0,2860000000.0,15077000000.0,86516000000.0,0.2200039795715328,0.16110632088611793,0.10117193565771807,0.7902664486604493,0.1896929097300524,0.0,-0.7299867473763386,0.0,-0.8901501447178003,0.0
META,2019-06-30,2020.0,Q3,117006000000.0,13877000000.0,5045000000.0,7943000000.0,6175000000.0,31963000000.0,88762000000.0,0.24850608516096737,0.1578387510559084,0.11860075551681111,0.7586106695383142,0.19319212839846073,1.1199840817138687,1.1199840817138687,1.0769864141622065,1.0769864141622065,0.06877243621947993
META,2019-09-30,2020.0,Q3,124418000000.0,15979000000.0,11136000000.0,15128000000.0,9722000000.0,49615000000.0,93999000000.0,0.3049077899828681,0.22444825153683362,0.12842996994004083,0.7555096529441078,0.19594880580469615,0.0,0.5522635547351624,0.0,1.2073339940535184,0.0
META,2019-12-31,2021.0,Q1,133376000000.0,19079000000.0,18485000000.0,23986000000.0,13600000000.0,70697000000.0,101054000000.0,0.3392788944368219,0.2614679547929898,0.14304672504798466,0.7576625479846449,0.19237025616362788,0.4249118210218683,1.2118386884835592,0.6599317528735633,2.66402378592666,0.07199922840746509
META,2020-03-31,2021.0,Q1,138371000000.0,23618000000.0,4902000000.0,5893000000.0,4015000000.0,17737000000.0,105304000000.0,0.3322433331454023,0.27637142696059086,0.17068605415874713,0.7610265156716364,0.22636297006258105,0.0,-0.7491124092960098,0.0,-0.7348120097376252,0.0
META,2020-06-30,2021.0,Q3,139691000000.0,21045000000.0,10081000000.0,11856000000.0,8477000000.0,36423000000.0,110447000000.0,0.325508607198748,0.27677566372896245,0.15065394334638596,0.7906522252686287,0.23273755593992806,1.0535039747420645,1.0535039747420645,1.0565075479396167,1.0565075479396167,0.009539571152914927
META,2020-09-30,2021.0,Q3,146437000000.0,11617000000.0,17927000000.0,19896000000.0,13240000000.0,57893000000.0,117731000000.0,0.343668491872938,0.3096574715423281,0.07933104338384425,0.803970308050561,0.22869777002400982,0.0,0.5894627021387584,0.0,0.7782958039876997,0.0
META,2020-12-31,2022.0,Q3,159316000000.0,17576000000.0,29146000000.0,32671000000.0,18447000000.0,85965000000.0,128290000000.0,0.3800500203571221,0.3390449601582039,0.11032162494664692,0.8052549649752693,0.2145873320537428,0.484894546836405,1.3601844988056997,0.6258158085569252,1.8911814304136496,0.08794908390638967
META,2021-03-31,2022.0,Q2,163523000000.0,19513000000.0,9497000000.0,11378000000.0,5197000000.0,26171000000.0,133657000000.0,0.43475602766420846,0.3628825799549119,0.11932877943775494,0.8173590259474203,0.1985785793435482,-0.6955621473855639,-0.6955621473855639,-0.6741576888766898,-0.6741576888766898,0.026406638379070424
META,2021-06-30,2022.0,Q2,170609000000.0,16186000000.0,19892000000.0,23745000000.0,11293000000.0,55248000000.0,138227000000.0,0.42978931364031275,0.3600492325514046,0.09487190007561148,0.8101975862938063,0.20440558934260064,0.0,1.1110389362271218,0.0,1.0945561756344109,0.0
META,2021-09-30,2022.0,Q3,169585000000.0,14496000000.0,29085000000.0,34168000000.0,17609000000.0,84258000000.0,133360000000.0,0.40551639013506136,0.3451897742647582,0.0854792581891087,0.7863903057463809,0.2089890574188801,0.5250868809730669,0.5250868809730669,0.46214558616529255,0.46214558616529255,-0.00600202802900196
META,2021-12-31,2023.0,Q2,165987000000.0,16601000000.0,39370000000.0,46753000000.0,24655000000.0,117929000000.0,124879000000.0,0.39645040660058173,0.3338449405998525,0.10001385650683488,0.7523420508835029,0.2090664721993742,0.39961784044245063,1.1345388068346365,0.3536187037992091,0.9791876131107984,-0.021216499100745967
META,2022-03-31,2023.0,Q1,164218000000.0,14886000000.0,7465000000.0,8524000000.0,7707000000.0,27908000000.0,123228000000.0,0.30543213415508097,0.26748602551239786,0.09064779743998831,0.7503927705854413,0.27615737422961156,0.0,-0.7633491338008462,0.0,-0.8103886207772415,0.0
META,2022-06-30,2023.0,Q3,169779000000.0,12681000000.0,14152000000.0,16881000000.0,16397000000.0,56729000000.0,125767000000.0,0.29757267006293076,0.24946676303125387,0.07469121622815543,0.7407688818994104,0.2890408785629925,1.0327146337967608,1.0327146337967608,0.8957803081044875,0.8957803081044875,0.03386352287812544
META,2022-09-30,2023.0,Q3,178894000000.0,14308000000.0,18547000000.0,22545000000.0,25567000000.0,84444000000.0,124094000000.0,0.26698166832457015,0.2196366822983279,0.07998032354355093,0.6936733484633358,0.3027686987826252,0.0,0.4885508293817977,0.0,0.3105568117580555,0.0
META,2022-12-31,2024.0,Q1,185727000000.0,14681000000.0,23200000000.0,28944000000.0,35338000000.0,116609000000.0,125713000000.0,0.24821411726367604,0.19895548371051977,0.07904612684208542,0.6768698142973288,0.3030469346276874,0.3809033205437924,1.0555447830915403,0.2508761524774896,0.639344262295082,0.0381958031012779
META,2023-03-31,2024.0,Q1,184491000000.0,11551000000.0,5709000000.0,7227000000.0,9381000000.0,28645000000.0,124795000000.0,0.2522953395007855,0.1993017978704835,0.06261010022169103,0.6764286604766628,0.327491708849712,0.0,-0.7543500072893172,0.0,-0.7539224137931034,0.0
META,2023-06-30,2024.0,Q2,206688000000.0,28785000000.0,13498000000.0,16619000000.0,18725000000.0,60645000000.0,134033000000.0,0.2740374309506142,0.22257399620743673,0.13926788202508128,0.648479834339681,0.30876411905350815,1.117123407226392,1.117123407226392,1.3643370117358558,1.3643370117358558,0.12031481210465556
META,2023-09-30,2024.0,Q3,216274000000.0,36890000000.0,25081000000.0,30367000000.0,27966000000.0,94791000000.0,142873000000.0,0.32035741789832367,0.2645926301020139,0.1705706649897815,0.6606110766897547,0.2950280089881951,0.5630472421469206,0.5630472421469206,0.8581271299451771,0.8581271299451771,0.04637908344945041
META,2023-12-31,2025.0,Q1,229623000000.0,41862000000.0,39098000000.0,46751000000.0,38483000000.0,134902000000.0,153168000000.0,0.3465552771641636,0.28982520644616094,0.1823075214590873,0.6670411936086542,0.2852663414923426,0.0,0.0,0.0,0.0,0.0
META,2024-03-31,2025.0,Q1,222844000000.0,32307000000.0,12369000000.0,13818000000.0,9978000000.0,36455000000.0,149529000000.0,0.3790426553284872,0.33929502125908656,0.1449758575505735,0.6710030335122328,0.27370731038266355,0.0,-0.7297667936724437,0.0,-0.683641106961993,0.0
META,2024-06-30,2025.0,Q3,230238000000.0,32045000000.0,25834000000.0,28665000000.0,20515000000.0,75527000000.0,156763000000.0,0.3795331470864724,0.3420498629629139,0.13918206377748243,0.6808737046013256,0.27162471698862656,1.0717871348237553,1.0717871348237553,1.0886086183199937,1.0886086183199937,0.03318016190698425
META,2024-09-30,2025.0,Q3,256408000000.0,43852000000.0,41522000000.0,46016000000.0,31693000000.0,116116000000.0,164529000000.0,0.3962933618106032,0.3575906851768921,0.17102430501388413,0.6416687466849709,0.2729425746667126,0.0,0.5374104624836151,0.0,0.6072617480839204,0.0
META,2024-12-31,2026.0,Q1,276054000000.0,43889000000.0,62360000000.0,69380000000.0,43873000000.0,164501000000.0,182637000000.0,0.42176035404040096,0.3790858414234564,0.15898700978794003,0.6615988176226391,0.2667035458751011,0.0,0.0,0.0,0.0,0.0
META,2025-03-31,2026.0,Q1,280213000000.0,28750000000.0,16644000000.0,17555000000.0,12150000000.0,42314000000.0,185029000000.0,0.414874509618566,0.39334499220116276,0.10260052174595755,0.6603155456741836,0.2871390083660254,0.0,-0.7427736001604853,0.0,-0.7330981398332264,0.0
META,2025-06-30,2025.0,Q2,294744000000.0,12005000000.0,34981000000.0,37997000000.0,25092000000.0,89830000000.0,195070000000.0,0.42298786596905263,0.3894133363019036,0.04073026083652254,0.6618285698775886,0.27932761883557833,1.1229380346930093,-0.4539242922535426,1.101718336938236,-0.43904746632456704,0.05185698022575691
META,2025-09-30,2025.0,Q3,303844000000.0,10187000000.0,37690000000.0,58531000000.0,40237000000.0,141073000000.0,194066000000.0,0.4148986694831754,0.2671666442196593,0.03352707310330301,0.6387027553613038,0.2852211266507411,0.5704441723255038,2.3339556647917945,0.07744203996455212,1.2644796923816388,0.030874250196780917
META,2025-12-31,2026.0,Q1,366021000000.0,35873000000.0,60458000000.0,83276000000.0,57372000000.0,200966000000.0,217243000000.0,0.41437855159579234,0.3008369574952977,0.09800803779018144,0.5935260545159977,0.2854811261606441,0.42455324548283513,3.749397362575034,0.6040859644468028,2.632420091324201,0.2046346151314491
META,2026-03-31,2026.0,Q1,395250000000.0,23426000000.0,26773000000.0,22872000000.0,17699000000.0,56311000000.0,243681000000.0,0.40617286143027115,0.47544884658414877,0.05926881720430108,0.6165237191650854,0.3143080392818455,-0.7197983738542838,-0.37313814983858395,-0.5571636507989017,-0.23464166261684916,0.07985607383182924
MSFT,2015-03-31,2016.0,Q3,176683000000.0,7414000000.0,15388000000.0,20214000000.0,8952000000.0,36148000000.0,90132000000.0,0.5592010622994357,0.42569436759986723,0.0419621582155612,0.5101339687462857,0.24764855593670465,0.0,0.0,0.479188695568586,0.479188695568586,0.010494829795022032
MSFT,2015-06-30,2017.0,Q3,176223000000.0,5595000000.0,12193000000.0,18161000000.0,12046000000.0,36148000000.0,80083000000.0,0.5024067721589023,0.33730773486776583,0.03174954461108936,0.45444124773724204,0.3332411198406551,0.0,0.0,1.4459378134403211,-0.20762932154925917,-0.002603532880922299
MSFT,2015-09-30,2017.0,Q1,172896000000.0,5431000000.0,4902000000.0,5793000000.0,2962000000.0,36148000000.0,77445000000.0,0.1602578289255284,0.1356091623326325,0.03141194706644457,0.44792823431426987,0.08194090959389178,0.0,0.0,0.0,0.061038961038961004,0.0
MSFT,2015-12-31,2017.0,Q2,180098000000.0,7185000000.0,9920000000.0,11819000000.0,5862000000.0,36148000000.0,76780000000.0,0.32696138098926636,0.2744273542104681,0.03989494608490933,0.42632344612377704,0.16216664822396812,0.0,0.0,0.9768832204065365,0.9768832204065365,0.0
MSFT,2016-03-31,2017.0,Q3,181869000000.0,7170000000.0,13676000000.0,17102000000.0,8842000000.0,36148000000.0,74806000000.0,0.4731105455350227,0.3783335177603187,0.03942398099731125,0.41131803660876787,0.24460551067832245,0.0,0.0,2.6411075612353567,1.7253886010362693,0.0
MSFT,2016-06-30,2018.0,Q3,193468000000.0,6510000000.0,20539000000.0,26078000000.0,11988000000.0,91154000000.0,83090000000.0,0.28608728086534874,0.22532198257893235,0.03364897554117477,0.429476709326607,0.13151370208657875,0.0,1.5216886134779242,0.0,0.5018280198888563,0.0
MSFT,2016-09-30,2018.0,Q1,212524000000.0,13928000000.0,5667000000.0,6715000000.0,3106000000.0,21928000000.0,82462000000.0,0.30622947829259395,0.25843670193360085,0.0655361276844027,0.3880126479832866,0.14164538489602335,0.0,-0.7594400684555807,0.0,0.208315565031983,0.0
MSFT,2016-12-31,2018.0,Q3,224610000000.0,8468000000.0,11934000000.0,14620000000.0,6168000000.0,25826000000.0,81829000000.0,0.5660961821420274,0.4620924649577945,0.03770090378878946,0.3643159253817729,0.23882908696662278,0.1777635899306822,-0.7166772714307655,1.1058761249338276,1.5445628997867802,0.056868871280420175
MSFT,2017-03-31,2018.0,Q3,225017000000.0,6713000000.0,17420000000.0,21343000000.0,9523000000.0,23212000000.0,83491000000.0,0.919481302774427,0.7504738928140617,0.029833301483887884,0.37104307674531256,0.41026193348268136,0.05855527179861375,-0.1012158290095253,0.7613751263902933,0.4596949891067539,0.0018120297404389252
MSFT,2017-06-30,2019.0,Q2,250312000000.0,7663000000.0,25489000000.0,29025000000.0,13037000000.0,96571000000.0,87711000000.0,0.3005560675565128,0.26394052044609667,0.030613793985106587,0.35040669244782513,0.13499911981857907,2.7392937349957407,3.1603911769774253,0.7350078279218568,0.4632032146957521,0.11241372874049516
MSFT,2017-09-30,2019.0,Q1,249097000000.0,6884000000.0,6576000000.0,7708000000.0,3574000000.0,24538000000.0,89647000000.0,0.3141250305648382,0.2679925014263591,0.027635820583949224,0.35988791514952007,0.14565164235063982,0.0,0.0,0.0,0.0,0.0
MSFT,2017-12-31,2019.0,Q2,256003000000.0,12859000000.0,274000000.0,16387000000.0,7078000000.0,53456000000.0,78360000000.0,0.3065511822807543,0.005125710865010476,0.05022988011859236,0.30609016300590225,0.13240796168811733,1.1784986551471186,1.1784986551471186,-0.9583333333333334,-0.9583333333333334,0.027724139592206987
MSFT,2018-03-31,2019.0,Q3,245497000000.0,9221000000.0,7698000000.0,24679000000.0,10793000000.0,80275000000.0,79239000000.0,0.307430706944877,0.09589535970102772,0.03756054045466951,0.3227697283469859,0.1344503270009343,1.9932137663596703,1.7759526938239159,0.03690732758620685,-2.2215169787369087,0.0
MSFT,2018-06-30,2019.0,Q3,258848000000.0,11946000000.0,16571000000.0,35058000000.0,14726000000.0,110360000000.0,82718000000.0,0.3176694454512505,0.1501540413193186,0.04615063666707875,0.3195620595870936,0.1334360275462124,0.0,3.114993101905365,0.0,1.1526370485840478,0.0
MSFT,2018-09-30,2020.0,Q1,257619000000.0,15137000000.0,8824000000.0,9955000000.0,3977000000.0,29084000000.0,85967000000.0,0.34228441754916794,0.3033970568009902,0.058757312154771195,0.3336982132529045,0.13674185118965754,0.0,0.0,0.0,0.0,0.0
MSFT,2018-12-31,2020.0,Q2,258859000000.0,6638000000.0,17244000000.0,20213000000.0,8047000000.0,61555000000.0,92128000000.0,0.3283729997563155,0.2801397124522785,0.02564330388358141,0.3559003163884586,0.1307286166842661,0.8956915401435126,1.1164557832485213,1.0479809976247032,0.9542157751586582,0.0
MSFT,2019-03-31,2020.0,Q3,263281000000.0,11212000000.0,26053000000.0,30554000000.0,12363000000.0,92126000000.0,94864000000.0,0.3316544732214576,0.282797473026073,0.042585678419635294,0.36031464480915826,0.13419664372706944,2.0135095351803995,0.4966452765819187,1.9575434215007377,0.5108443516585479,0.0
MSFT,2019-06-30,2020.0,Q1,286556000000.0,11356000000.0,39240000000.0,42959000000.0,16876000000.0,125843000000.0,102330000000.0,0.3413698020549415,0.3118171054409065,0.03962925222295119,0.35710297463672025,0.13410360528595155,0.0,3.1164175198717743,0.0,3.454535134521512,0.0
MSFT,2019-09-30,2021.0,Q1,278955000000.0,13117000000.0,10678000000.0,12686000000.0,4565000000.0,33055000000.0,106061000000.0,0.38378460142187265,0.3230373619724701,0.047021921098385044,0.3802082773207148,0.13810316139767054,-0.7373314367902863,-0.7373314367902863,-0.7278797145769622,-0.7278797145769622,-0.026525356300339253
MSFT,2019-12-31,2021.0,Q2,282794000000.0,8864000000.0,22327000000.0,26577000000.0,9168000000.0,69961000000.0,110109000000.0,0.3798830777147268,0.31913494661311304,0.03134437081409082,0.38936116042065955,0.13104443904461058,0.0,1.116502798366359,0.0,1.0909346319535493,0.0
MSFT,2020-03-31,2021.0,Q3,285449000000.0,11710000000.0,33079000000.0,39552000000.0,14055000000.0,104982000000.0,114501000000.0,0.3767503000514374,0.3150921110285573,0.04102308993900837,0.40112594544034136,0.13388009373035378,0.0,0.5005788939552036,0.0,0.4815694002776907,0.0
MSFT,2020-06-30,2021.0,Q3,301311000000.0,13576000000.0,44281000000.0,52959000000.0,19269000000.0,143015000000.0,118304000000.0,0.37030381428521486,0.3096248645247002,0.04505643670493278,0.39263086976579015,0.1347341187987274,0.3622811529595549,1.0442103457640686,0.33864385259530216,0.9832937698750392,0.0555685954408669
MSFT,2020-09-30,2022.0,Q1,301001000000.0,17205000000.0,13893000000.0,15876000000.0,4926000000.0,37154000000.0,123392000000.0,0.4273025784572321,0.37393012865371156,0.057159278540602855,0.4099388374125003,0.13258330193249718,0.0,-0.7402090689787785,0.0,-0.6862536979743005,0.0
MSFT,2020-12-31,2022.0,Q2,304137000000.0,14432000000.0,29356000000.0,33773000000.0,9825000000.0,80230000000.0,130236000000.0,0.42095226224604265,0.3658980431260127,0.047452299457152534,0.4282149163041656,0.12246042627446092,0.0,-0.43900989406705593,0.0,-0.3370520087622231,0.0
MSFT,2021-03-31,2022.0,Q3,308879000000.0,13702000000.0,44813000000.0,50821000000.0,15029000000.0,121936000000.0,134505000000.0,0.4167842146699908,0.36751246555570133,0.04436041297724999,0.4354617827693045,0.12325318199711324,0.0,2.2819077353716963,0.0,2.225581227956525,0.0
MSFT,2021-06-30,2022.0,Q3,333779000000.0,14224000000.0,61271000000.0,69916000000.0,20716000000.0,168088000000.0,141988000000.0,0.415948788729713,0.36451739564989766,0.04261502371329533,0.4253952465553555,0.12324496692208843,0.0,1.0950766546179733,0.0,1.0871712767407002,0.0
MSFT,2021-09-30,2023.0,Q1,335418000000.0,19165000000.0,20505000000.0,20238000000.0,5599000000.0,45317000000.0,151978000000.0,0.4465873733918838,0.45247920206545006,0.05713766106768271,0.4531003106571502,0.12355186795242404,0.0,-0.7303971729094284,0.0,-0.6653392306311305,0.0
MSFT,2021-12-31,2023.0,Q2,340389000000.0,20604000000.0,39270000000.0,42485000000.0,11357000000.0,97045000000.0,160010000000.0,0.4377865938482147,0.4046576330568293,0.060530745705648537,0.47007982044073104,0.11702818280179299,1.1414700884877638,-0.4226536100138023,0.9151426481346012,-0.3590768879241403,0.01482031375775894
MSFT,2022-03-31,2023.0,Q3,344607000000.0,12498000000.0,55998000000.0,62849000000.0,17663000000.0,146405000000.0,162924000000.0,0.42928178682422047,0.3824869369215532,0.03626740025594373,0.4727820386701373,0.12064478672176497,0.5086300170024216,2.2306860560054727,0.4259740259740259,1.730943672275055,0.012391704784819657
MSFT,2022-06-30,2023.0,Q1,364840000000.0,13931000000.0,72738000000.0,83383000000.0,24512000000.0,198270000000.0,166542000000.0,0.4205527815604983,0.3668633681343622,0.03818386141870409,0.4564795526806271,0.12362939426035205,0.0,0.35425702674089,0.0,0.2989392478302797,0.0
MSFT,2022-09-30,2024.0,Q1,359784000000.0,22884000000.0,17556000000.0,21518000000.0,6628000000.0,50122000000.0,173566000000.0,0.42931247755476637,0.3502653525398029,0.06360482956440532,0.48241722811464655,0.13223734088823272,0.0,-0.7472033086195592,0.0,-0.7586406005114246,0.0
MSFT,2022-12-31,2024.0,Q2,364552000000.0,15646000000.0,33981000000.0,41917000000.0,13472000000.0,102869000000.0,183136000000.0,0.4074794155673721,0.3303327533076048,0.042918431389760585,0.502359059887204,0.1309626806909759,0.0,-0.4811670953749937,0.0,-0.5328301575517611,0.0
MSFT,2023-03-31,2024.0,Q3,380088000000.0,26562000000.0,52280000000.0,64269000000.0,20456000000.0,155726000000.0,194683000000.0,0.4127056496667223,0.33571786342678805,0.06988381637936478,0.5122050682999726,0.13135892529185877,0.5138282670192187,2.1069390686724394,0.5385068126305876,1.9778992936887674,0.04261669117162992
MSFT,2023-06-30,2024.0,Q1,411976000000.0,34704000000.0,72361000000.0,88523000000.0,27195000000.0,211915000000.0,206223000000.0,0.417728806361041,0.3414623787839464,0.08423791677185079,0.500570421577956,0.12832975485454073,0.0,0.3608196447606693,0.0,0.3841048201989288,0.0
MSFT,2023-09-30,2025.0,Q1,445785000000.0,80452000000.0,22291000000.0,26895000000.0,6659000000.0,56517000000.0,220714000000.0,0.4758745156324646,0.39441230072367606,0.18047264937133373,0.4951131150666801,0.11782295592476599,0.0,-0.7333034471368237,0.0,-0.6919473196887826,0.0
MSFT,2023-12-31,2025.0,Q2,470558000000.0,17305000000.0,44161000000.0,53927000000.0,13801000000.0,118537000000.0,238268000000.0,0.454938120586821,0.3725503429308992,0.03677548782509276,0.5063520331181278,0.11642778204273771,1.0973689332413255,-0.4406389354222212,0.9811134538603024,-0.3897126905377206,0.05557163206478455
MSFT,2024-03-31,2025.0,Q3,484275000000.0,19634000000.0,66100000000.0,81508000000.0,21454000000.0,180395000000.0,253152000000.0,0.45183070484215193,0.3664181379749993,0.04054307986164886,0.5227443085024005,0.11892790820144683,0.0,2.19187147230037,0.0,1.965322327396707,0.0
MSFT,2024-06-30,2025.0,Q1,512163000000.0,18315000000.0,88136000000.0,109433000000.0,29510000000.0,245122000000.0,268477000000.0,0.44644299573273716,0.35955972944084985,0.03576009981197392,0.524202255922431,0.12038903076835208,0.0,0.3588070622799966,0.0,0.333373676248109,0.0
MSFT,2024-09-30,2026.0,Q1,523013000000.0,20840000000.0,24667000000.0,30552000000.0,7544000000.0,65585000000.0,287723000000.0,0.4658382252039338,0.37610734161774795,0.03984604589178472,0.5501259050922253,0.11502630174582602,0.0,-0.7324393567284861,0.0,-0.7201257148043931,0.0
MSFT,2024-12-31,2026.0,Q2,533898000000.0,17482000000.0,48775000000.0,62205000000.0,15461000000.0,135217000000.0,302695000000.0,0.4600383087925335,0.36071647795765327,0.03274408220296761,0.5669528636556046,0.11434213153671506,1.061706182816193,-0.44836856748884224,0.977338144079134,-0.44659390033584456,0.02081210218484042
MSFT,2025-03-31,2026.0,Q3,562624000000.0,28828000000.0,74599000000.0,94205000000.0,23659000000.0,205283000000.0,321891000000.0,0.4589030752668268,0.36339589737094646,0.0512384825389603,0.5721245449891935,0.11525065397524394,0.0,2.130029732408325,0.0,2.0242429156362753,0.0
MSFT,2025-06-30,2026.0,Q1,619003000000.0,30242000000.0,101832000000.0,128528000000.0,32488000000.0,281724000000.0,343479000000.0,0.4562195624085985,0.3614601524896707,0.04885598292738484,0.554890687121064,0.11531853871164686,0.0,1.0834954184754877,0.0,1.087790876473603,0.0
MSFT,2025-09-30,2026.0,Q1,636351000000.0,28849000000.0,27747000000.0,37961000000.0,8146000000.0,77673000000.0,363076000000.0,0.48872838695557014,0.35722838051832684,0.04533504308156976,0.5705593296781178,0.10487556808672255,-0.7242939898624186,-0.7242939898624186,-0.7275218006127739,-0.7275218006127739,0.02802571231480311
MSFT,2025-12-31,2026.0,Q2,665302000000.0,24296000000.0,66205000000.0,76236000000.0,16650000000.0,158946000000.0,390875000000.0,0.47963459288060095,0.4165251091565689,0.03651875388921121,0.5875151434987419,0.1047525574723491,1.0463481518674445,-0.4358095156962133,1.3860237142754173,-0.3498605546390132,0.04549533197873501
MSFT,2026-03-31,2026.0,Q3,694228000000.0,32105000000.0,97983000000.0,114634000000.0,25565000000.0,241832000000.0,414367000000.0,0.4740232888947699,0.40516970458830925,0.04624561383291945,0.5968745138484763,0.10571388401865758,0.5214727014206082,-0.1415995797305164,0.4799939581602597,-0.03779754890407727,0.043477999464904604
NVDA,2015-01-25,2017.0,Q3,7201000000.0,497000000.0,631000000.0,759000000.0,1360000000.0,4682000000.0,4418000000.0,0.16211020931225972,0.13477146518581803,0.0690181919177892,0.6135258991806694,0.290474156343443,0.0,0.36461951394246506,0.0,0.44242088972909466,0.0
NVDA,2015-04-26,2017.0,Q1,7291000000.0,464000000.0,134000000.0,176000000.0,339000000.0,1151000000.0,4556000000.0,0.1529105125977411,0.11642050390964379,0.06364010423810176,0.6248799890275683,0.2945264986967854,0.0,-0.7541648868005126,0.0,-0.7876386687797148,0.0
NVDA,2015-07-26,2017.0,Q2,6979000000.0,435000000.0,160000000.0,250000000.0,658000000.0,2304000000.0,4185000000.0,0.10850694444444445,0.06944444444444445,0.06232984668290586,0.599656111190715,0.2855902777777778,1.001737619461338,1.001737619461338,0.19402985074626855,0.19402985074626855,-0.04279248388424084
NVDA,2015-10-25,2017.0,Q3,7174000000.0,471000000.0,406000000.0,495000000.0,987000000.0,3609000000.0,4465000000.0,0.1371571072319202,0.11249653643668606,0.06565374965151938,0.6223863953164204,0.2734829592684954,1.7655172413793103,2.1300954032957504,0.6437246963562753,14.615384615384615,0.0
NVDA,2016-01-31,2018.0,Q3,7370000000.0,596000000.0,614000000.0,747000000.0,1331000000.0,5010000000.0,4469000000.0,0.14910179640718563,0.12255489021956088,0.08086838534599729,0.6063772048846676,0.2656686626746507,0.3881961762261015,2.839080459770115,0.5123152709359606,1.4858299595141702,0.027320880959018634
NVDA,2016-05-01,2018.0,Q1,7108000000.0,547000000.0,208000000.0,245000000.0,346000000.0,1305000000.0,4196000000.0,0.18773946360153257,0.15938697318007664,0.07695554305008441,0.590320765334834,0.26513409961685824,0.0,0.0,0.0,0.0,0.0
NVDA,2016-07-31,2018.0,Q2,7461000000.0,426000000.0,469000000.0,561000000.0,697000000.0,2733000000.0,4480000000.0,0.2052689352360044,0.17160629345042078,0.057096903900281465,0.6004557029888755,0.2550311013538236,1.0942528735632182,1.0942528735632182,1.2548076923076925,1.3928571428571428,0.04966235227912219
NVDA,2016-10-30,2018.0,Q3,9612000000.0,1940000000.0,1012000000.0,1201000000.0,1069000000.0,4737000000.0,5324000000.0,0.25353599324466963,0.21363732320033776,0.20183104452767375,0.5538909696213067,0.22567025543592992,1.3637724550898205,0.7332601536772778,0.8671586715867159,1.1577825159914714,0.0
NVDA,2017-01-29,2019.0,Q1,9841000000.0,1766000000.0,1666000000.0,1934000000.0,1463000000.0,6910000000.0,5762000000.0,0.27988422575976846,0.2410998552821997,0.179453307590692,0.5855096026826542,0.2117221418234443,0.4587291534726621,2.4481037924151696,0.6462450592885376,2.07380073800738,0.023824386183936674
NVDA,2017-04-30,2019.0,Q1,9410000000.0,1989000000.0,507000000.0,554000000.0,411000000.0,1937000000.0,6132000000.0,0.28600929272070214,0.26174496644295303,0.21137088204038257,0.6516471838469713,0.2121837893649974,0.0,-0.7196816208393633,0.0,-0.6956782713085234,0.0
NVDA,2017-07-30,2019.0,Q2,9402000000.0,1988000000.0,1091000000.0,1242000000.0,827000000.0,4167000000.0,5973000000.0,0.2980561555075594,0.26181905447564197,0.2114443735375452,0.6352903637523931,0.19846412287017037,1.1512648425400105,1.1512648425400105,1.1518737672583828,1.1518737672583828,-0.0008501594048884176
NVDA,2017-10-29,2019.0,Q3,9830000000.0,2802000000.0,1928000000.0,2137000000.0,1290000000.0,6803000000.0,6352000000.0,0.314126120829046,0.2834043804204028,0.28504577822990845,0.6461851475076297,0.18962222548875496,1.580804248861912,2.0506726457399105,1.3007159904534604,2.307032590051458,0.0
NVDA,2018-01-28,2020.0,Q3,11241000000.0,4002000000.0,3047000000.0,3210000000.0,1797000000.0,9714000000.0,7471000000.0,0.3304508956145769,0.3136709903232448,0.3560181478516146,0.6646205853571746,0.18499073502161828,0.0,0.42789945612229907,0.0,0.5803941908713692,0.0
NVDA,2018-04-29,2020.0,Q2,11460000000.0,765000000.0,1244000000.0,1295000000.0,542000000.0,3207000000.0,7717000000.0,0.40380417835983784,0.38790146554412225,0.06675392670157068,0.6733856893542758,0.1690053009042719,-0.669857936998147,-0.669857936998147,-0.5917295700689202,-0.5917295700689202,0.019482252468641548
NVDA,2018-07-29,2020.0,Q3,12882000000.0,718000000.0,2345000000.0,2452000000.0,1124000000.0,6330000000.0,8795000000.0,0.38736176935229066,0.3704581358609795,0.05573668684986803,0.6827356000621022,0.17756714060031595,0.9738072965388214,0.9738072965388214,0.885048231511254,0.885048231511254,0.12408376963350776
NVDA,2018-10-28,2020.0,Q3,13657000000.0,721000000.0,3575000000.0,3510000000.0,1729000000.0,9511000000.0,9475000000.0,0.36904636736410473,0.3758805593523289,0.052793439261916965,0.6937834077762319,0.1817895068867627,2.0454691002241434,0.5025276461295418,2.2470481380563125,0.5245202558635393,0.06016146561092994
NVDA,2019-01-27,2021.0,Q3,13292000000.0,782000000.0,4141000000.0,3804000000.0,2376000000.0,11716000000.0,9342000000.0,0.3246841925571868,0.35344827586206895,0.058832380379175445,0.7028287691844719,0.20279959030385797,2.6831185161898774,0.23183682052360433,2.3666666666666667,0.15832167832167832,-0.0267262209855752
NVDA,2019-04-28,2020.0,Q1,14021000000.0,2772000000.0,394000000.0,358000000.0,674000000.0,2220000000.0,9704000000.0,0.16126126126126125,0.17747747747747747,0.19770344483275087,0.6921047000927181,0.3036036036036036,0.0,-0.8105155343120519,0.0,-0.9048539000241488,0.05484501956063803
NVDA,2019-07-28,2021.0,Q3,14775000000.0,7105000000.0,947000000.0,929000000.0,1379000000.0,4799000000.0,10336000000.0,0.1935819962492186,0.19733277766201293,0.4808798646362098,0.699560067681895,0.2873515315690769,0.0,1.1617117117117117,0.0,1.4035532994923856,0.0
NVDA,2019-10-27,2021.0,Q3,15810000000.0,9765000000.0,1845000000.0,1856000000.0,2091000000.0,7813000000.0,11214000000.0,0.23755279662101625,0.23614488672724945,0.6176470588235294,0.7092979127134725,0.26763087162421606,0.0,0.6280475098978955,0.0,0.9482576557550157,0.0
NVDA,2020-01-26,2022.0,Q1,17315000000.0,10896000000.0,2796000000.0,2846000000.0,2829000000.0,10918000000.0,12204000000.0,0.2606704524638212,0.2560908591317091,0.6292809702570026,0.7048224083164886,0.2591133907309031,0.0,2.6224286662242866,0.0,2.110122358175751,0.0
NVDA,2020-04-26,2022.0,Q1,23254000000.0,15494000000.0,917000000.0,976000000.0,735000000.0,3080000000.0,13099000000.0,0.3168831168831169,0.29772727272727273,0.6662939709297325,0.5633009374731229,0.23863636363636365,0.0,-0.7178970507418941,0.0,-0.6720314735336195,0.0
NVDA,2020-07-26,2022.0,Q3,25180000000.0,3274000000.0,1539000000.0,1627000000.0,1732000000.0,6946000000.0,13914000000.0,0.23423553124100202,0.22156636913331415,0.13002382843526608,0.5525814138204924,0.24935214511949325,1.255194805194805,1.255194805194805,0.6782988004362049,0.6782988004362049,0.08282446030790402
NVDA,2020-10-25,2022.0,Q3,26881000000.0,2251000000.0,2875000000.0,3025000000.0,2778000000.0,11672000000.0,15334000000.0,0.259167237834133,0.2463159698423578,0.08373944421710502,0.5704400877943528,0.23800548320767648,0.0,0.6803915922833286,0.0,0.8680961663417803,0.0
NVDA,2021-01-31,2023.0,Q1,28791000000.0,847000000.0,4332000000.0,4532000000.0,3924000000.0,16675000000.0,16893000000.0,0.271784107946027,0.25979010494752625,0.029418915633357648,0.5867458580806502,0.2353223388305847,0.4286326250856751,1.4006622516556293,0.5067826086956522,1.8148148148148149,0.07105390424463365
NVDA,2021-05-02,2023.0,Q1,30796000000.0,978000000.0,1912000000.0,1956000000.0,1153000000.0,5661000000.0,18774000000.0,0.3455219925808161,0.33774951422010246,0.03175737108715418,0.6096246265748798,0.2036742624977919,0.0,-0.6605097451274362,0.0,-0.5586334256694367,0.0
NVDA,2021-08-01,2023.0,Q3,38650000000.0,5628000000.0,4285000000.0,4400000000.0,2398000000.0,12168000000.0,21147000000.0,0.3616042077580539,0.35215318869165024,0.145614489003881,0.5471410090556275,0.19707429322813938,1.1494435612082672,1.1494435612082672,1.2411087866108788,1.2411087866108788,0.25503312118456933
NVDA,2021-10-31,2023.0,Q3,40632000000.0,1288000000.0,6749000000.0,7071000000.0,3802000000.0,19271000000.0,23798000000.0,0.3669243941674018,0.3502153494888693,0.03169915337664895,0.5856960031502264,0.1972912666701261,0.0,0.5837442472057857,0.0,0.575029171528588,0.0
NVDA,2022-01-30,2024.0,Q1,44187000000.0,1990000000.0,9752000000.0,10041000000.0,5268000000.0,26914000000.0,26612000000.0,0.3730772088875678,0.3623393029649996,0.04503587027858873,0.6022585828411071,0.19573456193802483,0.39660629962119254,1.2118671926364235,0.44495480811972143,1.2758459743290547,0.08749261665682218
NVDA,2022-05-01,2024.0,Q1,45212000000.0,3887000000.0,1618000000.0,1868000000.0,1618000000.0,8288000000.0,26320000000.0,0.22538610038610038,0.19522200772200773,0.08597275059718659,0.5821463328319915,0.19522200772200773,0.0,-0.6920561789403284,0.0,-0.8340853158326498,0.0
NVDA,2022-07-31,2024.0,Q3,43476000000.0,3013000000.0,2274000000.0,2367000000.0,3443000000.0,14992000000.0,23851000000.0,0.15788420490928495,0.15168089647812166,0.06930260373539424,0.5486015272794186,0.22965581643543223,0.8088803088803089,0.8088803088803089,0.4054388133498146,0.4054388133498146,-0.03839688578253564
NVDA,2022-10-30,2024.0,Q3,40488000000.0,2800000000.0,2954000000.0,2968000000.0,5387000000.0,20923000000.0,21349000000.0,0.14185346269655402,0.1411843425894948,0.06915629322268327,0.527292037146809,0.25746785833771446,0.0,0.39561099252934895,0.0,0.2990325417766051,0.0
NVDA,2023-01-29,2025.0,Q1,41182000000.0,3389000000.0,4368000000.0,4224000000.0,7339000000.0,26974000000.0,22101000000.0,0.1565952398606065,0.16193371394676356,0.08229323490845515,0.5366665047836433,0.2720768147104619,0.289203269129666,0.7992262540021344,0.47867298578199047,0.920844327176781,0.017140881248765005
NVDA,2023-04-30,2025.0,Q1,44460000000.0,5079000000.0,2043000000.0,2140000000.0,1875000000.0,7192000000.0,24520000000.0,0.2975528364849833,0.2840656284760845,0.11423751686909582,0.5515069725596041,0.260706340378198,0.0,-0.7333728775858234,0.0,-0.5322802197802198,0.0
NVDA,2023-07-30,2025.0,Q2,49555000000.0,5783000000.0,8232000000.0,8941000000.0,3916000000.0,20699000000.0,27501000000.0,0.43195323445577083,0.3977003719986473,0.11669861769750782,0.5549591363131874,0.18918788347263152,1.878058954393771,1.878058954393771,3.0293685756240825,3.0293685756240825,0.11459739091318033
NVDA,2023-10-29,2025.0,Q3,54148000000.0,5519000000.0,17475000000.0,19358000000.0,6210000000.0,38819000000.0,33265000000.0,0.4986733300703264,0.4501661557484737,0.10192435547019281,0.6143347861416858,0.15997320899559495,0.0,0.8754046089183052,0.0,1.1228134110787171,0.0
NVDA,2024-01-28,2026.0,Q1,65728000000.0,7280000000.0,29760000000.0,32972000000.0,8675000000.0,60922000000.0,42978000000.0,0.5412166376678376,0.4884934834706674,0.11075949367088607,0.653876582278481,0.14239519385443683,0.0,0.0,0.0,0.0,0.0
NVDA,2024-04-28,2026.0,Q2,77072000000.0,7587000000.0,14881000000.0,16909000000.0,2720000000.0,26044000000.0,49142000000.0,0.6492474274305022,0.5713792044232837,0.098440419348142,0.6376115839734274,0.10443864229765012,-0.5725025442368931,-0.5725025442368931,-0.4999663978494624,-0.4999663978494624,0.17259006815968836
NVDA,2024-07-28,2026.0,Q2,85227000000.0,8563000000.0,31480000000.0,35551000000.0,5810000000.0,56084000000.0,58157000000.0,0.6338884530347336,0.5613009057841809,0.10047285484646884,0.6823776502751475,0.1035946080878682,0.0,1.1534326524343417,0.0,1.1154492305624624,0.0
NVDA,2024-10-27,2026.0,Q3,96013000000.0,9107000000.0,50789000000.0,57419000000.0,9200000000.0,91166000000.0,65899000000.0,0.629829102955049,0.5571046223372749,0.09485173882703384,0.6863549727641048,0.10091481473356295,0.0,0.6255259967192068,0.0,0.6133735705209657,0.0
NVDA,2025-01-26,2027.0,Q1,111601000000.0,8589000000.0,72880000000.0,81453000000.0,12914000000.0,130497000000.0,79327000000.0,0.6241752683969747,0.5584802715771244,0.07696167597064542,0.7108090429297228,0.0989601293516326,0.0,1.3268133514014693,0.0,1.315120711562897,0.0
NVDA,2025-04-27,2027.0,Q1,125254000000.0,15234000000.0,18775000000.0,21638000000.0,3989000000.0,44062000000.0,83843000000.0,0.49108074985248057,0.4261041260042667,0.12162485828795887,0.6693838120938254,0.09053152376197177,0.0,-0.6623523912427105,0.0,-0.7423847420417125,0.0
NVDA,2025-07-27,2026.0,Q2,140740000000.0,11639000000.0,45197000000.0,50078000000.0,8280000000.0,90805000000.0,100131000000.0,0.5514894554264633,0.4977369087605308,0.08269859315049026,0.7114608497939463,0.09118440614503606,1.0608460805228996,-0.3041602488946106,1.4072969374167776,-0.37984357848518113,0.12363677008319085
NVDA,2025-10-26,2026.0,Q3,161148000000.0,11486000000.0,77107000000.0,86088000000.0,12985000000.0,147811000000.0,118897000000.0,0.5824194410429535,0.5216594164169108,0.07127609402536798,0.7378124457020875,0.08784867161442653,0.6277848136115853,2.354613953066134,0.706020311082594,3.1068974700399465,0.145004973710388
NVDA,2026-01-25,2027.0,Q1,206803000000.0,10605000000.0,120067000000.0,130387000000.0,18497000000.0,215938000000.0,157293000000.0,0.6038168363141272,0.5560253406070261,0.05128068741749394,0.7605934149891442,0.08565884652076058,0.46090615718721883,3.900776179020471,0.5571478594680119,5.395046604527297,0.28331099362077095
NVDA,2026-04-26,2027.0,Q1,259474000000.0,13237000000.0,58321000000.0,53536000000.0,6321000000.0,81615000000.0,195474000000.0,0.6559578508852539,0.7145867793910433,0.05101474521532023,0.7533471561697896,0.0774489983458923,-0.622044290490789,-0.10120588073343983,-0.5142628698976405,0.29037325486204835,0.25469166308032287
ORCL,2015-02-28,2016.0,Q3,98816000000.0,13701000000.0,7181000000.0,9889000000.0,4088000000.0,27520000000.0,48095000000.0,0.35933866279069765,0.2609375,0.13865163536269431,0.4867126781088083,0.14854651162790697,0.0,2.201489064681247,0.0,2.288003663003663,0.0
ORCL,2015-05-31,2017.0,Q3,110903000000.0,21716000000.0,9938000000.0,13871000000.0,5524000000.0,38226000000.0,48663000000.0,0.36286820488672633,0.25998011824412703,0.195810753541383,0.4387888515188949,0.14450897295034792,0.0,1.1010223150489171,0.0,1.1212379935965848,0.0
ORCL,2015-08-31,2017.0,Q1,109706000000.0,16739000000.0,1747000000.0,2654000000.0,1390000000.0,8448000000.0,47097000000.0,0.31415719696969696,0.20679450757575757,0.1525805334257014,0.4293019524912038,0.16453598484848486,0.0,-0.7789985873489248,0.0,-0.8242101026363453,0.0
ORCL,2015-11-30,2017.0,Q2,106483000000.0,17411000000.0,3945000000.0,5609000000.0,2834000000.0,17441000000.0,45924000000.0,0.32159853219425494,0.22619115876383236,0.163509668209949,0.4312801104401642,0.16249068287368842,0.0,-0.5437398629205252,0.0,-0.6030388408130409,0.0
ORCL,2016-02-29,2017.0,Q3,104894000000.0,15583000000.0,6087000000.0,8636000000.0,4253000000.0,26453000000.0,45870000000.0,0.32646580728083774,0.23010622613692208,0.1485594981600473,0.4372986062119854,0.16077571541980115,0.0,2.1312736742424243,0.0,2.484258729250143,0.0
ORCL,2016-05-31,2018.0,Q1,112180000000.0,20152000000.0,8901000000.0,12604000000.0,5787000000.0,37047000000.0,47289000000.0,0.34021648176640484,0.24026236942262533,0.17963986450347655,0.4215457300766625,0.1562069803222933,0.40048387706498323,1.1241327905510006,0.46229669788072947,1.2562737642585553,0.06946059831830231
ORCL,2016-08-31,2018.0,Q1,123223000000.0,28614000000.0,1832000000.0,2641000000.0,1520000000.0,8595000000.0,47435000000.0,0.30727166957533447,0.21314717859220478,0.23221314202705665,0.3849524845199354,0.17684700407213497,0.0,-0.7679974086970605,0.0,-0.7941804291652623,0.0
ORCL,2016-11-30,2018.0,Q2,123600000000.0,18592000000.0,3864000000.0,5678000000.0,3030000000.0,17630000000.0,48462000000.0,0.3220646625070902,0.21917186613726602,0.15042071197411003,0.3920873786407767,0.17186613726602382,0.0,-0.5241180122547036,0.0,-0.5658914728682171,0.0
ORCL,2017-02-28,2018.0,Q3,125382000000.0,19748000000.0,6103000000.0,8636000000.0,4551000000.0,26835000000.0,50615000000.0,0.3218185205887833,0.22742686789640396,0.15750267183487263,0.4036863345615798,0.16959195081050865,0.0,2.1221640488656197,0.0,2.3313318777292578,0.0
ORCL,2017-05-31,2019.0,Q1,134991000000.0,21784000000.0,9452000000.0,12913000000.0,6153000000.0,37792000000.0,53860000000.0,0.3416860711261643,0.25010584250635054,0.1613737212110437,0.39898956226711413,0.16281223539373413,0.408310042854481,1.1436188315371525,0.5487465181058495,1.4461697722567286,0.0766377948987893
ORCL,2017-08-31,2019.0,Q1,133597000000.0,21321000000.0,2144000000.0,2749000000.0,1572000000.0,9104000000.0,55959000000.0,0.30195518453427067,0.23550087873462214,0.15959190700389977,0.41886419605230657,0.1726713532513181,-0.009034505279198912,-0.758693808312129,-0.029864253393665163,-0.7703267273701124,0.0
ORCL,2017-11-30,2019.0,Q2,138762000000.0,21310000000.0,4358000000.0,5789000000.0,3045000000.0,18693000000.0,55868000000.0,0.3096881185470497,0.23313539827743004,0.1535723036566207,0.4026174312852222,0.16289520141229338,-0.0061672603540857684,1.0347229781212581,-0.01891040072039618,0.9719457013574662,0.0
ORCL,2018-02-28,2019.0,Q3,138201000000.0,19487000000.0,311000000.0,9103000000.0,4541000000.0,28369000000.0,47789000000.0,0.32087842363142866,0.010962670520638726,0.14100476841701579,0.3457934457782505,0.16006908949910112,-0.007348052766017021,2.1161028119507908,-0.2559808612440191,-0.8549440298507462,0.0
ORCL,2018-05-31,2019.0,Q2,137851000000.0,21620000000.0,3587000000.0,13264000000.0,6084000000.0,39383000000.0,46372000000.0,0.33679506386004116,0.09107990757433411,0.15683600409137402,0.336392191569158,0.1544828987126425,0.38824068525503197,1.093838056249668,10.533762057877814,-0.19248086447546153,-0.0025325431798611797
ORCL,2018-08-31,2020.0,Q1,128358000000.0,18455000000.0,2265000000.0,2778000000.0,1564000000.0,9193000000.0,38067000000.0,0.30218644620907215,0.24638311758947026,0.14377755963788777,0.2965689711587903,0.17012944631785054,0.0,-0.7691998694484196,0.0,-0.40784313725490196,0.0
ORCL,2018-11-30,2020.0,Q2,118318000000.0,10824000000.0,4598000000.0,5878000000.0,3039000000.0,18755000000.0,30572000000.0,0.3134097573980272,0.24516129032258063,0.09148227657668317,0.25838841089267905,0.16203679018928285,0.0,-0.5237792956351726,0.0,0.2818511290772232,0.0
ORCL,2019-02-28,2020.0,Q3,109438000000.0,14720000000.0,7343000000.0,9278000000.0,4464000000.0,28369000000.0,23714000000.0,0.3270471289083154,0.2588388734181677,0.1345053820428005,0.2166889014784627,0.15735485917727096,0.0,2.08593495050582,0.0,2.2419426048565123,0.0
ORCL,2019-05-31,2020.0,Q3,108709000000.0,20514000000.0,11083000000.0,13535000000.0,6026000000.0,39506000000.0,21785000000.0,0.3426061864020655,0.28053966486103377,0.18870562694901066,0.2003973912003606,0.15253379233534148,0.3925764038210724,1.1064249533457744,0.5093286122838077,1.4103958242714225,-0.0066613059449185386
ORCL,2019-08-31,2021.0,Q1,106229000000.0,31083000000.0,2137000000.0,2877000000.0,1557000000.0,9218000000.0,18433000000.0,0.3121067476676069,0.23182903015838577,0.29260371461653595,0.17352135480895048,0.16890865697548274,-0.7666683541740495,-0.7666683541740495,-0.8071821708923577,-0.8071821708923577,-0.02281319853921937
ORCL,2019-11-30,2021.0,Q2,98443000000.0,24540000000.0,4448000000.0,6060000000.0,3088000000.0,18832000000.0,15563000000.0,0.3217926932880204,0.23619371282922685,0.2492813099966478,0.1580914844122995,0.16397621070518267,0.0,-0.523312914494001,0.0,-0.5986646214923756,0.0
ORCL,2020-02-29,2021.0,Q3,96704000000.0,23829000000.0,7019000000.0,9588000000.0,4588000000.0,28629000000.0,14235000000.0,0.334905166090328,0.24517098047434419,0.24641173064195895,0.1472017703507611,0.16025708197981067,0.0,2.1057713169885006,0.0,2.28451099672438,0.0
ORCL,2020-05-31,2021.0,Q1,115438000000.0,37239000000.0,10135000000.0,13896000000.0,6067000000.0,39068000000.0,12074000000.0,0.355687519197297,0.25941947373809765,0.3225887489388243,0.10459294166565603,0.15529333469847445,0.0,0.36463027000593806,0.0,0.44393788288930036,0.0
ORCL,2020-08-31,2022.0,Q1,113546000000.0,27276000000.0,2251000000.0,3211000000.0,1589000000.0,9367000000.0,9491000000.0,0.34279918864097364,0.24031173267855235,0.240219822803093,0.08358726859598753,0.1696380911711327,-0.7602385584109758,-0.7602385584109758,-0.777898371978293,-0.777898371978293,-0.016389750342175047
ORCL,2020-11-30,2022.0,Q2,110014000000.0,28001000000.0,4693000000.0,6794000000.0,3190000000.0,19167000000.0,7917000000.0,0.35446340063651066,0.24484791568842282,0.25452215172614395,0.07196356827312887,0.16643188814107582,1.046226112949717,-0.5093938773420703,1.0848511772545537,-0.5369511593487913,-0.03110633575819488
ORCL,2021-02-28,2022.0,Q3,118109000000.0,22321000000.0,9714000000.0,10672000000.0,4812000000.0,29252000000.0,8900000000.0,0.3648297552304116,0.3320798577875017,0.18898644472478812,0.07535412203981068,0.16450157254204842,0.0,2.122878189388278,0.0,3.315415370946246,0.0
ORCL,2021-05-31,2022.0,Q1,131107000000.0,30098000000.0,13746000000.0,15213000000.0,6527000000.0,40479000000.0,5238000000.0,0.3758245015934188,0.3395834877343808,0.22956821527454674,0.03995210019297215,0.16124410187998717,0.0,0.3838028169014085,0.0,0.4150710315009265,0.0
ORCL,2021-08-31,2023.0,Q1,122924000000.0,23059000000.0,2457000000.0,3427000000.0,1684000000.0,9728000000.0,-1541000000.0,0.3522820723684211,0.2525699013157895,0.18758745240961894,-0.012536201230028311,0.17310855263157895,-0.7596778576545864,-0.7596778576545864,-0.8212570929725012,-0.8212570929725012,-0.0624146689345344
ORCL,2021-11-30,2023.0,Q2,106897000000.0,17938000000.0,1209000000.0,2602000000.0,3438000000.0,20087000000.0,-10101000000.0,0.12953651615472694,0.06018818141086275,0.16780639306996453,-0.09449282954619868,0.1711554736894509,0.0,-0.5037673855579436,0.0,-0.9120471409864688,0.0
ORCL,2022-02-28,2023.0,Q3,108644000000.0,22682000000.0,3528000000.0,6424000000.0,5254000000.0,30600000000.0,-8696000000.0,0.2099346405228758,0.11529411764705882,0.2087736092191009,-0.08004123559515482,0.17169934640522877,0.0,2.145559210526316,0.0,0.4358974358974359,0.0
ORCL,2022-05-31,2023.0,Q3,109297000000.0,21383000000.0,6717000000.0,10926000000.0,7219000000.0,42440000000.0,-6220000000.0,0.2574458058435438,0.15827049952874647,0.19564123443461395,-0.05690915578652662,0.17009896324222432,0.0,1.112809279633594,0.0,4.555831265508685,0.0
ORCL,2022-08-31,2024.0,Q1,130309000000.0,10448000000.0,1548000000.0,2623000000.0,2093000000.0,11445000000.0,-5875000000.0,0.2291830493665356,0.13525557011795544,0.08017865228034901,-0.04508514377364572,0.18287461773700306,0.0,-0.730325164938737,0.0,-0.7695399732023225,0.0
ORCL,2022-11-30,2024.0,Q2,128469000000.0,6813000000.0,3289000000.0,5694000000.0,4251000000.0,23720000000.0,-4246000000.0,0.24005059021922429,0.1386593591905565,0.05303224902505663,-0.033050774895110886,0.1792158516020236,0.0,-0.4410933081998115,0.0,-0.5103468810480869,0.0
ORCL,2023-02-28,2024.0,Q3,131620000000.0,8219000000.0,5184000000.0,8953000000.0,6397000000.0,36118000000.0,-2421000000.0,0.24788194252173432,0.14352954205659227,0.06244491718583802,-0.018393861115332016,0.17711390442438674,0.0,2.1557885539536916,0.0,2.3488372093023258,0.0
ORCL,2023-05-31,2024.0,Q3,134384000000.0,9765000000.0,8503000000.0,13093000000.0,8623000000.0,49954000000.0,1073000000.0,0.262101133042399,0.17021659927132962,0.07266490058340279,0.007984581497797356,0.1726188093045602,0.38307768979456225,1.1059865092748735,0.6402391975308641,1.5852842809364547,0.020999848047409175
ORCL,2023-08-31,2025.0,Q1,136662000000.0,11613000000.0,2420000000.0,3296000000.0,2216000000.0,12453000000.0,2370000000.0,0.264675178671806,0.1943306833694692,0.08497607235369013,0.01734205558238574,0.1779490885730346,0.0,-0.7507106538014974,0.0,-0.7153945666235446,0.0
ORCL,2023-11-30,2025.0,Q2,134324000000.0,8244000000.0,4923000000.0,6918000000.0,4442000000.0,25394000000.0,3866000000.0,0.2724265574545168,0.19386469244703472,0.06137399124504928,0.028781156010839463,0.17492321020713555,0.0,-0.49165232013452376,0.0,-0.4210278725155827,0.0
ORCL,2024-02-29,2025.0,Q3,137082000000.0,9481000000.0,7323000000.0,10667000000.0,6689000000.0,38674000000.0,5623000000.0,0.27581837927289654,0.1893520194445881,0.06916298274025766,0.041019243956172215,0.1729585768216373,0.0,2.105597044888782,0.0,2.0260330578512398,0.0
ORCL,2024-05-31,2025.0,Q3,140976000000.0,10454000000.0,10467000000.0,15353000000.0,8915000000.0,52961000000.0,8704000000.0,0.2898925624516153,0.19763599629916354,0.07415446600839859,0.06174100556123028,0.16833141368176582,0.36942131664684275,1.0855713948176735,0.4293322408848832,1.1261425959780622,0.028406355320173438
ORCL,2024-08-31,2026.0,Q1,144214000000.0,10616000000.0,2929000000.0,3991000000.0,2306000000.0,13307000000.0,10816000000.0,0.2999173367400616,0.22010971669046367,0.07361282538449804,0.07499965329302287,0.17329225219809122,0.0,-0.7487396386019902,0.0,-0.7201681475112258,0.0
ORCL,2024-11-30,2026.0,Q2,148483000000.0,10941000000.0,6080000000.0,8211000000.0,4777000000.0,27366000000.0,13746000000.0,0.3000438500328875,0.2221734999634583,0.07368520301987433,0.09257625452071955,0.1745596725864211,0.0,-0.4832801495440041,0.0,-0.4191267794019299,0.0
ORCL,2025-02-28,2026.0,Q3,161378000000.0,17406000000.0,9016000000.0,12569000000.0,7206000000.0,41496000000.0,16730000000.0,0.30289666473877,0.21727395411605938,0.10785856808239042,0.10366964518087968,0.1736552920763447,0.0,2.1183587585481325,0.0,2.078183680437009,0.0
ORCL,2025-05-31,2026.0,Q3,168361000000.0,10786000000.0,12443000000.0,17678000000.0,9860000000.0,57399000000.0,20451000000.0,0.30798445965957594,0.21678078015296434,0.06406471807603899,0.12147112454784659,0.17177999616718062,0.3832417582417582,1.0974566980925236,0.3801020408163265,1.0465460526315788,0.04327107784208506
ORCL,2025-08-31,2026.0,Q1,180449000000.0,10445000000.0,2927000000.0,4277000000.0,2491000000.0,14926000000.0,24154000000.0,0.28654696502746885,0.19610076376792174,0.057883390874984064,0.13385499504014986,0.16688999062039395,-0.7399606264917507,-0.7399606264917507,-0.7647673390661416,-0.7647673390661416,0.07179810051021307
ORCL,2025-11-30,2026.0,Q2,204984000000.0,19241000000.0,9062000000.0,9008000000.0,5051000000.0,30983000000.0,29951000000.0,0.29074008327147144,0.2924829745344221,0.09386586270147913,0.14611384303165126,0.16302488461414325,1.0757738174996652,-0.4602170769525602,2.0960027331738984,-0.27171903881700554,0.13596639493707374
ORCL,2026-02-28,2026.0,Q3,245240000000.0,38455000000.0,12783000000.0,14473000000.0,7658000000.0,48173000000.0,38495000000.0,0.3004380046914247,0.26535611234508955,0.1568055782091013,0.15696868373837874,0.15896871691611483,0.5548203853726237,-0.16073450756981833,0.4106157581107923,0.027324600176806157,0.19638605939975795
TSLA,2015-03-31,2016.0,Q1,6120030000.0,1510076000.0,-154181000.0,-102446000.0,167154000.0,939880000.0,825997000.0,-0.10899902115163639,-0.16404328212112185,0.24674323491878308,0.13496616846649445,0.177846108013789,0.0,-0.7061365276410756,0.0,-0.47564617058903547,0.0
TSLA,2015-06-30,2016.0,Q2,6468185000.0,1150673000.0,-338408000.0,-272634000.0,348866000.0,1894856000.0,715934000.0,-0.14388111814301457,-0.17859299070747328,0.1778973545128966,0.11068545503877826,0.18411214361407938,0.9841922728948163,1.0160616248882834,0.836907727966042,1.1948748548783574,0.0
TSLA,2015-09-30,2016.0,Q3,7547497000.0,1426036000.0,-568266000.0,-456296000.0,527657000.0,2831645000.0,1314656000.0,-0.16114166853542727,-0.20068405467493278,0.1889415789102003,0.17418436867215714,0.186342920811048,0.49438532532287405,1.965147815233053,0.6792333514574123,2.0845967203504374,0.16686473871727547
TSLA,2015-12-31,2017.0,Q3,8067939000.0,1196908000.0,-888663000.0,-716629000.0,717900000.0,4046025000.0,1083704000.0,-0.17711927138364197,-0.21963853411681836,0.14835362538065794,0.13432228478673425,0.17743340686229075,0.0,3.3190355565660994,0.0,2.866139094571431,0.0
TSLA,2016-03-31,2017.0,Q1,9191702000.0,1441789000.0,-282267000.0,-248224000.0,182482000.0,1147048000.0,970365000.0,-0.21640245220775417,-0.2460812450743125,0.1568576744546331,0.10556967577930616,0.15908837293644207,0.0,-0.7165000216261639,0.0,-0.6823689069984911,0.0
TSLA,2016-06-30,2017.0,Q2,11868952000.0,3246301000.0,-575455000.0,-486264000.0,374146000.0,2417065000.0,2520294000.0,-0.2011795297188946,-0.2380800681818652,0.2735120168992174,0.2123434318379584,0.15479352024045692,1.107204755162818,1.107204755162818,1.0386903180322178,1.0386903180322178,0.2912681459864561
TSLA,2016-09-30,2017.0,Q3,12592397000.0,3084257000.0,-553577000.0,-400642000.0,588448000.0,4715501000.0,2680488000.0,-0.08496276429588287,-0.11739516119284038,0.24493009551716008,0.2128655886563932,0.12479013364645665,1.051612922874511,2.71294321257117,-26.302907029893042,0.8881298006739702,0.0
TSLA,2016-12-31,2018.0,Q1,22664076000.0,3393216000.0,-674914000.0,-667340000.0,834408000.0,7000132000.0,4752911000.0,-0.09533248801594027,-0.09641446761289645,0.1497178177482285,0.2097112187587087,0.11919889510654942,0.0,0.0,0.0,0.0,0.0
TSLA,2017-03-31,2018.0,Q1,25053726000.0,4006593000.0,-330277000.0,-257549000.0,322040000.0,2696270000.0,4987719000.0,-0.09552047829037894,-0.12249403805998657,0.1599200454255786,0.19908092712437264,0.11943907694704166,-0.6148258347128311,-0.6148258347128311,-0.5106383924470377,-0.5106383924470377,0.10543778621285949
TSLA,2017-06-30,2018.0,Q2,26043705000.0,3035924000.0,-666674000.0,-498465000.0,691814000.0,5485827000.0,5105752000.0,-0.0908641486506957,-0.12152661759111251,0.1165703574049852,0.19604553192412524,0.12610933593057164,0.9665584893945527,1.034598537980247,0.9818072099335011,1.0185299006591437,0.0
TSLA,2017-09-30,2018.0,Q3,28107074000.0,3530030000.0,-1286050000.0,-1033945000.0,1023436000.0,8470502000.0,4711480000.0,-0.12206419407019796,-0.15182689290434026,0.1255922263555431,0.16762612856820316,0.12082353560627221,1.837998106996574,0.5440702012659167,1.0763639533982587,0.9290537804084156,0.0
TSLA,2017-12-31,2019.0,Q2,28655372000.0,3367914000.0,-1962000000.0,-1632000000.0,1378000000.0,11759000000.0,4237242000.0,-0.13878731184624543,-0.16685092269750829,0.11753167957477571,0.14786902783882896,0.1171868356152734,0.3882294107244175,2.9397924397128667,0.525601648458458,2.167704270104105,0.019507473456682023
TSLA,2018-03-31,2019.0,Q1,27271429000.0,2665673000.0,-709551000.0,-596974000.0,367096000.0,3408751000.0,4450695000.0,-0.17512983494540962,-0.20815571451244166,0.09774599636858046,0.16319991886013746,0.10769223096670892,-7.30419477852351e-05,-0.7101094325409221,0.0007771509167842083,-0.6382425818293056,0.0
TSLA,2018-06-30,2019.0,Q2,27910000000.0,2236424000.0,-1427090000.0,-1218366000.0,753225000.0,7410982000.0,3906421000.0,-0.1644000754555874,-0.1925642242822881,0.08012984593335722,0.13996492296667862,0.10163632835702475,0.8518195902048975,1.1741048260785254,0.9875905292479108,1.0112578236095784,0.0
TSLA,2018-09-30,2019.0,Q3,29262713000.0,2967000000.0,-1116000000.0,-802000000.0,1104000000.0,14235000000.0,4508838000.0,-0.056340007024938535,-0.07839831401475238,0.10139182925383576,0.15408133893805404,0.07755532139093783,1.0860199296600235,0.9207980804703075,-4.588424437299036,-0.21798905464967167,0.0
TSLA,2018-12-31,2020.0,Q2,29740000000.0,3686000000.0,-976000000.0,-388000000.0,1460000000.0,21461000000.0,4923000000.0,-0.01807930664927077,-0.045477843530124414,0.12394082044384667,0.16553463349024883,0.06803038069055496,0.5075802252062553,2.144929660023447,-0.12511406683913395,-4.138263665594856,0.016310415237302145
TSLA,2019-03-31,2020.0,Q1,28912524000.0,2198000000.0,-702000000.0,-522000000.0,340000000.0,4541000000.0,4605596000.0,-0.11495265360052852,-0.15459149966967628,0.07602241852008493,0.15929415225042268,0.07487337590839022,0.0,-0.7884095198848455,0.0,-0.2808047610315022,0.0
TSLA,2019-06-30,2020.0,Q2,31872597000.0,4955000000.0,-1110000000.0,-689000000.0,664000000.0,10891000000.0,5715393000.0,-0.06326324488109449,-0.10191901570103755,0.1554627004507979,0.17931996567458874,0.06096777155449454,1.398370402994935,1.398370402994935,0.5811965811965811,0.5811965811965811,0.10238030412011079
TSLA,2019-09-30,2020.0,Q3,32795000000.0,5338000000.0,-967000000.0,-428000000.0,998000000.0,17194000000.0,6040000000.0,-0.024892404327090844,-0.056240549028730956,0.1627687147431011,0.1841744168318341,0.05804350354774922,1.7279073457083927,1.7077165354330708,-7.7622377622377625,1.3700980392156863,0.0
TSLA,2019-12-31,2021.0,Q3,34309000000.0,6268000000.0,-862000000.0,-69000000.0,1343000000.0,24578000000.0,6618000000.0,-0.002807388721620962,-0.03507201562372854,0.1826925879506835,0.19289399282986971,0.05464236308894133,0.4294521344655111,2.8994129779470095,-0.10858324715615308,-7.027972027972028,0.04616557402042987
TSLA,2020-03-31,2021.0,Q1,37250000000.0,8080000000.0,16000000.0,283000000.0,324000000.0,5985000000.0,9173000000.0,0.047284878863826235,0.0026733500417710945,0.21691275167785234,0.24625503355704698,0.05413533834586466,0.0,-0.7564895434941818,0.0,-1.0185614849187936,0.0
TSLA,2020-06-30,2021.0,Q2,38135000000.0,8615000000.0,120000000.0,610000000.0,603000000.0,12021000000.0,9855000000.0,0.05074453040512437,0.009982530571499875,0.2259079585682444,0.2584240199291989,0.050162216121786875,0.0,1.0085213032581453,0.0,6.5,0.0
TSLA,2020-09-30,2021.0,Q3,45691000000.0,14531000000.0,451000000.0,1419000000.0,969000000.0,20792000000.0,16031000000.0,0.06824740284724894,0.021691035013466718,0.31802762031910004,0.3508568427042525,0.046604463255098115,0.7296397970218784,2.4740183792815373,2.7583333333333333,27.1875,0.19813819326078397
TSLA,2020-12-31,2022.0,Q2,52148000000.0,19384000000.0,721000000.0,1994000000.0,1491000000.0,31536000000.0,22225000000.0,0.06322932521562659,0.022862760020294266,0.3717112832706911,0.42619084145125413,0.047279299847793,0.5167372066179299,1.6234090341901672,0.5986696230598669,5.008333333333334,0.14131885929395294
TSLA,2021-03-31,2022.0,Q1,52972000000.0,17141000000.0,438000000.0,594000000.0,666000000.0,10389000000.0,23017000000.0,0.05717585908172105,0.042159976898642794,0.3235860454579778,0.43451257267990634,0.06410626624314178,0.0,-0.6705669710806696,0.0,-0.39251040221914013,0.0
TSLA,2021-06-30,2022.0,Q2,55146000000.0,16229000000.0,1580000000.0,1906000000.0,1242000000.0,22347000000.0,24804000000.0,0.08529109052669262,0.07070300264017541,0.2942915170637943,0.4497878359264498,0.05557792992347966,0.0,-0.2913812785388128,0.0,1.1914008321775311,0.0
TSLA,2021-09-30,2022.0,Q3,57834000000.0,16065000000.0,3198000000.0,3910000000.0,1853000000.0,36104000000.0,27053000000.0,0.10829824950144028,0.08857744294261023,0.2777777777777778,0.4677698239789743,0.051323953024595616,0.0,2.475214168832419,0.0,6.301369863013699,0.0
TSLA,2021-12-31,2023.0,Q3,62131000000.0,17576000000.0,5519000000.0,6523000000.0,2593000000.0,53823000000.0,30189000000.0,0.12119354179440016,0.10253980640246735,0.2828861598879786,0.4858927105631649,0.04817643015067908,0.4907766452470641,1.40851120955833,0.7257661038148844,2.4930379746835443,0.0742988553446069
TSLA,2022-03-31,2023.0,Q1,66038000000.0,17505000000.0,3318000000.0,3603000000.0,865000000.0,18756000000.0,34085000000.0,0.19209852847088932,0.17690339091490723,0.26507465398709834,0.5161422211454011,0.046118575389208785,-0.651524441224012,-0.651524441224012,-0.39880413118318536,-0.39880413118318536,0.06288326278347367
TSLA,2022-06-30,2023.0,Q2,68513000000.0,18324000000.0,5577000000.0,6067000000.0,1532000000.0,35690000000.0,36376000000.0,0.1699915942841132,0.15626225833566826,0.2674528921518544,0.530935734824048,0.042925189128607454,0.0,-0.3369005815357746,0.0,0.010509150208371176,0.0
TSLA,2022-09-30,2023.0,Q3,74426000000.0,19532000000.0,8869000000.0,9755000000.0,2265000000.0,57144000000.0,39851000000.0,0.17070908581828365,0.15520439591208177,0.2624351705049311,0.5354446026926074,0.039636707265854686,0.0,2.0467050543825978,0.0,1.6729957805907172,0.0
TSLA,2022-12-31,2024.0,Q3,82338000000.0,16253000000.0,12556000000.0,13656000000.0,3075000000.0,81462000000.0,44704000000.0,0.16763644398615304,0.15413321548697553,0.19739366999441327,0.5429327892346183,0.03774766148633719,0.42555648887022257,1.282488091902494,0.4157176682827828,1.2513896360050207,0.10630693574826
TSLA,2023-03-31,2024.0,Q1,86833000000.0,16048000000.0,2513000000.0,2664000000.0,771000000.0,23329000000.0,48054000000.0,0.11419263577521539,0.10772000514381243,0.18481452903849918,0.5534071148065828,0.03304899481332248,-0.7136210748569886,-0.7136210748569886,-0.7998566422427524,-0.7998566422427524,0.05459204741431667
TSLA,2023-06-30,2024.0,Q2,90591000000.0,15296000000.0,5216000000.0,5063000000.0,1714000000.0,48256000000.0,51130000000.0,0.10491959549071618,0.10809018567639257,0.16884679493547924,0.5644048525791745,0.03551889920424403,0.0,-0.40762564140335367,0.0,-0.5845810767760433,0.0
TSLA,2023-09-30,2024.0,Q3,93941000000.0,15932000000.0,7069000000.0,6827000000.0,2875000000.0,71606000000.0,53466000000.0,0.09534117252744183,0.09872077758847024,0.16959581013614927,0.5691444630140194,0.04015026673742424,0.0,2.069398602597625,0.0,1.8129725427775565,0.0
TSLA,2023-12-31,2025.0,Q1,106618000000.0,16398000000.0,14997000000.0,8891000000.0,3969000000.0,96773000000.0,62634000000.0,0.0918747997891974,0.15497091130790613,0.1538014218987413,0.5874617794368681,0.04101350583323861,0.0,0.0,0.0,0.0,0.0
TSLA,2024-03-31,2025.0,Q1,109226000000.0,11805000000.0,1390000000.0,1171000000.0,1151000000.0,21301000000.0,64378000000.0,0.054973944885216654,0.06525515234026572,0.10807866258949335,0.5894017907824144,0.05403502182996103,0.0,-0.7798869519390739,0.2311780336581044,-0.9073147962925918,0.0
TSLA,2024-06-30,2025.0,Q2,112832000000.0,14635000000.0,2790000000.0,2776000000.0,2225000000.0,46801000000.0,66468000000.0,0.05931497190230978,0.05961411080959809,0.12970611174134997,0.589088201928531,0.04754171919403431,0.0,1.1971268954509178,0.07019562715765248,1.0071942446043165,0.0
TSLA,2024-09-30,2025.0,Q3,119852000000.0,18111000000.0,4963000000.0,5493000000.0,3264000000.0,71983000000.0,69931000000.0,0.07630968423099899,0.06894683466929692,0.1511113706905183,0.5834779561459132,0.04534403956489727,0.0,0.5380654259524369,0.03958944281524923,0.9037207518220176,0.0
TSLA,2024-12-31,2026.0,Q1,122070000000.0,16139000000.0,7091000000.0,7076000000.0,4540000000.0,97690000000.0,72913000000.0,0.07243320708363189,0.07258675401781145,0.13221102646022773,0.5973048251003522,0.04647353874500972,0.0,0.0,0.0,0.0,0.0
TSLA,2025-03-31,2026.0,Q1,125111000000.0,16352000000.0,409000000.0,399000000.0,1409000000.0,19335000000.0,74653000000.0,0.020636152055857254,0.021153348849237134,0.13069993845465228,0.5966941356075804,0.07287302818722524,0.0,-0.8020780018425632,0.0,-0.9423212522916373,0.0
TSLA,2025-06-30,2025.0,Q2,128567000000.0,15587000000.0,1581000000.0,1322000000.0,2998000000.0,41831000000.0,77314000000.0,0.031603356362506274,0.03779493676938156,0.12123639814260269,0.6013518243406162,0.07166933613827066,1.1634859063873804,-0.5717985464223565,2.8655256723716382,-0.7770413199830771,0.0276234703583218
TSLA,2025-09-30,2025.0,Q3,133735000000.0,18289000000.0,2954000000.0,2946000000.0,4628000000.0,69926000000.0,79970000000.0,0.04213025198066527,0.0422446586391328,0.1367555239839982,0.5979736045163944,0.06618425192346195,0.6716310869929001,-0.28420513870406383,0.868437697659709,-0.583415597235933,0.040196940116826285
TSLA,2025-12-31,2026.0,Q1,137806000000.0,16513000000.0,3794000000.0,4355000000.0,6411000000.0,94827000000.0,82137000000.0,0.04592573845001951,0.04000970187815706,0.11982787396775177,0.5960335544170791,0.06760732702711253,0.3561050253124731,3.9044220325833976,0.28436018957345977,8.276283618581907,0.030440797098740147
TSLA,2026-03-31,2026.0,Q1,143724000000.0,16603000000.0,477000000.0,941000000.0,1946000000.0,22387000000.0,84116000000.0,0.04203332291061777,0.02130700853173717,0.11552002449138626,0.5852606384459103,0.08692544780452942,-0.7639174496715071,-0.46482273911692285,-0.8742751713231418,-0.698292220113852,0.04294442912500185
